product_id,product_name,category,sub_category,brand,unit_price,stock_quantity,rating
PROD00001,Product_00001,Sports,Fitness Equipment,Orion,446.04,266,4.5
PROD00002,Product_00002,Electronics,Laptop,Vertex,594.89,436,3.8
PROD00003,Product_00003,Books,Non-Fiction,UrbanX,814.08,229,4.9
PROD00004,Product_00004,Fashion,Jeans,PrimeTech,254.57,291,4.7
PROD00005,Product_00005,Home,Chair,Vertex,350.36,451,4.5
PROD00006,Product_00006,Fashion,T-Shirt,UrbanX,253.04,30,3.1
PROD00007,Product_00007,Home,Chair,UrbanX,353.33,50,4.4
PROD00008,Product_00008,Fashion,T-Shirt,Nova,584.1,483,4.1
PROD00009,Product_00009,Beauty,Skincare,Apex,852.34,221,3.1
PROD00010,Product_00010,Books,Comics,Vertex,672.11,331,3.1
PROD00011,Product_00011,Fashion,Jeans,UrbanX,399.55,347,4.7
PROD00012,Product_00012,Home,Chair,Vertex,395.69,300,3.1
PROD00013,Product_00013,Electronics,Smartphone,Vertex,1222.61,308,4.4
PROD00014,Product_00014,Electronics,Smartphone,Nova,1098.61,103,3.4
PROD00015,Product_00015,Fashion,Jacket,Nova,778.2,417,2.6
PROD00016,Product_00016,Sports,Sportswear,Apex,300.49,148,3.3
PROD00017,Product_00017,Books,Fiction,Vertex,714.65,444,3.1
PROD00018,Product_00018,Sports,Running Gear,Zenith,189.63,323,3.9
PROD00019,Product_00019,Sports,Running Gear,Nova,327.42,191,5.0
PROD00020,Product_00020,Beauty,Makeup,Nova,884.28,303,4.1
PROD00021,Product_00021,Books,Comics,Vertex,246.23,65,3.9
PROD00022,Product_00022,Sports,Fitness Equipment,Zenith,1369.49,372,4.7
PROD00023,Product_00023,Electronics,Smartwatch,Vertex,1432.41,408,3.5
PROD00024,Product_00024,Electronics,Smartphone,Vertex,791.25,306,3.5
PROD00025,Product_00025,Fashion,Shoes,Orion,319.84,0,3.7
PROD00026,Product_00026,Fashion,Jacket,Orion,511.26,224,3.8
PROD00027,Product_00027,Books,Academic,Orion,273.29,258,2.9
PROD00028,Product_00028,Electronics,Laptop,Nova,568.11,117,3.7
PROD00029,Product_00029,Fashion,Jeans,Orion,137.24,185,2.5
PROD00030,Product_00030,Books,Comics,Orion,350.23,158,4.5
PROD00031,Product_00031,Beauty,Haircare,Apex,1125.66,444,4.9
PROD00032,Product_00032,Electronics,Smartwatch,Apex,333.06,179,4.4
PROD00033,Product_00033,Home,Kitchen Appliance,Zenith,450.99,369,3.8
PROD00034,Product_00034,Fashion,Shoes,PrimeTech,421.98,162,4.7
PROD00035,Product_00035,Home,Chair,Zenith,731.27,397,5.0
PROD00036,Product_00036,Sports,Running Gear,Apex,267.44,140,3.8
PROD00037,Product_00037,Books,Academic,Vertex,239.21,130,2.6
PROD00038,Product_00038,Fashion,T-Shirt,Orion,2745.41,116,2.5
PROD00039,Product_00039,Electronics,Smartphone,Zenith,289.99,298,3.6
PROD00040,Product_00040,Electronics,Smartwatch,PrimeTech,650.41,339,3.2
PROD00041,Product_00041,Beauty,Haircare,Nova,1819.56,445,4.7
PROD00042,Product_00042,Beauty,Fragrance,Zenith,558.0,242,3.3
PROD00043,Product_00043,Beauty,Skincare,UrbanX,818.16,77,3.7
PROD00044,Product_00044,Electronics,Headphones,PrimeTech,233.25,466,3.7
PROD00045,Product_00045,Fashion,T-Shirt,Vertex,467.06,23,4.0
PROD00046,Product_00046,Beauty,Fragrance,PrimeTech,544.76,89,3.3
PROD00047,Product_00047,Books,Fiction,Zenith,465.05,425,4.3
PROD00048,Product_00048,Sports,Fitness Equipment,PrimeTech,812.48,322,4.0
PROD00049,Product_00049,Beauty,Haircare,Vertex,172.91,330,4.8
PROD00050,Product_00050,Sports,Running Gear,Apex,297.09,373,4.0
PROD00051,Product_00051,Fashion,T-Shirt,Vertex,399.85,179,3.7
PROD00052,Product_00052,Beauty,Skincare,Vertex,369.01,490,2.9
PROD00053,Product_00053,Beauty,Skincare,Zenith,619.77,66,4.2
PROD00054,Product_00054,Sports,Fitness Equipment,UrbanX,192.96,495,4.4
PROD00055,Product_00055,Electronics,Headphones,UrbanX,535.0,50,2.6
PROD00056,Product_00056,Books,Fiction,Vertex,99.0,90,2.7
PROD00057,Product_00057,Home,Table,Apex,245.27,381,4.7
PROD00058,Product_00058,Beauty,Skincare,Nova,1023.52,164,4.9
PROD00059,Product_00059,Fashion,T-Shirt,Nova,497.08,49,3.6
PROD00060,Product_00060,Home,Lamp,PrimeTech,217.23,388,2.7
PROD00061,Product_00061,Sports,Fitness Equipment,Orion,313.8,151,4.4
PROD00062,Product_00062,Electronics,Headphones,Nova,99.0,91,2.5
PROD00063,Product_00063,Electronics,Smartphone,Nova,374.6,411,4.7
PROD00064,Product_00064,Books,Comics,Vertex,745.86,197,3.7
PROD00065,Product_00065,Beauty,Fragrance,UrbanX,1306.45,315,3.1
PROD00066,Product_00066,Sports,Sportswear,PrimeTech,428.62,350,3.9
PROD00067,Product_00067,Books,Non-Fiction,Nova,1289.26,52,3.7
PROD00068,Product_00068,Home,Lamp,Vertex,400.06,408,4.8
PROD00069,Product_00069,Fashion,T-Shirt,Vertex,482.34,290,4.1
PROD00070,Product_00070,Electronics,Smartwatch,PrimeTech,215.9,432,4.2
PROD00071,Product_00071,Fashion,Jeans,Zenith,789.7,117,4.8
PROD00072,Product_00072,Books,Academic,Orion,191.65,222,3.4
PROD00073,Product_00073,Books,Academic,Orion,531.73,421,2.7
PROD00074,Product_00074,Beauty,Makeup,UrbanX,421.14,421,3.5
PROD00075,Product_00075,Beauty,Fragrance,Vertex,303.1,206,4.6
PROD00076,Product_00076,Fashion,T-Shirt,UrbanX,2816.41,20,4.3
PROD00077,Product_00077,Fashion,Jacket,Orion,1206.49,337,2.8
PROD00078,Product_00078,Books,Academic,Zenith,108.67,453,4.6
PROD00079,Product_00079,Electronics,Headphones,Nova,219.36,470,4.7
PROD00080,Product_00080,Sports,Outdoor Gear,Zenith,1605.13,249,3.4
PROD00081,Product_00081,Electronics,Headphones,Orion,341.19,141,4.8
PROD00082,Product_00082,Home,Chair,Apex,1122.23,268,4.6
PROD00083,Product_00083,Beauty,Fragrance,PrimeTech,172.95,394,4.1
PROD00084,Product_00084,Electronics,Headphones,Zenith,1740.34,328,2.9
PROD00085,Product_00085,Fashion,Shoes,Vertex,349.41,498,3.7
PROD00086,Product_00086,Books,Comics,Vertex,2016.15,256,4.5
PROD00087,Product_00087,Electronics,Laptop,Orion,558.77,247,4.3
PROD00088,Product_00088,Sports,Fitness Equipment,Apex,1195.34,372,3.5
PROD00089,Product_00089,Home,Kitchen Appliance,PrimeTech,1425.19,193,4.8
PROD00090,Product_00090,Sports,Running Gear,Vertex,614.36,222,4.7
PROD00091,Product_00091,Sports,Outdoor Gear,Nova,335.62,202,3.7
PROD00092,Product_00092,Sports,Running Gear,Orion,468.69,134,3.7
PROD00093,Product_00093,Fashion,Shoes,Orion,1186.01,398,4.7
PROD00094,Product_00094,Electronics,Smartphone,Apex,295.58,149,4.4
PROD00095,Product_00095,Beauty,Fragrance,Zenith,413.17,73,4.0
PROD00096,Product_00096,Sports,Sportswear,PrimeTech,1018.52,401,3.4
PROD00097,Product_00097,Books,Fiction,Vertex,492.21,8,3.4
PROD00098,Product_00098,Electronics,Smartwatch,Zenith,839.06,144,4.8
PROD00099,Product_00099,Fashion,Shoes,Vertex,1867.3,254,3.3
PROD00100,Product_00100,Fashion,Jeans,Nova,2281.05,263,3.6
PROD00101,Product_00101,Fashion,Jacket,PrimeTech,1332.45,121,4.1
PROD00102,Product_00102,Beauty,Haircare,Apex,195.56,223,4.9
PROD00103,Product_00103,Fashion,T-Shirt,Zenith,306.46,360,3.1
PROD00104,Product_00104,Books,Fiction,PrimeTech,223.17,301,2.7
PROD00105,Product_00105,Electronics,Smartwatch,PrimeTech,756.94,3,2.9
PROD00106,Product_00106,Beauty,Fragrance,UrbanX,197.59,29,4.9
PROD00107,Product_00107,Sports,Sportswear,Apex,881.93,134,3.4
PROD00108,Product_00108,Beauty,Fragrance,Orion,246.28,55,3.5
PROD00109,Product_00109,Fashion,Jacket,Apex,435.34,49,2.7
PROD00110,Product_00110,Books,Comics,Apex,744.97,106,3.5
PROD00111,Product_00111,Books,Fiction,Orion,477.3,102,4.7
PROD00112,Product_00112,Fashion,T-Shirt,UrbanX,225.14,318,2.5
PROD00113,Product_00113,Beauty,Skincare,Vertex,738.16,294,3.0
PROD00114,Product_00114,Books,Fiction,UrbanX,417.64,206,3.8
PROD00115,Product_00115,Beauty,Fragrance,Orion,1216.55,181,4.0
PROD00116,Product_00116,Electronics,Headphones,Vertex,312.64,59,4.0
PROD00117,Product_00117,Fashion,Jeans,Orion,419.69,227,4.8
PROD00118,Product_00118,Beauty,Skincare,PrimeTech,309.85,408,3.5
PROD00119,Product_00119,Home,Chair,Vertex,111.95,37,2.7
PROD00120,Product_00120,Electronics,Headphones,Apex,99.0,166,3.6
PROD00121,Product_00121,Beauty,Skincare,Orion,387.03,392,3.4
PROD00122,Product_00122,Fashion,T-Shirt,Nova,1065.39,326,4.9
PROD00123,Product_00123,Electronics,Headphones,Zenith,499.39,474,4.1
PROD00124,Product_00124,Home,Kitchen Appliance,Orion,564.61,454,3.6
PROD00125,Product_00125,Books,Non-Fiction,Vertex,1479.67,184,2.9
PROD00126,Product_00126,Beauty,Skincare,Apex,226.86,427,3.0
PROD00127,Product_00127,Home,Chair,Orion,683.6,92,4.6
PROD00128,Product_00128,Beauty,Makeup,Apex,232.5,256,3.9
PROD00129,Product_00129,Beauty,Makeup,Apex,253.84,170,2.8
PROD00130,Product_00130,Home,Table,UrbanX,317.91,481,3.1
PROD00131,Product_00131,Books,Fiction,UrbanX,196.68,81,4.2
PROD00132,Product_00132,Home,Chair,UrbanX,532.92,357,3.8
PROD00133,Product_00133,Fashion,Jacket,UrbanX,1526.31,492,3.5
PROD00134,Product_00134,Beauty,Skincare,Vertex,544.52,293,4.5
PROD00135,Product_00135,Beauty,Fragrance,UrbanX,1449.63,10,3.7
PROD00136,Product_00136,Home,Table,Apex,1814.8,378,4.8
PROD00137,Product_00137,Home,Chair,Orion,450.52,390,4.9
PROD00138,Product_00138,Beauty,Haircare,Nova,235.59,288,4.6
PROD00139,Product_00139,Sports,Running Gear,UrbanX,1459.52,376,4.3
PROD00140,Product_00140,Sports,Running Gear,UrbanX,1190.66,472,3.1
PROD00141,Product_00141,Books,Non-Fiction,Orion,607.86,260,3.2
PROD00142,Product_00142,Books,Fiction,Orion,381.48,325,4.1
PROD00143,Product_00143,Fashion,Shoes,Apex,600.13,273,3.3
PROD00144,Product_00144,Sports,Sportswear,Zenith,1721.51,22,4.0
PROD00145,Product_00145,Beauty,Haircare,Vertex,1814.21,349,4.5
PROD00146,Product_00146,Sports,Running Gear,Zenith,242.23,234,4.7
PROD00147,Product_00147,Home,Kitchen Appliance,Nova,215.56,345,2.6
PROD00148,Product_00148,Home,Lamp,Nova,1558.77,359,4.1
PROD00149,Product_00149,Home,Lamp,UrbanX,764.24,299,4.6
PROD00150,Product_00150,Electronics,Headphones,Nova,1214.31,308,2.6
PROD00151,Product_00151,Beauty,Skincare,Nova,883.86,182,3.7
PROD00152,Product_00152,Sports,Sportswear,PrimeTech,315.09,116,3.9
PROD00153,Product_00153,Sports,Fitness Equipment,UrbanX,282.28,339,3.3
PROD00154,Product_00154,Sports,Outdoor Gear,Vertex,1579.85,250,3.7
PROD00155,Product_00155,Fashion,Jeans,Orion,733.07,377,2.6
PROD00156,Product_00156,Books,Comics,Zenith,671.34,401,2.9
PROD00157,Product_00157,Home,Table,Zenith,414.04,467,4.8
PROD00158,Product_00158,Sports,Fitness Equipment,PrimeTech,896.66,150,3.2
PROD00159,Product_00159,Sports,Outdoor Gear,Zenith,1003.81,69,2.7
PROD00160,Product_00160,Sports,Outdoor Gear,Apex,527.5,271,4.2
PROD00161,Product_00161,Electronics,Laptop,Vertex,465.58,482,4.9
PROD00162,Product_00162,Electronics,Smartphone,Nova,215.07,463,3.5
PROD00163,Product_00163,Books,Fiction,Vertex,386.18,11,5.0
PROD00164,Product_00164,Sports,Running Gear,Zenith,238.64,151,3.7
PROD00165,Product_00165,Books,Fiction,Zenith,407.2,439,3.0
PROD00166,Product_00166,Sports,Sportswear,UrbanX,453.65,485,3.7
PROD00167,Product_00167,Home,Table,Apex,1571.13,120,3.0
PROD00168,Product_00168,Books,Non-Fiction,Vertex,454.67,240,3.0
PROD00169,Product_00169,Electronics,Smartwatch,Apex,582.74,288,4.3
PROD00170,Product_00170,Beauty,Skincare,Orion,557.52,467,5.0
PROD00171,Product_00171,Electronics,Laptop,Orion,3215.92,360,3.4
PROD00172,Product_00172,Sports,Sportswear,Zenith,604.46,128,4.1
PROD00173,Product_00173,Books,Academic,Zenith,749.27,155,2.9
PROD00174,Product_00174,Fashion,T-Shirt,Orion,2366.4,452,3.2
PROD00175,Product_00175,Electronics,Headphones,Orion,515.76,383,3.5
PROD00176,Product_00176,Beauty,Makeup,Zenith,305.32,116,4.5
PROD00177,Product_00177,Sports,Outdoor Gear,Zenith,2314.23,214,4.1
PROD00178,Product_00178,Electronics,Laptop,Vertex,1623.97,354,2.6
PROD00179,Product_00179,Electronics,Smartwatch,UrbanX,285.27,273,3.0
PROD00180,Product_00180,Home,Chair,PrimeTech,2067.4,446,3.0
PROD00181,Product_00181,Sports,Running Gear,Vertex,168.65,131,3.2
PROD00182,Product_00182,Electronics,Headphones,Apex,1284.58,90,2.8
PROD00183,Product_00183,Home,Table,Nova,1868.45,37,2.9
PROD00184,Product_00184,Beauty,Haircare,Vertex,755.7,424,4.5
PROD00185,Product_00185,Electronics,Smartphone,Orion,737.1,293,3.0
PROD00186,Product_00186,Fashion,Shoes,Vertex,527.04,232,2.6
PROD00187,Product_00187,Beauty,Haircare,Apex,1211.06,279,4.1
PROD00188,Product_00188,Beauty,Haircare,Apex,854.27,271,4.8
PROD00189,Product_00189,Beauty,Haircare,Zenith,260.71,245,4.4
PROD00190,Product_00190,Electronics,Laptop,Apex,358.48,431,3.1
PROD00191,Product_00191,Electronics,Headphones,Vertex,251.09,19,4.8
PROD00192,Product_00192,Beauty,Skincare,UrbanX,483.8,456,4.1
PROD00193,Product_00193,Fashion,Jeans,Vertex,1500.42,326,4.3
PROD00194,Product_00194,Books,Academic,Orion,935.25,259,4.9
PROD00195,Product_00195,Sports,Fitness Equipment,Nova,281.3,252,3.0
PROD00196,Product_00196,Beauty,Fragrance,Zenith,155.31,406,3.6
PROD00197,Product_00197,Beauty,Skincare,Nova,896.58,290,3.0
PROD00198,Product_00198,Beauty,Haircare,UrbanX,1246.65,281,3.2
PROD00199,Product_00199,Beauty,Haircare,Zenith,250.19,321,3.1
PROD00200,Product_00200,Beauty,Makeup,PrimeTech,1033.04,26,4.1
PROD00201,Product_00201,Home,Kitchen Appliance,PrimeTech,502.27,218,3.9
PROD00202,Product_00202,Fashion,Jeans,Zenith,304.04,80,2.8
PROD00203,Product_00203,Beauty,Makeup,Nova,687.58,217,2.7
PROD00204,Product_00204,Fashion,T-Shirt,Vertex,860.42,319,2.8
PROD00205,Product_00205,Home,Lamp,Zenith,402.53,127,2.9
PROD00206,Product_00206,Fashion,Jeans,UrbanX,288.76,161,2.8
PROD00207,Product_00207,Electronics,Smartwatch,Nova,1842.17,254,2.6
PROD00208,Product_00208,Fashion,T-Shirt,Apex,754.35,235,3.5
PROD00209,Product_00209,Sports,Running Gear,Zenith,423.5,117,2.8
PROD00210,Product_00210,Books,Non-Fiction,PrimeTech,279.88,222,2.8
PROD00211,Product_00211,Sports,Outdoor Gear,Vertex,4730.24,88,4.5
PROD00212,Product_00212,Sports,Outdoor Gear,PrimeTech,1014.78,419,2.9
PROD00213,Product_00213,Beauty,Haircare,PrimeTech,1027.61,335,3.6
PROD00214,Product_00214,Fashion,Jacket,Apex,1145.12,254,3.3
PROD00215,Product_00215,Electronics,Headphones,Apex,523.11,415,4.3
PROD00216,Product_00216,Beauty,Haircare,PrimeTech,680.14,235,3.1
PROD00217,Product_00217,Electronics,Headphones,Nova,300.05,29,3.8
PROD00218,Product_00218,Electronics,Smartwatch,Orion,301.26,452,4.5
PROD00219,Product_00219,Sports,Fitness Equipment,Orion,323.99,105,3.0
PROD00220,Product_00220,Home,Lamp,PrimeTech,331.89,178,4.0
PROD00221,Product_00221,Beauty,Haircare,UrbanX,528.98,304,3.6
PROD00222,Product_00222,Books,Academic,Apex,213.75,341,4.5
PROD00223,Product_00223,Books,Academic,Vertex,231.92,171,2.9
PROD00224,Product_00224,Sports,Outdoor Gear,Orion,780.05,262,2.6
PROD00225,Product_00225,Sports,Running Gear,PrimeTech,296.7,67,3.3
PROD00226,Product_00226,Books,Academic,Zenith,1520.74,444,4.6
PROD00227,Product_00227,Books,Non-Fiction,Zenith,511.95,447,3.6
PROD00228,Product_00228,Electronics,Laptop,Apex,1476.72,52,3.0
PROD00229,Product_00229,Sports,Running Gear,Orion,865.94,152,4.6
PROD00230,Product_00230,Beauty,Haircare,Orion,1050.01,255,3.9
PROD00231,Product_00231,Home,Chair,PrimeTech,361.87,9,2.5
PROD00232,Product_00232,Beauty,Skincare,Apex,370.25,38,2.6
PROD00233,Product_00233,Home,Kitchen Appliance,Zenith,1166.76,416,2.9
PROD00234,Product_00234,Fashion,Jeans,PrimeTech,1794.04,364,3.5
PROD00235,Product_00235,Books,Academic,PrimeTech,241.81,274,2.8
PROD00236,Product_00236,Beauty,Fragrance,Orion,432.94,222,4.2
PROD00237,Product_00237,Beauty,Makeup,PrimeTech,1230.53,393,3.5
PROD00238,Product_00238,Home,Table,Apex,443.87,481,4.3
PROD00239,Product_00239,Beauty,Haircare,PrimeTech,175.33,119,2.9
PROD00240,Product_00240,Fashion,Jacket,Apex,376.3,99,4.4
PROD00241,Product_00241,Home,Kitchen Appliance,PrimeTech,390.99,170,2.9
PROD00242,Product_00242,Home,Kitchen Appliance,Vertex,1609.01,65,4.6
PROD00243,Product_00243,Electronics,Smartwatch,Orion,620.82,210,2.9
PROD00244,Product_00244,Home,Kitchen Appliance,PrimeTech,427.42,380,3.6
PROD00245,Product_00245,Electronics,Smartwatch,Vertex,656.69,168,3.7
PROD00246,Product_00246,Fashion,T-Shirt,Apex,1066.96,201,2.5
PROD00247,Product_00247,Sports,Fitness Equipment,Apex,553.8,314,4.4
PROD00248,Product_00248,Home,Chair,Apex,311.21,273,4.1
PROD00249,Product_00249,Books,Non-Fiction,Zenith,212.44,452,3.2
PROD00250,Product_00250,Beauty,Haircare,PrimeTech,1772.06,213,3.0
PROD00251,Product_00251,Beauty,Fragrance,Zenith,1055.94,171,2.9
PROD00252,Product_00252,Sports,Fitness Equipment,Zenith,333.74,246,4.1
PROD00253,Product_00253,Beauty,Haircare,UrbanX,575.89,44,3.9
PROD00254,Product_00254,Home,Lamp,UrbanX,2099.11,241,3.2
PROD00255,Product_00255,Books,Non-Fiction,Apex,216.62,128,3.7
PROD00256,Product_00256,Books,Academic,Vertex,463.73,474,3.2
PROD00257,Product_00257,Beauty,Skincare,Zenith,255.8,117,3.0
PROD00258,Product_00258,Beauty,Makeup,Nova,598.04,395,4.4
PROD00259,Product_00259,Beauty,Haircare,Apex,783.73,118,2.6
PROD00260,Product_00260,Electronics,Smartwatch,Apex,1421.2,275,3.9
PROD00261,Product_00261,Fashion,Jacket,UrbanX,559.48,310,4.7
PROD00262,Product_00262,Electronics,Smartwatch,Zenith,1233.28,449,2.6
PROD00263,Product_00263,Beauty,Makeup,Orion,422.23,228,4.9
PROD00264,Product_00264,Beauty,Haircare,UrbanX,225.45,50,3.2
PROD00265,Product_00265,Fashion,Shoes,Zenith,383.7,203,4.9
PROD00266,Product_00266,Beauty,Makeup,Nova,573.67,359,2.9
PROD00267,Product_00267,Beauty,Makeup,UrbanX,181.62,188,3.6
PROD00268,Product_00268,Books,Academic,Apex,1369.33,162,3.0
PROD00269,Product_00269,Beauty,Haircare,Nova,403.0,158,3.3
PROD00270,Product_00270,Home,Chair,PrimeTech,375.17,362,3.2
PROD00271,Product_00271,Books,Non-Fiction,Vertex,1327.0,13,3.2
PROD00272,Product_00272,Beauty,Fragrance,UrbanX,671.9,291,3.8
PROD00273,Product_00273,Books,Fiction,PrimeTech,366.5,319,4.4
PROD00274,Product_00274,Home,Lamp,Apex,198.62,186,2.9
PROD00275,Product_00275,Electronics,Smartwatch,UrbanX,277.98,90,3.6
PROD00276,Product_00276,Fashion,Jacket,Apex,535.69,348,4.4
PROD00277,Product_00277,Beauty,Fragrance,Zenith,287.81,26,2.5
PROD00278,Product_00278,Books,Fiction,Apex,1594.46,263,2.9
PROD00279,Product_00279,Home,Table,Vertex,986.75,97,3.1
PROD00280,Product_00280,Beauty,Fragrance,Zenith,496.93,392,4.0
PROD00281,Product_00281,Sports,Running Gear,Vertex,663.33,108,4.0
PROD00282,Product_00282,Home,Table,Nova,821.35,50,4.3
PROD00283,Product_00283,Electronics,Laptop,Nova,620.75,453,4.5
PROD00284,Product_00284,Beauty,Haircare,Apex,568.08,209,3.7
PROD00285,Product_00285,Books,Academic,Nova,761.56,15,4.0
PROD00286,Product_00286,Fashion,Shoes,Vertex,832.17,317,3.6
PROD00287,Product_00287,Electronics,Smartwatch,Apex,265.69,181,3.1
PROD00288,Product_00288,Home,Table,UrbanX,581.65,387,2.6
PROD00289,Product_00289,Books,Academic,UrbanX,806.39,141,4.3
PROD00290,Product_00290,Sports,Sportswear,Nova,1160.18,86,4.0
PROD00291,Product_00291,Books,Comics,Vertex,1204.25,245,2.9
PROD00292,Product_00292,Beauty,Makeup,Orion,749.43,76,4.7
PROD00293,Product_00293,Home,Kitchen Appliance,Orion,544.44,394,3.2
PROD00294,Product_00294,Sports,Fitness Equipment,Zenith,887.9,473,3.3
PROD00295,Product_00295,Sports,Sportswear,Zenith,1525.16,275,4.7
PROD00296,Product_00296,Sports,Running Gear,Nova,385.24,498,3.0
PROD00297,Product_00297,Beauty,Fragrance,Orion,193.84,453,3.2
PROD00298,Product_00298,Home,Lamp,PrimeTech,345.08,388,2.9
PROD00299,Product_00299,Sports,Fitness Equipment,Vertex,543.22,262,4.4
PROD00300,Product_00300,Beauty,Makeup,Orion,275.11,143,4.0
PROD00301,Product_00301,Electronics,Headphones,Vertex,1005.17,182,4.5
PROD00302,Product_00302,Fashion,T-Shirt,Apex,1195.19,412,3.6
PROD00303,Product_00303,Electronics,Laptop,PrimeTech,2281.17,398,3.2
PROD00304,Product_00304,Fashion,Jacket,Apex,360.38,420,3.3
PROD00305,Product_00305,Books,Non-Fiction,Zenith,421.73,286,4.4
PROD00306,Product_00306,Books,Academic,Apex,688.3,75,4.1
PROD00307,Product_00307,Fashion,Jeans,Orion,370.09,86,3.3
PROD00308,Product_00308,Sports,Outdoor Gear,PrimeTech,1676.12,250,3.3
PROD00309,Product_00309,Books,Fiction,Nova,474.5,404,2.9
PROD00310,Product_00310,Fashion,T-Shirt,UrbanX,484.04,452,4.5
PROD00311,Product_00311,Home,Kitchen Appliance,Apex,723.95,239,4.2
PROD00312,Product_00312,Electronics,Smartphone,PrimeTech,806.27,488,3.9
PROD00313,Product_00313,Books,Non-Fiction,Zenith,176.37,165,4.2
PROD00314,Product_00314,Electronics,Smartphone,Nova,366.55,123,3.6
PROD00315,Product_00315,Books,Non-Fiction,UrbanX,587.14,146,4.2
PROD00316,Product_00316,Home,Lamp,PrimeTech,245.63,357,4.8
PROD00317,Product_00317,Books,Comics,Nova,417.18,288,2.7
PROD00318,Product_00318,Fashion,Jacket,Vertex,581.21,304,2.5
PROD00319,Product_00319,Electronics,Headphones,Orion,396.85,181,3.0
PROD00320,Product_00320,Home,Table,Apex,1235.47,430,5.0
PROD00321,Product_00321,Books,Fiction,Apex,386.32,279,3.1
PROD00322,Product_00322,Home,Chair,UrbanX,290.03,154,2.7
PROD00323,Product_00323,Sports,Fitness Equipment,PrimeTech,820.3,490,3.9
PROD00324,Product_00324,Electronics,Smartphone,Orion,99.0,23,4.0
PROD00325,Product_00325,Beauty,Makeup,Vertex,430.85,392,3.8
PROD00326,Product_00326,Electronics,Laptop,UrbanX,597.82,84,3.7
PROD00327,Product_00327,Electronics,Laptop,UrbanX,1049.17,404,2.9
PROD00328,Product_00328,Beauty,Fragrance,Zenith,665.73,149,4.2
PROD00329,Product_00329,Electronics,Smartwatch,PrimeTech,877.38,491,4.2
PROD00330,Product_00330,Sports,Running Gear,PrimeTech,290.55,350,3.7
PROD00331,Product_00331,Home,Chair,Zenith,310.66,218,3.8
PROD00332,Product_00332,Electronics,Headphones,Nova,394.18,250,2.9
PROD00333,Product_00333,Books,Academic,Nova,108.91,398,3.1
PROD00334,Product_00334,Books,Fiction,PrimeTech,1156.05,257,2.7
PROD00335,Product_00335,Books,Academic,PrimeTech,370.63,316,4.8
PROD00336,Product_00336,Electronics,Smartwatch,Apex,792.62,8,2.9
PROD00337,Product_00337,Beauty,Makeup,UrbanX,268.28,46,4.3
PROD00338,Product_00338,Fashion,Jacket,Nova,99.0,277,4.1
PROD00339,Product_00339,Electronics,Smartphone,Orion,361.58,274,5.0
PROD00340,Product_00340,Sports,Outdoor Gear,Nova,1205.77,446,3.9
PROD00341,Product_00341,Home,Table,Vertex,193.57,262,4.7
PROD00342,Product_00342,Fashion,Jeans,PrimeTech,479.46,146,3.3
PROD00343,Product_00343,Books,Non-Fiction,Vertex,163.73,277,3.1
PROD00344,Product_00344,Fashion,Jacket,PrimeTech,1170.47,367,4.8
PROD00345,Product_00345,Sports,Running Gear,Zenith,1111.65,477,4.6
PROD00346,Product_00346,Books,Comics,Nova,368.1,468,3.7
PROD00347,Product_00347,Sports,Sportswear,Zenith,469.77,83,4.5
PROD00348,Product_00348,Home,Lamp,UrbanX,1947.73,298,4.0
PROD00349,Product_00349,Beauty,Haircare,Nova,1327.65,306,4.1
PROD00350,Product_00350,Books,Academic,Orion,708.1,188,3.0
PROD00351,Product_00351,Books,Comics,Nova,5066.01,287,2.5
PROD00352,Product_00352,Home,Lamp,PrimeTech,343.65,245,3.4
PROD00353,Product_00353,Home,Lamp,Vertex,807.87,360,3.5
PROD00354,Product_00354,Beauty,Haircare,Orion,526.63,142,4.0
PROD00355,Product_00355,Electronics,Smartphone,Zenith,1342.26,304,3.5
PROD00356,Product_00356,Books,Comics,Zenith,1673.18,281,4.3
PROD00357,Product_00357,Electronics,Smartwatch,Zenith,1307.49,28,2.6
PROD00358,Product_00358,Fashion,T-Shirt,Zenith,485.42,228,4.4
PROD00359,Product_00359,Beauty,Fragrance,Nova,10631.76,209,3.6
PROD00360,Product_00360,Electronics,Smartwatch,PrimeTech,2218.81,376,4.4
PROD00361,Product_00361,Books,Academic,UrbanX,181.21,62,3.2
PROD00362,Product_00362,Electronics,Laptop,Nova,1587.68,145,3.6
PROD00363,Product_00363,Fashion,T-Shirt,Orion,904.72,295,4.2
PROD00364,Product_00364,Books,Non-Fiction,Zenith,512.41,335,3.6
PROD00365,Product_00365,Sports,Running Gear,Zenith,1029.71,477,3.5
PROD00366,Product_00366,Books,Comics,Zenith,458.36,306,4.4
PROD00367,Product_00367,Home,Lamp,Apex,409.57,422,3.8
PROD00368,Product_00368,Beauty,Skincare,PrimeTech,549.54,369,4.1
PROD00369,Product_00369,Home,Chair,Apex,1201.53,340,2.8
PROD00370,Product_00370,Electronics,Laptop,Zenith,903.1,422,4.7
PROD00371,Product_00371,Home,Chair,PrimeTech,255.6,150,4.9
PROD00372,Product_00372,Electronics,Headphones,PrimeTech,1627.48,439,4.3
PROD00373,Product_00373,Home,Chair,UrbanX,514.83,113,3.1
PROD00374,Product_00374,Electronics,Smartwatch,PrimeTech,435.25,298,3.1
PROD00375,Product_00375,Beauty,Makeup,PrimeTech,2498.59,345,5.0
PROD00376,Product_00376,Electronics,Headphones,PrimeTech,223.86,470,3.4
PROD00377,Product_00377,Fashion,Jacket,Zenith,201.02,350,4.8
PROD00378,Product_00378,Electronics,Smartwatch,UrbanX,742.07,3,4.9
PROD00379,Product_00379,Beauty,Fragrance,Orion,243.53,347,3.7
PROD00380,Product_00380,Books,Academic,Apex,943.8,214,4.1
PROD00381,Product_00381,Sports,Fitness Equipment,Nova,578.52,474,4.5
PROD00382,Product_00382,Sports,Sportswear,PrimeTech,508.47,128,3.9
PROD00383,Product_00383,Books,Fiction,PrimeTech,2654.78,145,4.9
PROD00384,Product_00384,Home,Lamp,Vertex,1078.86,373,3.7
PROD00385,Product_00385,Beauty,Fragrance,Vertex,2572.49,256,4.1
PROD00386,Product_00386,Beauty,Fragrance,Vertex,233.98,202,3.0
PROD00387,Product_00387,Beauty,Skincare,Nova,1313.62,500,2.8
PROD00388,Product_00388,Sports,Fitness Equipment,Orion,151.02,449,4.8
PROD00389,Product_00389,Books,Comics,Nova,395.42,278,2.7
PROD00390,Product_00390,Electronics,Smartphone,Zenith,175.53,88,2.5
PROD00391,Product_00391,Electronics,Laptop,PrimeTech,527.66,391,3.3
PROD00392,Product_00392,Fashion,Jacket,PrimeTech,1079.44,494,2.7
PROD00393,Product_00393,Home,Table,Vertex,805.05,135,2.6
PROD00394,Product_00394,Beauty,Makeup,Orion,1993.46,32,2.8
PROD00395,Product_00395,Beauty,Makeup,UrbanX,467.02,469,3.6
PROD00396,Product_00396,Books,Fiction,Apex,365.43,106,4.6
PROD00397,Product_00397,Electronics,Smartwatch,Zenith,653.07,306,2.7
PROD00398,Product_00398,Sports,Outdoor Gear,PrimeTech,348.59,216,4.9
PROD00399,Product_00399,Beauty,Skincare,Apex,1030.39,81,4.5
PROD00400,Product_00400,Home,Lamp,PrimeTech,297.6,379,4.9
PROD00401,Product_00401,Books,Comics,Apex,267.07,206,3.6
PROD00402,Product_00402,Sports,Running Gear,Nova,400.35,208,3.6
PROD00403,Product_00403,Beauty,Haircare,Orion,154.52,319,4.5
PROD00404,Product_00404,Electronics,Laptop,Orion,1417.51,406,3.6
PROD00405,Product_00405,Beauty,Skincare,Nova,689.41,192,4.7
PROD00406,Product_00406,Home,Chair,Nova,946.78,7,2.9
PROD00407,Product_00407,Electronics,Headphones,Apex,420.26,265,5.0
PROD00408,Product_00408,Beauty,Skincare,UrbanX,775.56,162,2.9
PROD00409,Product_00409,Beauty,Haircare,Apex,471.36,41,3.1
PROD00410,Product_00410,Books,Comics,Vertex,362.49,275,4.7
PROD00411,Product_00411,Fashion,Jeans,Vertex,263.46,370,3.4
PROD00412,Product_00412,Sports,Outdoor Gear,Vertex,5724.48,123,2.8
PROD00413,Product_00413,Books,Comics,Vertex,2186.58,464,4.9
PROD00414,Product_00414,Fashion,Jeans,Orion,632.91,298,3.4
PROD00415,Product_00415,Beauty,Haircare,PrimeTech,1473.65,252,3.0
PROD00416,Product_00416,Fashion,Jacket,Apex,368.43,54,4.3
PROD00417,Product_00417,Home,Lamp,PrimeTech,785.0,437,3.7
PROD00418,Product_00418,Fashion,T-Shirt,UrbanX,1086.74,349,3.5
PROD00419,Product_00419,Home,Lamp,Zenith,1360.76,155,3.0
PROD00420,Product_00420,Sports,Outdoor Gear,PrimeTech,700.6,40,4.9
PROD00421,Product_00421,Sports,Running Gear,UrbanX,246.03,100,3.6
PROD00422,Product_00422,Electronics,Laptop,Apex,301.99,329,4.7
PROD00423,Product_00423,Beauty,Haircare,Orion,1207.13,243,3.9
PROD00424,Product_00424,Home,Chair,PrimeTech,480.86,192,3.5
PROD00425,Product_00425,Electronics,Smartphone,Zenith,426.23,86,4.0
PROD00426,Product_00426,Beauty,Haircare,Orion,320.71,257,3.4
PROD00427,Product_00427,Electronics,Smartwatch,Nova,584.79,197,2.9
PROD00428,Product_00428,Fashion,T-Shirt,Orion,887.07,279,4.2
PROD00429,Product_00429,Fashion,Jeans,Orion,758.63,434,4.0
PROD00430,Product_00430,Sports,Fitness Equipment,Zenith,481.86,6,3.8
PROD00431,Product_00431,Home,Table,Vertex,259.82,160,4.9
PROD00432,Product_00432,Sports,Running Gear,Nova,1108.9,230,2.9
PROD00433,Product_00433,Books,Academic,Orion,202.94,483,3.6
PROD00434,Product_00434,Electronics,Smartphone,Orion,891.0,482,3.3
PROD00435,Product_00435,Books,Fiction,Vertex,380.41,236,4.1
PROD00436,Product_00436,Sports,Outdoor Gear,Zenith,274.34,187,4.0
PROD00437,Product_00437,Books,Comics,UrbanX,515.8,372,4.7
PROD00438,Product_00438,Books,Non-Fiction,Nova,656.41,58,4.4
PROD00439,Product_00439,Fashion,Jacket,PrimeTech,942.46,426,4.7
PROD00440,Product_00440,Fashion,Jeans,UrbanX,200.89,339,4.0
PROD00441,Product_00441,Sports,Running Gear,PrimeTech,498.86,475,3.8
PROD00442,Product_00442,Books,Non-Fiction,Orion,382.52,342,4.1
PROD00443,Product_00443,Home,Table,Orion,1035.24,324,3.5
PROD00444,Product_00444,Sports,Sportswear,Apex,592.65,277,5.0
PROD00445,Product_00445,Sports,Running Gear,Apex,167.46,123,4.9
PROD00446,Product_00446,Sports,Running Gear,Vertex,501.0,113,4.4
PROD00447,Product_00447,Books,Academic,PrimeTech,285.41,253,3.2
PROD00448,Product_00448,Fashion,Jeans,UrbanX,554.88,326,4.1
PROD00449,Product_00449,Sports,Running Gear,Nova,305.97,262,4.3
PROD00450,Product_00450,Beauty,Haircare,PrimeTech,381.72,175,3.3
PROD00451,Product_00451,Beauty,Fragrance,Orion,785.23,203,3.9
PROD00452,Product_00452,Fashion,T-Shirt,Orion,348.9,24,2.6
PROD00453,Product_00453,Fashion,T-Shirt,PrimeTech,2252.81,44,4.2
PROD00454,Product_00454,Sports,Fitness Equipment,Zenith,1861.97,386,3.5
PROD00455,Product_00455,Fashion,T-Shirt,Orion,643.42,460,4.2
PROD00456,Product_00456,Sports,Fitness Equipment,Zenith,793.59,275,4.7
PROD00457,Product_00457,Beauty,Makeup,Nova,600.11,82,4.4
PROD00458,Product_00458,Books,Fiction,Nova,894.7,328,4.3
PROD00459,Product_00459,Fashion,T-Shirt,Orion,565.96,164,4.4
PROD00460,Product_00460,Books,Non-Fiction,Orion,2932.4,479,3.9
PROD00461,Product_00461,Fashion,T-Shirt,UrbanX,1183.24,46,3.7
PROD00462,Product_00462,Beauty,Fragrance,Nova,684.67,158,3.6
PROD00463,Product_00463,Beauty,Skincare,PrimeTech,1016.52,306,4.8
PROD00464,Product_00464,Fashion,Jeans,PrimeTech,232.88,170,3.4
PROD00465,Product_00465,Sports,Fitness Equipment,Vertex,391.94,76,4.3
PROD00466,Product_00466,Fashion,Shoes,Nova,990.12,203,3.4
PROD00467,Product_00467,Books,Fiction,Vertex,641.9,361,4.7
PROD00468,Product_00468,Home,Chair,UrbanX,1312.07,239,4.4
PROD00469,Product_00469,Fashion,T-Shirt,Vertex,465.72,351,3.5
PROD00470,Product_00470,Sports,Outdoor Gear,Nova,169.61,47,5.0
PROD00471,Product_00471,Beauty,Fragrance,Orion,197.41,230,3.2
PROD00472,Product_00472,Fashion,Jacket,Nova,667.35,426,2.6
PROD00473,Product_00473,Electronics,Smartwatch,Orion,295.34,385,3.5
PROD00474,Product_00474,Beauty,Fragrance,Vertex,813.27,418,3.6
PROD00475,Product_00475,Fashion,Jeans,Vertex,992.3,1,2.7
PROD00476,Product_00476,Electronics,Smartphone,Vertex,315.15,38,3.7
PROD00477,Product_00477,Home,Table,Nova,209.91,162,3.9
PROD00478,Product_00478,Fashion,Shoes,Orion,274.41,47,3.5
PROD00479,Product_00479,Beauty,Makeup,PrimeTech,1329.58,326,3.6
PROD00480,Product_00480,Fashion,Jeans,Nova,775.52,475,3.3
PROD00481,Product_00481,Electronics,Smartwatch,Nova,177.92,169,4.2
PROD00482,Product_00482,Sports,Fitness Equipment,Apex,894.62,345,2.9
PROD00483,Product_00483,Beauty,Fragrance,Nova,449.14,400,3.0
PROD00484,Product_00484,Electronics,Smartwatch,UrbanX,1582.31,448,4.1
PROD00485,Product_00485,Sports,Running Gear,Nova,889.14,79,3.7
PROD00486,Product_00486,Sports,Fitness Equipment,PrimeTech,873.54,411,4.9
PROD00487,Product_00487,Sports,Fitness Equipment,Apex,540.3,280,3.9
PROD00488,Product_00488,Electronics,Smartphone,Apex,472.64,382,3.7
PROD00489,Product_00489,Books,Comics,UrbanX,184.69,483,3.6
PROD00490,Product_00490,Books,Comics,Orion,663.36,39,3.9
PROD00491,Product_00491,Home,Chair,Zenith,509.12,386,2.7
PROD00492,Product_00492,Beauty,Fragrance,UrbanX,1310.37,486,4.4
PROD00493,Product_00493,Sports,Outdoor Gear,Apex,401.43,340,4.7
PROD00494,Product_00494,Electronics,Smartphone,Orion,815.91,0,3.8
PROD00495,Product_00495,Books,Comics,Nova,803.19,27,5.0
PROD00496,Product_00496,Books,Comics,UrbanX,801.76,424,2.7
PROD00497,Product_00497,Sports,Running Gear,Apex,1636.51,304,4.1
PROD00498,Product_00498,Electronics,Smartwatch,PrimeTech,446.2,225,4.6
PROD00499,Product_00499,Beauty,Haircare,Nova,653.65,188,3.4
PROD00500,Product_00500,Books,Non-Fiction,Apex,678.52,111,3.9
PROD00501,Product_00501,Fashion,Jeans,Vertex,960.19,170,2.7
PROD00502,Product_00502,Home,Kitchen Appliance,PrimeTech,313.93,401,4.5
PROD00503,Product_00503,Electronics,Smartwatch,Apex,1449.18,242,3.9
PROD00504,Product_00504,Books,Fiction,PrimeTech,562.18,298,2.9
PROD00505,Product_00505,Sports,Running Gear,Zenith,1622.96,12,3.2
PROD00506,Product_00506,Books,Fiction,Vertex,163.93,304,2.5
PROD00507,Product_00507,Electronics,Headphones,PrimeTech,226.1,452,3.4
PROD00508,Product_00508,Fashion,Jeans,PrimeTech,1359.25,137,3.0
PROD00509,Product_00509,Fashion,T-Shirt,Zenith,948.71,182,4.1
PROD00510,Product_00510,Home,Chair,PrimeTech,451.95,263,3.6
PROD00511,Product_00511,Fashion,Jeans,Apex,1712.53,221,3.3
PROD00512,Product_00512,Sports,Sportswear,PrimeTech,172.99,221,3.9
PROD00513,Product_00513,Beauty,Fragrance,UrbanX,399.28,246,3.5
PROD00514,Product_00514,Electronics,Headphones,UrbanX,767.37,276,4.1
PROD00515,Product_00515,Sports,Running Gear,Apex,248.49,231,4.7
PROD00516,Product_00516,Home,Lamp,Zenith,577.0,326,3.6
PROD00517,Product_00517,Sports,Sportswear,Vertex,467.33,454,4.1
PROD00518,Product_00518,Home,Kitchen Appliance,Orion,1278.4,239,4.5
PROD00519,Product_00519,Home,Chair,PrimeTech,228.57,112,4.3
PROD00520,Product_00520,Fashion,T-Shirt,Vertex,477.53,300,3.6
PROD00521,Product_00521,Fashion,Shoes,Zenith,824.51,124,3.0
PROD00522,Product_00522,Books,Fiction,Apex,296.52,438,3.5
PROD00523,Product_00523,Books,Comics,UrbanX,1743.26,218,5.0
PROD00524,Product_00524,Fashion,Jacket,Vertex,352.86,112,4.6
PROD00525,Product_00525,Sports,Sportswear,Orion,627.11,243,4.7
PROD00526,Product_00526,Books,Academic,Orion,684.34,242,3.6
PROD00527,Product_00527,Fashion,T-Shirt,Vertex,505.97,10,3.6
PROD00528,Product_00528,Electronics,Smartwatch,UrbanX,877.57,278,3.7
PROD00529,Product_00529,Home,Table,PrimeTech,1038.7,318,3.4
PROD00530,Product_00530,Home,Kitchen Appliance,Orion,1009.22,248,3.8
PROD00531,Product_00531,Books,Non-Fiction,Vertex,976.1,359,3.4
PROD00532,Product_00532,Fashion,Jeans,Nova,230.1,191,4.3
PROD00533,Product_00533,Electronics,Smartwatch,PrimeTech,514.03,330,2.9
PROD00534,Product_00534,Electronics,Headphones,PrimeTech,162.72,55,2.7
PROD00535,Product_00535,Electronics,Smartwatch,Nova,625.92,164,4.1
PROD00536,Product_00536,Sports,Outdoor Gear,PrimeTech,395.97,1,2.8
PROD00537,Product_00537,Fashion,Jacket,Apex,937.23,374,2.8
PROD00538,Product_00538,Home,Kitchen Appliance,Vertex,413.94,358,4.8
PROD00539,Product_00539,Home,Lamp,PrimeTech,425.96,325,2.8
PROD00540,Product_00540,Electronics,Headphones,Orion,386.58,63,4.9
PROD00541,Product_00541,Sports,Outdoor Gear,Apex,247.95,435,4.1
PROD00542,Product_00542,Home,Kitchen Appliance,UrbanX,953.74,11,4.0
PROD00543,Product_00543,Fashion,Shoes,Orion,891.94,19,4.6
PROD00544,Product_00544,Fashion,T-Shirt,PrimeTech,684.54,239,4.9
PROD00545,Product_00545,Electronics,Smartphone,Orion,1236.48,154,3.4
PROD00546,Product_00546,Beauty,Fragrance,Apex,1161.02,143,4.7
PROD00547,Product_00547,Books,Comics,Vertex,879.55,336,4.0
PROD00548,Product_00548,Fashion,Jeans,Apex,520.81,388,2.9
PROD00549,Product_00549,Home,Kitchen Appliance,PrimeTech,1036.29,411,2.7
PROD00550,Product_00550,Sports,Sportswear,Apex,683.91,346,2.6
PROD00551,Product_00551,Electronics,Smartphone,UrbanX,661.18,401,3.9
PROD00552,Product_00552,Books,Fiction,Apex,99.0,79,3.2
PROD00553,Product_00553,Sports,Outdoor Gear,Apex,398.79,255,4.4
PROD00554,Product_00554,Sports,Sportswear,UrbanX,274.4,242,3.8
PROD00555,Product_00555,Electronics,Smartwatch,PrimeTech,1301.68,110,2.7
PROD00556,Product_00556,Fashion,Jacket,Zenith,648.4,471,4.7
PROD00557,Product_00557,Books,Fiction,Zenith,992.63,214,4.7
PROD00558,Product_00558,Sports,Running Gear,PrimeTech,1175.46,327,4.3
PROD00559,Product_00559,Electronics,Smartwatch,PrimeTech,409.78,10,3.3
PROD00560,Product_00560,Books,Comics,Zenith,1249.67,37,3.7
PROD00561,Product_00561,Home,Lamp,Nova,600.98,413,4.1
PROD00562,Product_00562,Home,Lamp,Vertex,1281.24,11,4.4
PROD00563,Product_00563,Books,Academic,Zenith,779.48,289,4.0
PROD00564,Product_00564,Beauty,Skincare,UrbanX,928.31,61,2.5
PROD00565,Product_00565,Beauty,Fragrance,Orion,1205.76,216,3.6
PROD00566,Product_00566,Home,Lamp,Apex,170.34,471,4.9
PROD00567,Product_00567,Electronics,Smartwatch,Orion,1176.42,493,3.9
PROD00568,Product_00568,Fashion,Jacket,Zenith,1238.7,274,2.6
PROD00569,Product_00569,Sports,Outdoor Gear,Nova,165.73,253,4.1
PROD00570,Product_00570,Books,Academic,Vertex,3167.32,345,4.5
PROD00571,Product_00571,Electronics,Laptop,Nova,2263.34,35,4.9
PROD00572,Product_00572,Sports,Running Gear,Nova,774.12,85,4.5
PROD00573,Product_00573,Fashion,Jeans,Orion,922.25,243,4.5
PROD00574,Product_00574,Sports,Fitness Equipment,Apex,300.2,139,3.0
PROD00575,Product_00575,Electronics,Laptop,Orion,362.21,346,4.0
PROD00576,Product_00576,Beauty,Haircare,Apex,265.22,191,4.3
PROD00577,Product_00577,Fashion,Shoes,Nova,182.67,320,3.1
PROD00578,Product_00578,Sports,Fitness Equipment,Orion,216.45,222,2.8
PROD00579,Product_00579,Books,Comics,UrbanX,218.04,267,3.2
PROD00580,Product_00580,Books,Academic,Apex,1529.57,428,2.9
PROD00581,Product_00581,Fashion,T-Shirt,Orion,724.23,10,4.2
PROD00582,Product_00582,Books,Fiction,Zenith,353.84,307,3.6
PROD00583,Product_00583,Fashion,Shoes,Nova,615.41,462,2.7
PROD00584,Product_00584,Home,Lamp,Orion,479.0,17,2.7
PROD00585,Product_00585,Beauty,Skincare,Vertex,433.46,16,5.0
PROD00586,Product_00586,Beauty,Skincare,PrimeTech,965.29,500,2.7
PROD00587,Product_00587,Books,Comics,Apex,513.16,406,2.8
PROD00588,Product_00588,Beauty,Haircare,Orion,1148.76,439,2.6
PROD00589,Product_00589,Electronics,Headphones,Orion,243.36,209,3.8
PROD00590,Product_00590,Sports,Outdoor Gear,Orion,1338.11,169,4.5
PROD00591,Product_00591,Sports,Sportswear,Apex,558.62,93,4.5
PROD00592,Product_00592,Beauty,Fragrance,UrbanX,641.97,66,3.5
PROD00593,Product_00593,Home,Chair,Apex,2406.99,313,4.3
PROD00594,Product_00594,Home,Kitchen Appliance,UrbanX,248.8,448,4.9
PROD00595,Product_00595,Sports,Running Gear,Apex,286.62,237,4.6
PROD00596,Product_00596,Books,Comics,Vertex,523.06,305,4.3
PROD00597,Product_00597,Fashion,T-Shirt,Orion,1060.39,238,4.4
PROD00598,Product_00598,Beauty,Haircare,Nova,369.31,247,4.3
PROD00599,Product_00599,Beauty,Skincare,Vertex,157.69,210,4.0
PROD00600,Product_00600,Books,Fiction,Orion,476.55,162,3.2
PROD00601,Product_00601,Sports,Running Gear,UrbanX,387.98,443,4.9
PROD00602,Product_00602,Beauty,Makeup,PrimeTech,125.27,494,2.8
PROD00603,Product_00603,Electronics,Headphones,Orion,501.51,172,3.0
PROD00604,Product_00604,Fashion,T-Shirt,Orion,888.47,331,3.9
PROD00605,Product_00605,Books,Comics,Zenith,105.29,188,3.2
PROD00606,Product_00606,Home,Chair,Apex,284.83,446,2.9
PROD00607,Product_00607,Fashion,Jacket,UrbanX,269.02,242,4.1
PROD00608,Product_00608,Books,Non-Fiction,Vertex,150.72,172,2.8
PROD00609,Product_00609,Fashion,Jeans,Orion,1449.95,403,3.7
PROD00610,Product_00610,Books,Academic,Vertex,482.19,231,3.5
PROD00611,Product_00611,Sports,Sportswear,UrbanX,936.19,105,2.6
PROD00612,Product_00612,Beauty,Fragrance,UrbanX,284.66,246,3.6
PROD00613,Product_00613,Sports,Fitness Equipment,PrimeTech,136.17,141,3.8
PROD00614,Product_00614,Books,Comics,UrbanX,996.13,323,3.4
PROD00615,Product_00615,Fashion,Jeans,Nova,312.51,262,2.9
PROD00616,Product_00616,Fashion,Jeans,UrbanX,869.27,147,4.3
PROD00617,Product_00617,Fashion,T-Shirt,Orion,332.5,289,4.7
PROD00618,Product_00618,Electronics,Smartwatch,Vertex,267.15,199,4.4
PROD00619,Product_00619,Books,Fiction,Nova,485.84,414,4.5
PROD00620,Product_00620,Fashion,T-Shirt,Nova,1015.58,133,3.1
PROD00621,Product_00621,Fashion,Jeans,Apex,105.81,404,4.0
PROD00622,Product_00622,Electronics,Headphones,Zenith,885.67,309,3.2
PROD00623,Product_00623,Sports,Outdoor Gear,Vertex,1305.0,302,3.8
PROD00624,Product_00624,Books,Comics,Nova,1451.92,20,2.9
PROD00625,Product_00625,Electronics,Smartwatch,Nova,1201.85,376,4.0
PROD00626,Product_00626,Electronics,Smartphone,Apex,375.66,298,3.3
PROD00627,Product_00627,Home,Table,Zenith,462.95,271,3.7
PROD00628,Product_00628,Beauty,Makeup,PrimeTech,241.05,184,3.1
PROD00629,Product_00629,Fashion,Jacket,Vertex,574.21,424,3.9
PROD00630,Product_00630,Sports,Running Gear,Apex,704.83,461,3.8
PROD00631,Product_00631,Sports,Fitness Equipment,Vertex,613.69,402,3.4
PROD00632,Product_00632,Sports,Sportswear,PrimeTech,391.43,68,3.3
PROD00633,Product_00633,Beauty,Makeup,UrbanX,381.31,309,2.7
PROD00634,Product_00634,Sports,Fitness Equipment,Nova,378.96,461,3.3
PROD00635,Product_00635,Fashion,T-Shirt,Nova,653.8,364,3.6
PROD00636,Product_00636,Books,Fiction,Apex,1192.0,3,4.2
PROD00637,Product_00637,Books,Fiction,UrbanX,368.31,446,2.6
PROD00638,Product_00638,Beauty,Fragrance,Orion,552.5,5,2.7
PROD00639,Product_00639,Sports,Outdoor Gear,PrimeTech,322.19,27,3.8
PROD00640,Product_00640,Sports,Fitness Equipment,Vertex,429.37,67,3.2
PROD00641,Product_00641,Sports,Sportswear,PrimeTech,1457.59,273,2.6
PROD00642,Product_00642,Electronics,Laptop,PrimeTech,255.59,356,4.8
PROD00643,Product_00643,Electronics,Laptop,Apex,689.51,31,3.2
PROD00644,Product_00644,Fashion,Shoes,Orion,344.08,131,3.3
PROD00645,Product_00645,Electronics,Headphones,PrimeTech,614.5,231,4.1
PROD00646,Product_00646,Fashion,Shoes,PrimeTech,587.15,421,2.6
PROD00647,Product_00647,Fashion,Jacket,Orion,723.21,63,4.3
PROD00648,Product_00648,Electronics,Smartwatch,Orion,187.03,258,3.5
PROD00649,Product_00649,Beauty,Makeup,Apex,805.6,210,4.9
PROD00650,Product_00650,Sports,Fitness Equipment,Orion,99.0,247,3.6
PROD00651,Product_00651,Electronics,Laptop,Zenith,187.32,0,4.4
PROD00652,Product_00652,Sports,Sportswear,PrimeTech,1166.48,289,2.9
PROD00653,Product_00653,Beauty,Fragrance,UrbanX,616.72,443,3.2
PROD00654,Product_00654,Fashion,T-Shirt,UrbanX,1873.55,475,4.8
PROD00655,Product_00655,Sports,Outdoor Gear,Apex,1051.32,227,4.3
PROD00656,Product_00656,Fashion,Jacket,Orion,213.57,411,3.7
PROD00657,Product_00657,Electronics,Headphones,PrimeTech,1094.75,308,4.1
PROD00658,Product_00658,Beauty,Skincare,PrimeTech,414.19,498,4.0
PROD00659,Product_00659,Electronics,Laptop,Vertex,701.22,125,4.4
PROD00660,Product_00660,Sports,Sportswear,Vertex,978.3,484,2.8
PROD00661,Product_00661,Sports,Outdoor Gear,Nova,383.39,430,2.6
PROD00662,Product_00662,Beauty,Fragrance,Orion,99.0,453,2.6
PROD00663,Product_00663,Sports,Running Gear,Zenith,1016.09,17,4.5
PROD00664,Product_00664,Books,Fiction,Nova,571.62,41,3.9
PROD00665,Product_00665,Home,Kitchen Appliance,PrimeTech,357.82,161,3.9
PROD00666,Product_00666,Electronics,Smartwatch,UrbanX,2361.09,302,2.9
PROD00667,Product_00667,Books,Comics,Vertex,925.82,28,3.7
PROD00668,Product_00668,Electronics,Smartphone,Apex,1726.29,357,3.3
PROD00669,Product_00669,Fashion,Shoes,Orion,1185.23,305,3.3
PROD00670,Product_00670,Electronics,Smartphone,Zenith,445.22,348,4.5
PROD00671,Product_00671,Home,Table,Nova,288.1,99,4.0
PROD00672,Product_00672,Beauty,Makeup,PrimeTech,198.16,75,3.1
PROD00673,Product_00673,Fashion,T-Shirt,Nova,752.85,161,3.9
PROD00674,Product_00674,Sports,Outdoor Gear,Zenith,931.74,283,3.2
PROD00675,Product_00675,Home,Kitchen Appliance,Vertex,378.79,364,4.3
PROD00676,Product_00676,Books,Fiction,Apex,790.22,43,2.8
PROD00677,Product_00677,Sports,Running Gear,Zenith,202.32,417,4.4
PROD00678,Product_00678,Sports,Sportswear,PrimeTech,749.41,277,4.3
PROD00679,Product_00679,Electronics,Headphones,Apex,190.33,475,3.9
PROD00680,Product_00680,Electronics,Smartphone,Zenith,739.82,130,4.3
PROD00681,Product_00681,Home,Chair,Vertex,888.52,119,2.7
PROD00682,Product_00682,Home,Lamp,PrimeTech,293.91,112,2.5
PROD00683,Product_00683,Home,Table,UrbanX,633.63,127,3.5
PROD00684,Product_00684,Fashion,Shoes,Vertex,350.08,190,4.6
PROD00685,Product_00685,Books,Non-Fiction,Vertex,326.6,128,4.2
PROD00686,Product_00686,Electronics,Headphones,Vertex,1068.9,304,4.3
PROD00687,Product_00687,Fashion,T-Shirt,Zenith,1295.67,190,4.7
PROD00688,Product_00688,Sports,Sportswear,Nova,433.45,48,4.9
PROD00689,Product_00689,Fashion,Jacket,Vertex,201.1,415,4.8
PROD00690,Product_00690,Electronics,Smartwatch,Apex,1507.95,285,2.7
PROD00691,Product_00691,Sports,Running Gear,PrimeTech,567.12,332,2.7
PROD00692,Product_00692,Books,Academic,Vertex,340.99,375,2.7
PROD00693,Product_00693,Home,Kitchen Appliance,Zenith,988.3,388,4.3
PROD00694,Product_00694,Beauty,Haircare,Vertex,1087.45,48,2.8
PROD00695,Product_00695,Books,Comics,Orion,373.53,113,2.6
PROD00696,Product_00696,Fashion,T-Shirt,Nova,358.1,442,4.4
PROD00697,Product_00697,Beauty,Haircare,Apex,540.44,255,4.8
PROD00698,Product_00698,Home,Table,Apex,1796.37,53,2.5
PROD00699,Product_00699,Beauty,Skincare,Vertex,467.18,441,4.5
PROD00700,Product_00700,Beauty,Skincare,Zenith,1239.07,477,3.7
PROD00701,Product_00701,Home,Chair,Zenith,1488.01,123,3.4
PROD00702,Product_00702,Beauty,Haircare,Vertex,847.1,29,4.2
PROD00703,Product_00703,Books,Non-Fiction,Vertex,1531.28,259,4.9
PROD00704,Product_00704,Beauty,Haircare,UrbanX,429.56,70,4.4
PROD00705,Product_00705,Sports,Running Gear,Vertex,272.33,374,3.6
PROD00706,Product_00706,Electronics,Headphones,Vertex,634.43,20,4.6
PROD00707,Product_00707,Sports,Outdoor Gear,Vertex,314.94,44,4.1
PROD00708,Product_00708,Beauty,Fragrance,Orion,391.06,96,4.7
PROD00709,Product_00709,Home,Chair,Nova,263.69,456,4.1
PROD00710,Product_00710,Home,Lamp,PrimeTech,249.75,107,3.0
PROD00711,Product_00711,Beauty,Makeup,UrbanX,647.74,209,4.0
PROD00712,Product_00712,Sports,Fitness Equipment,PrimeTech,174.68,417,3.2
PROD00713,Product_00713,Electronics,Laptop,Nova,997.01,376,2.8
PROD00714,Product_00714,Fashion,Jeans,Zenith,663.1,32,2.6
PROD00715,Product_00715,Electronics,Laptop,Apex,442.05,31,3.9
PROD00716,Product_00716,Home,Table,PrimeTech,341.2,265,2.6
PROD00717,Product_00717,Electronics,Headphones,Nova,276.67,210,3.6
PROD00718,Product_00718,Beauty,Fragrance,UrbanX,312.18,489,3.4
PROD00719,Product_00719,Home,Chair,Orion,195.47,367,3.0
PROD00720,Product_00720,Home,Lamp,PrimeTech,4723.4,251,4.0
PROD00721,Product_00721,Books,Non-Fiction,PrimeTech,650.29,277,4.0
PROD00722,Product_00722,Sports,Outdoor Gear,Vertex,437.99,454,4.1
PROD00723,Product_00723,Books,Non-Fiction,Nova,1489.44,210,4.5
PROD00724,Product_00724,Electronics,Headphones,Vertex,548.6,119,3.2
PROD00725,Product_00725,Beauty,Haircare,Nova,213.01,310,5.0
PROD00726,Product_00726,Fashion,T-Shirt,UrbanX,192.14,252,4.7
PROD00727,Product_00727,Books,Academic,Zenith,169.18,204,3.6
PROD00728,Product_00728,Electronics,Laptop,Nova,367.24,174,3.0
PROD00729,Product_00729,Sports,Outdoor Gear,Orion,2037.96,349,4.0
PROD00730,Product_00730,Home,Kitchen Appliance,Vertex,212.51,108,2.8
PROD00731,Product_00731,Electronics,Headphones,Nova,427.84,436,3.9
PROD00732,Product_00732,Beauty,Makeup,Vertex,352.18,246,4.6
PROD00733,Product_00733,Sports,Fitness Equipment,PrimeTech,976.68,394,4.8
PROD00734,Product_00734,Sports,Sportswear,Vertex,1982.4,244,3.0
PROD00735,Product_00735,Sports,Fitness Equipment,Vertex,173.12,373,3.7
PROD00736,Product_00736,Fashion,Jeans,Nova,393.56,266,4.9
PROD00737,Product_00737,Electronics,Smartwatch,Vertex,777.82,321,2.9
PROD00738,Product_00738,Sports,Outdoor Gear,Zenith,907.34,149,3.3
PROD00739,Product_00739,Sports,Fitness Equipment,Vertex,99.0,478,3.0
PROD00740,Product_00740,Fashion,Jeans,Orion,251.7,206,4.2
PROD00741,Product_00741,Beauty,Fragrance,Orion,1043.11,82,4.6
PROD00742,Product_00742,Sports,Running Gear,UrbanX,263.15,238,3.0
PROD00743,Product_00743,Sports,Sportswear,Apex,2330.85,474,4.5
PROD00744,Product_00744,Home,Chair,Orion,2470.87,210,3.4
PROD00745,Product_00745,Home,Table,Zenith,1307.12,398,3.0
PROD00746,Product_00746,Electronics,Smartphone,PrimeTech,199.61,325,4.1
PROD00747,Product_00747,Beauty,Makeup,Orion,348.0,217,4.1
PROD00748,Product_00748,Beauty,Fragrance,Vertex,853.74,307,5.0
PROD00749,Product_00749,Sports,Outdoor Gear,Orion,188.5,90,3.1
PROD00750,Product_00750,Fashion,Shoes,Vertex,160.96,462,4.5
PROD00751,Product_00751,Home,Chair,Apex,1064.0,315,3.0
PROD00752,Product_00752,Books,Non-Fiction,PrimeTech,582.16,496,3.5
PROD00753,Product_00753,Fashion,T-Shirt,PrimeTech,2546.68,20,3.6
PROD00754,Product_00754,Home,Chair,UrbanX,930.12,474,4.1
PROD00755,Product_00755,Fashion,Shoes,Orion,851.49,231,2.7
PROD00756,Product_00756,Fashion,Shoes,Zenith,309.78,196,4.2
PROD00757,Product_00757,Sports,Sportswear,Vertex,225.08,105,4.9
PROD00758,Product_00758,Beauty,Makeup,Apex,898.09,366,2.6
PROD00759,Product_00759,Home,Chair,PrimeTech,738.63,499,3.9
PROD00760,Product_00760,Sports,Sportswear,UrbanX,149.24,79,3.8
PROD00761,Product_00761,Fashion,Shoes,Nova,485.58,359,2.9
PROD00762,Product_00762,Sports,Fitness Equipment,Vertex,525.92,152,4.0
PROD00763,Product_00763,Beauty,Fragrance,UrbanX,400.18,244,3.7
PROD00764,Product_00764,Home,Chair,Nova,217.95,375,4.5
PROD00765,Product_00765,Home,Chair,Zenith,1344.61,394,4.7
PROD00766,Product_00766,Beauty,Skincare,Zenith,4769.86,456,4.2
PROD00767,Product_00767,Electronics,Headphones,Vertex,423.38,247,4.6
PROD00768,Product_00768,Sports,Sportswear,UrbanX,323.57,14,2.9
PROD00769,Product_00769,Home,Chair,PrimeTech,364.32,315,3.8
PROD00770,Product_00770,Beauty,Fragrance,PrimeTech,375.58,29,2.9
PROD00771,Product_00771,Home,Chair,Zenith,251.4,83,2.7
PROD00772,Product_00772,Fashion,Shoes,Apex,647.86,328,2.8
PROD00773,Product_00773,Fashion,T-Shirt,Nova,943.54,31,3.7
PROD00774,Product_00774,Books,Non-Fiction,UrbanX,405.64,211,4.4
PROD00775,Product_00775,Beauty,Fragrance,Apex,349.8,281,4.7
PROD00776,Product_00776,Electronics,Headphones,Zenith,944.05,56,2.8
PROD00777,Product_00777,Sports,Fitness Equipment,Orion,744.12,470,3.9
PROD00778,Product_00778,Electronics,Smartwatch,Orion,809.18,166,3.8
PROD00779,Product_00779,Electronics,Headphones,Nova,238.8,308,3.6
PROD00780,Product_00780,Home,Table,Nova,2163.35,321,3.9
PROD00781,Product_00781,Home,Table,UrbanX,1596.88,167,3.4
PROD00782,Product_00782,Books,Academic,Zenith,478.11,238,3.7
PROD00783,Product_00783,Fashion,Shoes,Zenith,510.07,410,3.1
PROD00784,Product_00784,Home,Kitchen Appliance,Orion,1106.29,362,4.7
PROD00785,Product_00785,Books,Academic,Vertex,266.78,47,3.0
PROD00786,Product_00786,Home,Table,Zenith,619.65,12,4.3
PROD00787,Product_00787,Electronics,Smartwatch,Orion,521.02,329,4.0
PROD00788,Product_00788,Beauty,Makeup,Orion,479.26,228,4.5
PROD00789,Product_00789,Beauty,Skincare,Orion,451.1,293,4.7
PROD00790,Product_00790,Home,Kitchen Appliance,PrimeTech,302.13,260,4.9
PROD00791,Product_00791,Electronics,Laptop,Apex,229.99,172,2.6
PROD00792,Product_00792,Home,Lamp,UrbanX,1099.42,131,3.2
PROD00793,Product_00793,Electronics,Smartphone,Orion,412.32,45,4.2
PROD00794,Product_00794,Sports,Sportswear,Zenith,699.66,29,4.7
PROD00795,Product_00795,Sports,Outdoor Gear,UrbanX,684.37,301,3.1
PROD00796,Product_00796,Home,Chair,Zenith,1002.98,282,4.7
PROD00797,Product_00797,Sports,Fitness Equipment,Vertex,256.48,172,4.2
PROD00798,Product_00798,Home,Chair,Orion,310.85,253,3.3
PROD00799,Product_00799,Electronics,Smartwatch,UrbanX,142.19,239,3.0
PROD00800,Product_00800,Beauty,Makeup,Apex,431.78,284,4.6
PROD00801,Product_00801,Books,Fiction,Vertex,1154.92,483,4.6
PROD00802,Product_00802,Home,Kitchen Appliance,Apex,657.58,218,3.5
PROD00803,Product_00803,Electronics,Headphones,Orion,662.2,226,3.9
PROD00804,Product_00804,Beauty,Skincare,Apex,388.1,97,3.2
PROD00805,Product_00805,Sports,Outdoor Gear,UrbanX,1024.33,50,4.7
PROD00806,Product_00806,Sports,Outdoor Gear,Orion,909.66,339,4.7
PROD00807,Product_00807,Books,Academic,Apex,1134.95,432,2.8
PROD00808,Product_00808,Home,Lamp,Apex,973.03,425,3.3
PROD00809,Product_00809,Home,Chair,Apex,342.2,217,4.7
PROD00810,Product_00810,Fashion,T-Shirt,Vertex,1756.79,15,3.1
PROD00811,Product_00811,Fashion,T-Shirt,PrimeTech,285.28,18,3.7
PROD00812,Product_00812,Fashion,Shoes,Vertex,580.13,306,4.0
PROD00813,Product_00813,Home,Kitchen Appliance,Nova,1014.94,345,4.9
PROD00814,Product_00814,Beauty,Skincare,UrbanX,338.51,277,2.6
PROD00815,Product_00815,Books,Comics,Apex,298.11,237,4.8
PROD00816,Product_00816,Beauty,Fragrance,Apex,452.14,54,3.2
PROD00817,Product_00817,Books,Comics,Zenith,608.37,117,2.8
PROD00818,Product_00818,Electronics,Laptop,UrbanX,643.21,242,4.0
PROD00819,Product_00819,Sports,Outdoor Gear,Nova,607.54,455,2.6
PROD00820,Product_00820,Sports,Fitness Equipment,Zenith,496.68,210,4.4
PROD00821,Product_00821,Beauty,Skincare,PrimeTech,350.91,200,4.7
PROD00822,Product_00822,Beauty,Fragrance,Zenith,337.82,388,4.3
PROD00823,Product_00823,Electronics,Laptop,PrimeTech,851.84,421,3.4
PROD00824,Product_00824,Home,Table,Nova,1086.96,491,3.2
PROD00825,Product_00825,Home,Lamp,Apex,625.04,362,3.7
PROD00826,Product_00826,Sports,Running Gear,UrbanX,668.89,69,3.5
PROD00827,Product_00827,Books,Academic,Nova,1358.96,438,4.3
PROD00828,Product_00828,Home,Lamp,PrimeTech,158.71,488,4.6
PROD00829,Product_00829,Books,Non-Fiction,Zenith,678.18,419,2.9
PROD00830,Product_00830,Beauty,Haircare,Orion,299.91,309,3.2
PROD00831,Product_00831,Sports,Fitness Equipment,Apex,680.58,320,3.2
PROD00832,Product_00832,Home,Lamp,PrimeTech,780.92,183,2.8
PROD00833,Product_00833,Books,Fiction,Zenith,610.35,393,3.6
PROD00834,Product_00834,Home,Lamp,UrbanX,507.71,34,3.4
PROD00835,Product_00835,Beauty,Skincare,UrbanX,431.84,484,4.5
PROD00836,Product_00836,Sports,Sportswear,Nova,248.28,393,4.9
PROD00837,Product_00837,Sports,Running Gear,UrbanX,366.86,46,4.8
PROD00838,Product_00838,Sports,Outdoor Gear,Vertex,233.6,331,3.5
PROD00839,Product_00839,Fashion,T-Shirt,Nova,454.63,380,3.9
PROD00840,Product_00840,Beauty,Skincare,Vertex,425.97,454,4.8
PROD00841,Product_00841,Books,Academic,Zenith,530.97,445,3.4
PROD00842,Product_00842,Electronics,Smartwatch,Nova,424.93,304,2.6
PROD00843,Product_00843,Sports,Running Gear,Zenith,761.46,334,3.4
PROD00844,Product_00844,Fashion,Shoes,Zenith,219.11,399,4.6
PROD00845,Product_00845,Electronics,Smartwatch,PrimeTech,665.91,285,3.9
PROD00846,Product_00846,Home,Kitchen Appliance,Orion,1273.7,113,3.4
PROD00847,Product_00847,Sports,Running Gear,Nova,622.94,145,3.2
PROD00848,Product_00848,Home,Table,UrbanX,237.2,40,3.6
PROD00849,Product_00849,Fashion,Shoes,PrimeTech,426.18,121,2.8
PROD00850,Product_00850,Beauty,Skincare,Zenith,559.94,166,4.6
PROD00851,Product_00851,Sports,Outdoor Gear,UrbanX,655.62,42,4.6
PROD00852,Product_00852,Beauty,Fragrance,PrimeTech,192.07,38,4.7
PROD00853,Product_00853,Books,Fiction,Zenith,283.09,321,4.1
PROD00854,Product_00854,Fashion,Jacket,Nova,290.82,58,4.0
PROD00855,Product_00855,Books,Academic,Vertex,509.83,473,5.0
PROD00856,Product_00856,Sports,Fitness Equipment,Nova,332.37,326,4.8
PROD00857,Product_00857,Home,Table,Vertex,500.08,330,3.9
PROD00858,Product_00858,Fashion,Jacket,Apex,397.13,150,3.5
PROD00859,Product_00859,Electronics,Smartphone,Orion,417.25,381,2.6
PROD00860,Product_00860,Books,Non-Fiction,Zenith,381.4,203,2.6
PROD00861,Product_00861,Sports,Outdoor Gear,PrimeTech,452.94,155,2.9
PROD00862,Product_00862,Books,Comics,Orion,1031.02,345,2.7
PROD00863,Product_00863,Sports,Running Gear,Zenith,1249.2,104,4.8
PROD00864,Product_00864,Home,Kitchen Appliance,Zenith,440.51,381,4.9
PROD00865,Product_00865,Fashion,Jacket,UrbanX,643.35,257,3.2
PROD00866,Product_00866,Books,Comics,PrimeTech,443.02,30,3.3
PROD00867,Product_00867,Books,Comics,Orion,221.37,353,3.4
PROD00868,Product_00868,Home,Kitchen Appliance,Orion,423.01,435,2.9
PROD00869,Product_00869,Sports,Running Gear,Apex,828.44,418,2.6
PROD00870,Product_00870,Electronics,Headphones,Orion,488.72,249,3.2
PROD00871,Product_00871,Books,Academic,Nova,554.09,5,4.0
PROD00872,Product_00872,Electronics,Laptop,Vertex,759.78,232,3.7
PROD00873,Product_00873,Beauty,Skincare,Vertex,392.96,433,3.7
PROD00874,Product_00874,Beauty,Fragrance,Orion,1112.25,258,3.6
PROD00875,Product_00875,Beauty,Haircare,Vertex,219.7,200,3.5
PROD00876,Product_00876,Home,Chair,Vertex,443.82,153,3.0
PROD00877,Product_00877,Books,Comics,UrbanX,499.61,202,3.9
PROD00878,Product_00878,Beauty,Skincare,Apex,1635.53,247,3.4
PROD00879,Product_00879,Books,Comics,Vertex,516.16,65,4.5
PROD00880,Product_00880,Fashion,Shoes,Vertex,986.51,276,3.5
PROD00881,Product_00881,Fashion,Shoes,PrimeTech,599.84,25,3.8
PROD00882,Product_00882,Fashion,Shoes,Nova,585.87,116,4.0
PROD00883,Product_00883,Fashion,Jacket,UrbanX,530.81,400,4.2
PROD00884,Product_00884,Books,Comics,UrbanX,243.66,107,4.2
PROD00885,Product_00885,Home,Kitchen Appliance,UrbanX,322.01,441,4.2
PROD00886,Product_00886,Fashion,Jacket,Orion,973.24,209,3.1
PROD00887,Product_00887,Sports,Sportswear,Vertex,585.1,6,3.4
PROD00888,Product_00888,Fashion,Shoes,Zenith,418.07,74,4.2
PROD00889,Product_00889,Electronics,Headphones,Apex,1083.24,413,2.9
PROD00890,Product_00890,Sports,Running Gear,Orion,1579.9,453,4.4
PROD00891,Product_00891,Books,Fiction,PrimeTech,848.89,65,2.8
PROD00892,Product_00892,Home,Table,Apex,878.32,397,3.7
PROD00893,Product_00893,Fashion,T-Shirt,Nova,1955.09,133,3.0
PROD00894,Product_00894,Electronics,Headphones,Nova,581.66,62,3.0
PROD00895,Product_00895,Electronics,Smartwatch,Orion,994.98,114,3.4
PROD00896,Product_00896,Electronics,Smartphone,Vertex,579.22,145,2.8
PROD00897,Product_00897,Home,Chair,PrimeTech,553.75,250,3.9
PROD00898,Product_00898,Books,Fiction,Zenith,826.27,453,3.7
PROD00899,Product_00899,Sports,Running Gear,Vertex,1027.7,2,4.4
PROD00900,Product_00900,Home,Kitchen Appliance,Zenith,312.4,150,4.5
PROD00901,Product_00901,Fashion,Shoes,Nova,541.48,386,4.5
PROD00902,Product_00902,Fashion,Jacket,PrimeTech,485.96,62,2.7
PROD00903,Product_00903,Fashion,T-Shirt,UrbanX,904.74,390,3.5
PROD00904,Product_00904,Books,Comics,PrimeTech,445.58,110,4.3
PROD00905,Product_00905,Beauty,Haircare,Apex,672.62,305,2.7
PROD00906,Product_00906,Fashion,Jeans,Orion,724.95,320,4.1
PROD00907,Product_00907,Sports,Fitness Equipment,Nova,445.47,292,3.8
PROD00908,Product_00908,Sports,Running Gear,Zenith,747.76,313,4.0
PROD00909,Product_00909,Home,Kitchen Appliance,Apex,688.35,200,3.1
PROD00910,Product_00910,Fashion,Jeans,Zenith,99.0,367,3.2
PROD00911,Product_00911,Books,Academic,UrbanX,1046.11,295,4.9
PROD00912,Product_00912,Electronics,Smartphone,UrbanX,1559.41,253,4.7
PROD00913,Product_00913,Sports,Outdoor Gear,Orion,876.34,372,4.6
PROD00914,Product_00914,Books,Comics,PrimeTech,1171.47,468,3.8
PROD00915,Product_00915,Sports,Running Gear,Apex,587.03,389,4.1
PROD00916,Product_00916,Fashion,Jeans,PrimeTech,1696.92,443,4.8
PROD00917,Product_00917,Home,Chair,Vertex,1145.2,316,3.3
PROD00918,Product_00918,Fashion,Jacket,PrimeTech,324.98,348,4.3
PROD00919,Product_00919,Home,Kitchen Appliance,Apex,662.32,178,4.5
PROD00920,Product_00920,Home,Lamp,Apex,295.92,446,2.7
PROD00921,Product_00921,Fashion,Jeans,Vertex,764.0,207,3.7
PROD00922,Product_00922,Fashion,Jacket,Orion,389.11,32,2.8
PROD00923,Product_00923,Fashion,T-Shirt,Apex,353.25,331,2.9
PROD00924,Product_00924,Fashion,Shoes,PrimeTech,373.96,154,3.6
PROD00925,Product_00925,Books,Academic,Vertex,1778.97,257,4.2
PROD00926,Product_00926,Sports,Outdoor Gear,Nova,1481.66,406,4.0
PROD00927,Product_00927,Beauty,Makeup,Vertex,143.65,325,3.2
PROD00928,Product_00928,Sports,Fitness Equipment,UrbanX,373.65,460,4.5
PROD00929,Product_00929,Sports,Running Gear,Vertex,1086.73,144,3.2
PROD00930,Product_00930,Home,Table,UrbanX,419.21,155,2.9
PROD00931,Product_00931,Electronics,Smartphone,PrimeTech,122.1,395,4.3
PROD00932,Product_00932,Books,Fiction,Apex,761.35,157,4.6
PROD00933,Product_00933,Home,Chair,Vertex,304.23,70,3.5
PROD00934,Product_00934,Beauty,Skincare,UrbanX,620.69,17,4.6
PROD00935,Product_00935,Sports,Fitness Equipment,Orion,1182.32,251,4.3
PROD00936,Product_00936,Beauty,Skincare,Vertex,1449.48,396,4.7
PROD00937,Product_00937,Electronics,Laptop,Zenith,2020.27,381,2.9
PROD00938,Product_00938,Sports,Running Gear,Zenith,1266.1,280,4.7
PROD00939,Product_00939,Electronics,Headphones,Nova,300.88,486,4.6
PROD00940,Product_00940,Books,Comics,Orion,394.23,384,4.0
PROD00941,Product_00941,Fashion,Jeans,Nova,731.9,108,4.1
PROD00942,Product_00942,Electronics,Headphones,UrbanX,253.7,429,3.3
PROD00943,Product_00943,Sports,Running Gear,Apex,861.08,329,3.0
PROD00944,Product_00944,Sports,Fitness Equipment,Vertex,361.69,58,4.2
PROD00945,Product_00945,Books,Comics,Zenith,504.84,471,3.1
PROD00946,Product_00946,Sports,Running Gear,Nova,442.02,129,3.8
PROD00947,Product_00947,Beauty,Fragrance,Nova,346.1,285,4.3
PROD00948,Product_00948,Beauty,Fragrance,Orion,410.15,273,3.3
PROD00949,Product_00949,Home,Chair,PrimeTech,905.27,280,4.0
PROD00950,Product_00950,Home,Lamp,PrimeTech,1357.18,321,3.3
PROD00951,Product_00951,Electronics,Smartwatch,Nova,543.32,377,5.0
PROD00952,Product_00952,Fashion,Shoes,Nova,699.08,386,3.3
PROD00953,Product_00953,Electronics,Laptop,PrimeTech,296.59,232,3.1
PROD00954,Product_00954,Books,Comics,UrbanX,941.62,31,3.6
PROD00955,Product_00955,Beauty,Fragrance,Apex,1328.69,139,3.9
PROD00956,Product_00956,Beauty,Haircare,Nova,831.4,442,3.2
PROD00957,Product_00957,Electronics,Headphones,Orion,731.95,107,3.2
PROD00958,Product_00958,Fashion,Shoes,UrbanX,408.55,291,4.0
PROD00959,Product_00959,Electronics,Headphones,Orion,295.92,394,3.0
PROD00960,Product_00960,Sports,Running Gear,Orion,548.72,327,4.5
PROD00961,Product_00961,Sports,Sportswear,Orion,344.35,279,3.1
PROD00962,Product_00962,Books,Non-Fiction,PrimeTech,659.7,308,3.9
PROD00963,Product_00963,Home,Table,Orion,173.33,418,3.1
PROD00964,Product_00964,Books,Fiction,Vertex,915.26,228,4.1
PROD00965,Product_00965,Books,Comics,UrbanX,384.28,195,3.9
PROD00966,Product_00966,Books,Non-Fiction,Apex,124.88,95,3.3
PROD00967,Product_00967,Books,Fiction,Zenith,192.9,25,4.8
PROD00968,Product_00968,Sports,Outdoor Gear,Vertex,938.45,114,4.8
PROD00969,Product_00969,Fashion,T-Shirt,Nova,1110.53,169,4.8
PROD00970,Product_00970,Electronics,Smartwatch,UrbanX,184.74,215,4.8
PROD00971,Product_00971,Fashion,Jeans,Apex,2554.54,272,4.1
PROD00972,Product_00972,Beauty,Makeup,Orion,857.72,264,4.7
PROD00973,Product_00973,Books,Academic,Zenith,1453.32,128,3.7
PROD00974,Product_00974,Beauty,Fragrance,UrbanX,415.0,8,3.3
PROD00975,Product_00975,Home,Kitchen Appliance,Vertex,197.25,85,2.6
PROD00976,Product_00976,Sports,Outdoor Gear,Nova,308.77,304,3.7
PROD00977,Product_00977,Beauty,Skincare,Nova,926.35,301,4.8
PROD00978,Product_00978,Fashion,Jacket,Apex,830.76,87,4.9
PROD00979,Product_00979,Books,Academic,Vertex,406.02,299,3.6
PROD00980,Product_00980,Fashion,Jeans,UrbanX,1252.48,479,4.3
PROD00981,Product_00981,Electronics,Smartphone,UrbanX,373.41,404,4.0
PROD00982,Product_00982,Beauty,Haircare,Apex,143.62,22,4.1
PROD00983,Product_00983,Fashion,T-Shirt,Orion,2658.08,387,4.3
PROD00984,Product_00984,Home,Lamp,PrimeTech,2293.54,83,4.0
PROD00985,Product_00985,Sports,Sportswear,Nova,291.91,499,3.0
PROD00986,Product_00986,Beauty,Fragrance,Apex,1031.74,259,2.8
PROD00987,Product_00987,Home,Kitchen Appliance,PrimeTech,227.62,80,3.5
PROD00988,Product_00988,Beauty,Skincare,UrbanX,593.0,215,2.6
PROD00989,Product_00989,Beauty,Skincare,Nova,190.46,289,4.8
PROD00990,Product_00990,Books,Academic,Nova,1123.46,28,3.0
PROD00991,Product_00991,Sports,Fitness Equipment,Nova,216.6,162,5.0
PROD00992,Product_00992,Home,Chair,Orion,978.41,399,3.8
PROD00993,Product_00993,Sports,Outdoor Gear,Nova,531.12,160,3.0
PROD00994,Product_00994,Beauty,Makeup,Zenith,301.03,366,3.6
PROD00995,Product_00995,Books,Academic,PrimeTech,380.73,248,3.8
PROD00996,Product_00996,Sports,Running Gear,PrimeTech,641.92,161,3.1
PROD00997,Product_00997,Books,Academic,Orion,711.06,235,3.1
PROD00998,Product_00998,Sports,Fitness Equipment,UrbanX,226.09,392,3.3
PROD00999,Product_00999,Sports,Fitness Equipment,UrbanX,1560.5,2,4.7
PROD01000,Product_01000,Home,Lamp,PrimeTech,129.51,436,3.2
PROD01001,Product_01001,Fashion,T-Shirt,Nova,2058.53,240,3.6
PROD01002,Product_01002,Electronics,Smartwatch,PrimeTech,464.72,183,2.6
PROD01003,Product_01003,Electronics,Headphones,Nova,844.82,436,3.9
PROD01004,Product_01004,Electronics,Smartwatch,Orion,556.95,417,2.8
PROD01005,Product_01005,Sports,Sportswear,Nova,235.41,206,3.2
PROD01006,Product_01006,Home,Kitchen Appliance,Vertex,351.86,263,3.8
PROD01007,Product_01007,Electronics,Laptop,Orion,415.1,266,3.9
PROD01008,Product_01008,Fashion,Shoes,Orion,768.4,277,3.3
PROD01009,Product_01009,Beauty,Makeup,PrimeTech,1635.37,109,2.7
PROD01010,Product_01010,Fashion,Jacket,Apex,990.01,356,2.6
PROD01011,Product_01011,Home,Chair,Zenith,476.66,166,4.3
PROD01012,Product_01012,Home,Lamp,Apex,752.65,190,3.9
PROD01013,Product_01013,Fashion,Shoes,PrimeTech,614.77,366,2.5
PROD01014,Product_01014,Electronics,Smartwatch,UrbanX,291.78,219,4.5
PROD01015,Product_01015,Books,Academic,Nova,312.81,297,4.0
PROD01016,Product_01016,Fashion,Jeans,Orion,973.78,319,3.7
PROD01017,Product_01017,Sports,Outdoor Gear,Vertex,237.46,405,4.6
PROD01018,Product_01018,Sports,Sportswear,Orion,512.66,208,3.7
PROD01019,Product_01019,Sports,Sportswear,Orion,282.61,115,3.4
PROD01020,Product_01020,Sports,Fitness Equipment,Vertex,723.52,490,3.1
PROD01021,Product_01021,Home,Kitchen Appliance,PrimeTech,462.64,153,4.2
PROD01022,Product_01022,Home,Table,Vertex,398.32,461,3.1
PROD01023,Product_01023,Electronics,Headphones,PrimeTech,757.41,385,2.6
PROD01024,Product_01024,Electronics,Smartwatch,Apex,1158.27,417,4.3
PROD01025,Product_01025,Sports,Running Gear,Orion,864.12,195,2.7
PROD01026,Product_01026,Beauty,Makeup,Nova,558.4,453,4.2
PROD01027,Product_01027,Electronics,Headphones,Vertex,1383.16,347,4.5
PROD01028,Product_01028,Electronics,Headphones,PrimeTech,1292.63,383,3.0
PROD01029,Product_01029,Sports,Sportswear,Apex,1488.47,49,3.5
PROD01030,Product_01030,Electronics,Smartwatch,Apex,1026.59,362,2.6
PROD01031,Product_01031,Books,Comics,UrbanX,942.38,94,4.5
PROD01032,Product_01032,Home,Chair,Nova,358.15,89,4.0
PROD01033,Product_01033,Sports,Sportswear,Zenith,1247.38,480,2.9
PROD01034,Product_01034,Electronics,Headphones,Zenith,713.42,126,3.5
PROD01035,Product_01035,Beauty,Haircare,PrimeTech,325.83,270,4.5
PROD01036,Product_01036,Home,Kitchen Appliance,UrbanX,1601.29,406,2.6
PROD01037,Product_01037,Home,Table,Zenith,149.54,446,4.3
PROD01038,Product_01038,Home,Table,Nova,1311.62,415,4.9
PROD01039,Product_01039,Sports,Sportswear,Nova,1549.58,215,4.4
PROD01040,Product_01040,Books,Fiction,UrbanX,165.29,415,3.0
PROD01041,Product_01041,Sports,Running Gear,PrimeTech,704.88,325,4.6
PROD01042,Product_01042,Beauty,Makeup,UrbanX,414.91,497,4.5
PROD01043,Product_01043,Sports,Sportswear,Apex,438.72,464,4.8
PROD01044,Product_01044,Electronics,Headphones,PrimeTech,442.87,413,3.0
PROD01045,Product_01045,Books,Non-Fiction,PrimeTech,135.22,21,3.2
PROD01046,Product_01046,Fashion,Jacket,PrimeTech,390.47,233,4.7
PROD01047,Product_01047,Books,Comics,Vertex,1129.72,234,4.5
PROD01048,Product_01048,Beauty,Haircare,PrimeTech,231.59,96,3.8
PROD01049,Product_01049,Sports,Outdoor Gear,Nova,659.64,244,4.1
PROD01050,Product_01050,Fashion,Jeans,PrimeTech,1266.82,373,4.6
PROD01051,Product_01051,Beauty,Makeup,Orion,1209.17,73,2.6
PROD01052,Product_01052,Fashion,T-Shirt,PrimeTech,931.05,348,4.2
PROD01053,Product_01053,Sports,Outdoor Gear,Zenith,1615.3,238,4.3
PROD01054,Product_01054,Beauty,Fragrance,Zenith,103.23,326,4.7
PROD01055,Product_01055,Fashion,Jacket,Apex,408.7,14,3.0
PROD01056,Product_01056,Fashion,Jeans,Apex,649.93,15,3.7
PROD01057,Product_01057,Fashion,Shoes,Vertex,345.0,211,2.7
PROD01058,Product_01058,Home,Chair,PrimeTech,218.42,215,3.3
PROD01059,Product_01059,Home,Kitchen Appliance,Nova,380.48,371,3.3
PROD01060,Product_01060,Sports,Sportswear,Nova,1356.48,163,3.4
PROD01061,Product_01061,Fashion,Jacket,UrbanX,290.32,172,3.0
PROD01062,Product_01062,Beauty,Skincare,Zenith,1084.06,267,2.9
PROD01063,Product_01063,Electronics,Smartwatch,Nova,985.81,380,3.8
PROD01064,Product_01064,Beauty,Fragrance,Nova,290.94,136,4.2
PROD01065,Product_01065,Fashion,Jeans,UrbanX,935.13,38,3.5
PROD01066,Product_01066,Electronics,Laptop,PrimeTech,897.21,425,2.9
PROD01067,Product_01067,Fashion,Shoes,UrbanX,719.52,484,3.2
PROD01068,Product_01068,Home,Lamp,Zenith,383.15,373,3.9
PROD01069,Product_01069,Electronics,Smartphone,Apex,323.43,307,2.8
PROD01070,Product_01070,Home,Chair,Apex,561.88,315,4.0
PROD01071,Product_01071,Home,Chair,Apex,1397.62,39,3.2
PROD01072,Product_01072,Books,Comics,Vertex,411.75,6,3.8
PROD01073,Product_01073,Beauty,Haircare,Vertex,715.84,281,4.9
PROD01074,Product_01074,Sports,Fitness Equipment,Zenith,2468.68,108,2.8
PROD01075,Product_01075,Electronics,Smartwatch,PrimeTech,529.14,37,4.7
PROD01076,Product_01076,Beauty,Fragrance,Nova,1346.85,191,3.8
PROD01077,Product_01077,Electronics,Headphones,Orion,691.71,256,4.5
PROD01078,Product_01078,Home,Kitchen Appliance,Orion,1303.84,249,3.4
PROD01079,Product_01079,Electronics,Headphones,Orion,473.54,451,4.3
PROD01080,Product_01080,Fashion,Jeans,UrbanX,579.92,48,4.4
PROD01081,Product_01081,Beauty,Fragrance,PrimeTech,627.96,201,3.6
PROD01082,Product_01082,Sports,Sportswear,PrimeTech,896.4,215,3.5
PROD01083,Product_01083,Home,Kitchen Appliance,Zenith,288.56,79,4.4
PROD01084,Product_01084,Home,Kitchen Appliance,Orion,285.45,437,5.0
PROD01085,Product_01085,Sports,Sportswear,Orion,1006.25,159,2.9
PROD01086,Product_01086,Sports,Fitness Equipment,Nova,117.85,275,3.7
PROD01087,Product_01087,Beauty,Fragrance,Zenith,884.86,40,3.4
PROD01088,Product_01088,Home,Chair,Nova,1369.46,190,2.8
PROD01089,Product_01089,Home,Lamp,Nova,745.1,86,3.8
PROD01090,Product_01090,Electronics,Headphones,Zenith,686.15,89,3.9
PROD01091,Product_01091,Beauty,Makeup,Orion,529.45,124,4.7
PROD01092,Product_01092,Beauty,Fragrance,PrimeTech,1334.03,233,3.4
PROD01093,Product_01093,Electronics,Smartwatch,PrimeTech,483.91,5,3.3
PROD01094,Product_01094,Sports,Outdoor Gear,Apex,405.5,363,4.1
PROD01095,Product_01095,Fashion,Shoes,Orion,425.53,106,4.9
PROD01096,Product_01096,Home,Chair,Nova,914.36,334,3.7
PROD01097,Product_01097,Fashion,Shoes,Orion,468.61,174,4.7
PROD01098,Product_01098,Beauty,Haircare,Apex,539.96,495,3.1
PROD01099,Product_01099,Books,Fiction,Apex,298.44,461,3.1
PROD01100,Product_01100,Electronics,Laptop,Apex,152.92,452,3.2
PROD01101,Product_01101,Books,Academic,Vertex,267.86,174,3.5
PROD01102,Product_01102,Beauty,Fragrance,Nova,1722.87,130,2.7
PROD01103,Product_01103,Books,Fiction,UrbanX,1786.14,350,2.9
PROD01104,Product_01104,Books,Fiction,UrbanX,492.51,123,4.9
PROD01105,Product_01105,Beauty,Skincare,Vertex,383.84,455,4.6
PROD01106,Product_01106,Books,Fiction,Vertex,2849.13,336,2.8
PROD01107,Product_01107,Sports,Outdoor Gear,Vertex,488.8,167,4.4
PROD01108,Product_01108,Sports,Outdoor Gear,Nova,787.42,12,3.1
PROD01109,Product_01109,Sports,Outdoor Gear,Orion,287.83,25,4.6
PROD01110,Product_01110,Fashion,Jeans,Nova,432.99,121,3.0
PROD01111,Product_01111,Sports,Fitness Equipment,Zenith,244.2,347,3.1
PROD01112,Product_01112,Beauty,Makeup,Vertex,403.98,330,4.1
PROD01113,Product_01113,Beauty,Fragrance,Zenith,104.45,67,3.4
PROD01114,Product_01114,Fashion,Shoes,PrimeTech,302.62,368,3.8
PROD01115,Product_01115,Sports,Outdoor Gear,Apex,1137.24,198,3.2
PROD01116,Product_01116,Electronics,Smartwatch,PrimeTech,686.28,432,4.9
PROD01117,Product_01117,Fashion,T-Shirt,Orion,1240.6,110,3.1
PROD01118,Product_01118,Electronics,Headphones,Zenith,455.28,485,3.8
PROD01119,Product_01119,Electronics,Smartwatch,Nova,422.97,100,3.2
PROD01120,Product_01120,Electronics,Headphones,PrimeTech,491.82,169,3.0
PROD01121,Product_01121,Sports,Sportswear,Apex,198.44,351,4.7
PROD01122,Product_01122,Beauty,Makeup,PrimeTech,221.87,20,4.9
PROD01123,Product_01123,Books,Non-Fiction,Nova,1810.16,472,3.4
PROD01124,Product_01124,Beauty,Haircare,Zenith,1819.28,28,3.3
PROD01125,Product_01125,Sports,Sportswear,Apex,690.39,379,2.7
PROD01126,Product_01126,Beauty,Haircare,PrimeTech,348.8,374,3.4
PROD01127,Product_01127,Home,Lamp,Apex,802.07,160,2.6
PROD01128,Product_01128,Books,Non-Fiction,Zenith,196.81,312,4.8
PROD01129,Product_01129,Beauty,Makeup,PrimeTech,443.32,494,3.8
PROD01130,Product_01130,Home,Kitchen Appliance,Apex,377.23,395,4.4
PROD01131,Product_01131,Fashion,T-Shirt,Nova,1689.9,142,4.3
PROD01132,Product_01132,Electronics,Headphones,Vertex,429.69,474,3.4
PROD01133,Product_01133,Books,Comics,Vertex,1336.2,419,4.5
PROD01134,Product_01134,Electronics,Laptop,UrbanX,699.08,309,2.9
PROD01135,Product_01135,Sports,Outdoor Gear,Zenith,416.56,419,3.8
PROD01136,Product_01136,Electronics,Smartwatch,Nova,106.88,224,4.6
PROD01137,Product_01137,Home,Table,Apex,913.34,213,4.3
PROD01138,Product_01138,Beauty,Haircare,Apex,931.33,328,3.3
PROD01139,Product_01139,Sports,Running Gear,Vertex,925.57,426,4.4
PROD01140,Product_01140,Beauty,Makeup,UrbanX,3039.48,38,4.7
PROD01141,Product_01141,Home,Table,Zenith,1071.54,56,5.0
PROD01142,Product_01142,Home,Chair,Vertex,321.76,97,3.4
PROD01143,Product_01143,Sports,Fitness Equipment,Zenith,886.24,33,3.3
PROD01144,Product_01144,Fashion,Jeans,PrimeTech,301.47,86,3.1
PROD01145,Product_01145,Sports,Fitness Equipment,Vertex,526.68,293,2.8
PROD01146,Product_01146,Fashion,Jacket,Orion,709.16,213,2.8
PROD01147,Product_01147,Books,Comics,Zenith,170.33,344,4.6
PROD01148,Product_01148,Sports,Fitness Equipment,Apex,268.48,79,2.6
PROD01149,Product_01149,Books,Academic,Vertex,364.62,372,2.8
PROD01150,Product_01150,Home,Kitchen Appliance,PrimeTech,294.95,125,2.5
PROD01151,Product_01151,Fashion,Jeans,Vertex,633.12,214,2.7
PROD01152,Product_01152,Home,Kitchen Appliance,Vertex,910.37,444,3.3
PROD01153,Product_01153,Beauty,Haircare,PrimeTech,740.25,296,3.5
PROD01154,Product_01154,Books,Comics,Vertex,198.51,94,3.8
PROD01155,Product_01155,Fashion,Shoes,Apex,533.57,489,4.5
PROD01156,Product_01156,Fashion,T-Shirt,Vertex,690.57,90,3.9
PROD01157,Product_01157,Home,Chair,UrbanX,403.24,243,3.3
PROD01158,Product_01158,Beauty,Haircare,Nova,184.8,259,4.2
PROD01159,Product_01159,Beauty,Haircare,UrbanX,220.1,217,4.9
PROD01160,Product_01160,Sports,Outdoor Gear,Nova,1530.27,254,3.7
PROD01161,Product_01161,Fashion,Jacket,Apex,372.08,82,2.6
PROD01162,Product_01162,Electronics,Laptop,PrimeTech,1406.53,70,4.5
PROD01163,Product_01163,Sports,Fitness Equipment,UrbanX,391.53,245,2.5
PROD01164,Product_01164,Books,Comics,Zenith,384.47,220,3.6
PROD01165,Product_01165,Electronics,Smartwatch,Orion,651.12,3,3.3
PROD01166,Product_01166,Fashion,T-Shirt,Orion,387.31,388,3.2
PROD01167,Product_01167,Sports,Outdoor Gear,Zenith,165.59,412,3.5
PROD01168,Product_01168,Sports,Fitness Equipment,UrbanX,1869.99,144,3.9
PROD01169,Product_01169,Beauty,Fragrance,Apex,290.17,461,4.1
PROD01170,Product_01170,Home,Lamp,Zenith,279.0,61,3.2
PROD01171,Product_01171,Home,Kitchen Appliance,Orion,697.47,191,4.6
PROD01172,Product_01172,Fashion,Shoes,UrbanX,355.47,469,3.2
PROD01173,Product_01173,Electronics,Smartphone,UrbanX,302.34,109,4.2
PROD01174,Product_01174,Beauty,Haircare,Orion,142.53,313,2.8
PROD01175,Product_01175,Sports,Outdoor Gear,Zenith,464.55,260,3.2
PROD01176,Product_01176,Home,Kitchen Appliance,Zenith,682.82,212,4.6
PROD01177,Product_01177,Home,Kitchen Appliance,Orion,196.82,386,4.5
PROD01178,Product_01178,Home,Chair,Apex,234.37,211,3.2
PROD01179,Product_01179,Fashion,Shoes,Vertex,621.42,496,4.5
PROD01180,Product_01180,Electronics,Smartwatch,Vertex,1212.97,401,2.7
PROD01181,Product_01181,Sports,Running Gear,Nova,1097.02,487,4.4
PROD01182,Product_01182,Sports,Sportswear,Nova,2303.46,383,4.6
PROD01183,Product_01183,Books,Comics,Orion,346.01,298,3.6
PROD01184,Product_01184,Fashion,Jeans,Nova,886.54,116,3.6
PROD01185,Product_01185,Electronics,Headphones,PrimeTech,768.52,222,3.5
PROD01186,Product_01186,Home,Chair,Vertex,727.09,439,4.6
PROD01187,Product_01187,Sports,Sportswear,PrimeTech,227.81,290,3.1
PROD01188,Product_01188,Electronics,Smartphone,UrbanX,602.18,342,4.3
PROD01189,Product_01189,Books,Fiction,Orion,930.23,364,3.6
PROD01190,Product_01190,Electronics,Smartwatch,Zenith,2053.55,62,4.8
PROD01191,Product_01191,Books,Non-Fiction,UrbanX,493.69,129,3.3
PROD01192,Product_01192,Beauty,Skincare,Orion,355.39,270,3.2
PROD01193,Product_01193,Fashion,Jeans,PrimeTech,3458.01,357,3.1
PROD01194,Product_01194,Sports,Sportswear,Apex,240.35,218,2.8
PROD01195,Product_01195,Home,Chair,Orion,354.69,443,2.6
PROD01196,Product_01196,Electronics,Smartwatch,PrimeTech,1560.77,418,3.1
PROD01197,Product_01197,Books,Academic,Orion,1446.74,163,4.3
PROD01198,Product_01198,Books,Non-Fiction,Zenith,162.06,474,3.5
PROD01199,Product_01199,Beauty,Skincare,Zenith,628.83,422,2.6
PROD01200,Product_01200,Books,Non-Fiction,Vertex,624.39,380,4.9
PROD01201,Product_01201,Home,Table,Vertex,1141.97,101,3.2
PROD01202,Product_01202,Sports,Fitness Equipment,Zenith,2591.74,84,2.6
PROD01203,Product_01203,Fashion,T-Shirt,Orion,99.0,414,2.6
PROD01204,Product_01204,Electronics,Smartphone,PrimeTech,381.09,224,2.6
PROD01205,Product_01205,Sports,Sportswear,Orion,727.9,20,4.9
PROD01206,Product_01206,Books,Fiction,Zenith,292.81,247,5.0
PROD01207,Product_01207,Home,Chair,UrbanX,336.11,286,4.3
PROD01208,Product_01208,Electronics,Laptop,PrimeTech,641.04,123,2.7
PROD01209,Product_01209,Fashion,T-Shirt,Zenith,1055.14,498,3.7
PROD01210,Product_01210,Sports,Running Gear,PrimeTech,878.96,363,3.4
PROD01211,Product_01211,Beauty,Makeup,Orion,287.51,17,2.6
PROD01212,Product_01212,Fashion,Jeans,Apex,261.68,192,2.5
PROD01213,Product_01213,Beauty,Haircare,PrimeTech,495.77,364,4.4
PROD01214,Product_01214,Fashion,T-Shirt,UrbanX,101.74,201,3.5
PROD01215,Product_01215,Home,Table,Nova,186.46,329,2.6
PROD01216,Product_01216,Books,Non-Fiction,Nova,2240.95,116,4.4
PROD01217,Product_01217,Sports,Running Gear,Orion,449.33,281,3.0
PROD01218,Product_01218,Books,Non-Fiction,UrbanX,452.4,495,4.5
PROD01219,Product_01219,Fashion,T-Shirt,Orion,243.62,191,3.7
PROD01220,Product_01220,Fashion,Shoes,UrbanX,671.26,418,5.0
PROD01221,Product_01221,Fashion,Jeans,Orion,224.58,124,2.9
PROD01222,Product_01222,Sports,Outdoor Gear,PrimeTech,156.91,31,4.6
PROD01223,Product_01223,Home,Chair,PrimeTech,392.71,101,3.0
PROD01224,Product_01224,Electronics,Headphones,UrbanX,476.67,413,4.8
PROD01225,Product_01225,Electronics,Smartphone,UrbanX,831.53,452,4.4
PROD01226,Product_01226,Home,Kitchen Appliance,PrimeTech,687.65,447,2.8
PROD01227,Product_01227,Electronics,Smartphone,UrbanX,133.8,215,4.8
PROD01228,Product_01228,Electronics,Smartphone,Vertex,878.69,84,4.2
PROD01229,Product_01229,Home,Chair,Zenith,248.08,106,2.7
PROD01230,Product_01230,Beauty,Skincare,Orion,566.72,223,3.1
PROD01231,Product_01231,Sports,Running Gear,Nova,550.55,447,3.3
PROD01232,Product_01232,Books,Fiction,Zenith,333.12,296,4.0
PROD01233,Product_01233,Electronics,Smartwatch,Orion,669.09,344,5.0
PROD01234,Product_01234,Books,Non-Fiction,Vertex,171.76,365,3.9
PROD01235,Product_01235,Books,Academic,Vertex,1322.38,245,3.5
PROD01236,Product_01236,Electronics,Smartphone,Nova,483.29,304,4.9
PROD01237,Product_01237,Electronics,Headphones,Orion,1572.04,307,3.2
PROD01238,Product_01238,Home,Chair,Apex,356.17,94,3.9
PROD01239,Product_01239,Beauty,Haircare,Apex,399.31,252,3.0
PROD01240,Product_01240,Electronics,Headphones,PrimeTech,704.62,425,2.7
PROD01241,Product_01241,Sports,Running Gear,Apex,396.87,284,5.0
PROD01242,Product_01242,Beauty,Haircare,UrbanX,1210.04,381,3.4
PROD01243,Product_01243,Books,Non-Fiction,Apex,214.26,284,3.9
PROD01244,Product_01244,Sports,Sportswear,PrimeTech,137.4,163,2.6
PROD01245,Product_01245,Sports,Fitness Equipment,Nova,3608.82,234,4.3
PROD01246,Product_01246,Electronics,Headphones,PrimeTech,414.75,425,2.9
PROD01247,Product_01247,Sports,Outdoor Gear,Zenith,709.39,447,2.5
PROD01248,Product_01248,Beauty,Fragrance,UrbanX,714.72,181,4.6
PROD01249,Product_01249,Electronics,Laptop,Zenith,416.57,138,4.2
PROD01250,Product_01250,Books,Fiction,PrimeTech,402.46,63,3.4
PROD01251,Product_01251,Sports,Sportswear,Zenith,409.84,16,4.4
PROD01252,Product_01252,Electronics,Smartphone,Orion,2012.64,116,4.9
PROD01253,Product_01253,Books,Academic,PrimeTech,401.74,453,4.7
PROD01254,Product_01254,Home,Kitchen Appliance,Zenith,302.3,363,4.5
PROD01255,Product_01255,Fashion,T-Shirt,Orion,306.28,416,3.3
PROD01256,Product_01256,Sports,Fitness Equipment,PrimeTech,495.69,151,4.3
PROD01257,Product_01257,Fashion,T-Shirt,PrimeTech,541.08,441,3.9
PROD01258,Product_01258,Home,Kitchen Appliance,Nova,1838.57,399,4.4
PROD01259,Product_01259,Books,Fiction,Orion,706.69,48,2.8
PROD01260,Product_01260,Electronics,Smartwatch,UrbanX,1447.26,314,4.4
PROD01261,Product_01261,Home,Chair,Vertex,869.87,387,4.5
PROD01262,Product_01262,Beauty,Haircare,Nova,543.63,255,3.6
PROD01263,Product_01263,Electronics,Smartphone,Orion,1378.85,193,3.2
PROD01264,Product_01264,Fashion,Jeans,Apex,1588.44,364,4.8
PROD01265,Product_01265,Books,Academic,UrbanX,610.27,287,4.9
PROD01266,Product_01266,Fashion,T-Shirt,Apex,400.39,433,3.2
PROD01267,Product_01267,Home,Kitchen Appliance,Apex,383.74,406,2.7
PROD01268,Product_01268,Home,Table,PrimeTech,846.98,259,4.8
PROD01269,Product_01269,Beauty,Makeup,Apex,287.4,383,3.9
PROD01270,Product_01270,Sports,Sportswear,Nova,329.66,449,4.6
PROD01271,Product_01271,Fashion,T-Shirt,Vertex,227.07,29,3.8
PROD01272,Product_01272,Beauty,Skincare,Vertex,3635.75,127,3.7
PROD01273,Product_01273,Sports,Outdoor Gear,Vertex,1850.73,371,4.2
PROD01274,Product_01274,Home,Chair,Apex,440.25,479,2.8
PROD01275,Product_01275,Beauty,Skincare,Vertex,1469.6,37,3.5
PROD01276,Product_01276,Electronics,Smartphone,Apex,246.08,181,4.6
PROD01277,Product_01277,Beauty,Makeup,Apex,1455.89,46,3.5
PROD01278,Product_01278,Books,Academic,UrbanX,483.58,400,2.9
PROD01279,Product_01279,Electronics,Laptop,Zenith,462.83,136,2.9
PROD01280,Product_01280,Sports,Fitness Equipment,Orion,419.76,333,4.9
PROD01281,Product_01281,Home,Kitchen Appliance,Orion,327.05,436,5.0
PROD01282,Product_01282,Electronics,Smartphone,Apex,324.21,348,3.5
PROD01283,Product_01283,Books,Fiction,Nova,432.19,309,4.5
PROD01284,Product_01284,Fashion,T-Shirt,Orion,1169.37,178,4.5
PROD01285,Product_01285,Home,Lamp,Zenith,573.8,379,3.4
PROD01286,Product_01286,Fashion,Jacket,Nova,571.11,108,4.4
PROD01287,Product_01287,Books,Fiction,Nova,260.06,241,3.5
PROD01288,Product_01288,Sports,Sportswear,UrbanX,699.93,70,4.9
PROD01289,Product_01289,Books,Comics,Apex,755.27,183,3.4
PROD01290,Product_01290,Beauty,Makeup,Zenith,286.4,357,3.6
PROD01291,Product_01291,Fashion,Shoes,Apex,326.78,74,2.9
PROD01292,Product_01292,Books,Comics,UrbanX,1103.4,444,4.2
PROD01293,Product_01293,Sports,Outdoor Gear,Vertex,678.83,57,4.7
PROD01294,Product_01294,Books,Fiction,Zenith,282.91,310,3.6
PROD01295,Product_01295,Books,Comics,Nova,463.7,252,3.9
PROD01296,Product_01296,Books,Non-Fiction,PrimeTech,380.65,163,4.2
PROD01297,Product_01297,Books,Non-Fiction,PrimeTech,229.4,384,3.5
PROD01298,Product_01298,Books,Comics,Orion,99.0,185,3.1
PROD01299,Product_01299,Home,Kitchen Appliance,Zenith,169.81,402,4.6
PROD01300,Product_01300,Electronics,Smartphone,PrimeTech,812.9,402,4.1
PROD01301,Product_01301,Beauty,Fragrance,Zenith,448.13,153,3.8
PROD01302,Product_01302,Home,Chair,Nova,3969.25,248,2.6
PROD01303,Product_01303,Beauty,Haircare,Vertex,1737.87,159,4.1
PROD01304,Product_01304,Home,Kitchen Appliance,UrbanX,857.76,287,4.8
PROD01305,Product_01305,Electronics,Smartwatch,Nova,525.36,121,3.8
PROD01306,Product_01306,Books,Fiction,Nova,309.32,424,3.9
PROD01307,Product_01307,Home,Lamp,Orion,496.65,238,3.6
PROD01308,Product_01308,Sports,Fitness Equipment,Vertex,553.31,378,2.9
PROD01309,Product_01309,Electronics,Smartphone,PrimeTech,4148.67,353,2.8
PROD01310,Product_01310,Books,Comics,Nova,491.32,54,3.1
PROD01311,Product_01311,Sports,Running Gear,Nova,557.27,146,3.3
PROD01312,Product_01312,Fashion,T-Shirt,Vertex,1650.9,495,4.3
PROD01313,Product_01313,Books,Fiction,Nova,634.35,280,4.5
PROD01314,Product_01314,Fashion,T-Shirt,Nova,1938.26,172,3.5
PROD01315,Product_01315,Sports,Outdoor Gear,Orion,331.5,12,3.6
PROD01316,Product_01316,Books,Fiction,PrimeTech,431.23,358,4.5
PROD01317,Product_01317,Beauty,Makeup,Vertex,408.36,87,4.1
PROD01318,Product_01318,Sports,Outdoor Gear,Zenith,655.71,309,3.7
PROD01319,Product_01319,Fashion,Jacket,Orion,839.3,34,4.2
PROD01320,Product_01320,Beauty,Skincare,PrimeTech,817.07,144,4.9
PROD01321,Product_01321,Electronics,Smartwatch,Apex,399.16,76,2.9
PROD01322,Product_01322,Beauty,Haircare,Apex,854.4,369,4.5
PROD01323,Product_01323,Sports,Sportswear,Zenith,2550.47,444,4.8
PROD01324,Product_01324,Books,Non-Fiction,UrbanX,937.26,2,3.9
PROD01325,Product_01325,Electronics,Laptop,PrimeTech,147.26,357,3.0
PROD01326,Product_01326,Sports,Running Gear,UrbanX,558.54,24,3.8
PROD01327,Product_01327,Beauty,Makeup,Zenith,301.38,114,4.4
PROD01328,Product_01328,Fashion,Jacket,Vertex,367.35,230,3.6
PROD01329,Product_01329,Books,Comics,Nova,900.71,23,4.9
PROD01330,Product_01330,Electronics,Smartwatch,UrbanX,1273.38,77,4.8
PROD01331,Product_01331,Beauty,Fragrance,Nova,805.34,75,3.3
PROD01332,Product_01332,Beauty,Fragrance,PrimeTech,255.6,383,4.8
PROD01333,Product_01333,Electronics,Laptop,Orion,1145.64,225,3.2
PROD01334,Product_01334,Sports,Running Gear,UrbanX,1435.18,172,2.9
PROD01335,Product_01335,Home,Table,Nova,300.37,271,2.8
PROD01336,Product_01336,Beauty,Makeup,Nova,472.38,156,4.2
PROD01337,Product_01337,Home,Kitchen Appliance,UrbanX,1003.72,226,4.4
PROD01338,Product_01338,Electronics,Headphones,Zenith,612.44,487,4.7
PROD01339,Product_01339,Electronics,Smartwatch,Vertex,1050.85,245,3.0
PROD01340,Product_01340,Sports,Outdoor Gear,Vertex,332.25,490,3.0
PROD01341,Product_01341,Home,Table,Apex,280.83,217,2.9
PROD01342,Product_01342,Books,Fiction,Vertex,470.02,220,2.7
PROD01343,Product_01343,Home,Table,UrbanX,973.14,205,3.2
PROD01344,Product_01344,Home,Chair,PrimeTech,792.82,305,4.1
PROD01345,Product_01345,Sports,Fitness Equipment,UrbanX,154.31,272,2.8
PROD01346,Product_01346,Beauty,Skincare,UrbanX,531.39,71,3.4
PROD01347,Product_01347,Sports,Running Gear,Zenith,1140.52,11,4.3
PROD01348,Product_01348,Sports,Running Gear,Vertex,489.16,299,4.5
PROD01349,Product_01349,Home,Table,Vertex,528.23,82,3.6
PROD01350,Product_01350,Beauty,Haircare,Apex,369.53,406,2.9
PROD01351,Product_01351,Fashion,Shoes,Vertex,542.31,38,4.7
PROD01352,Product_01352,Electronics,Laptop,Apex,308.25,168,2.7
PROD01353,Product_01353,Books,Comics,Vertex,604.93,471,3.8
PROD01354,Product_01354,Books,Comics,Nova,761.47,51,4.3
PROD01355,Product_01355,Beauty,Makeup,Orion,524.98,474,2.6
PROD01356,Product_01356,Fashion,Jeans,Vertex,444.45,82,4.6
PROD01357,Product_01357,Electronics,Headphones,Zenith,337.22,246,3.4
PROD01358,Product_01358,Fashion,Jacket,Vertex,352.06,138,2.7
PROD01359,Product_01359,Fashion,Jeans,Vertex,179.38,363,4.1
PROD01360,Product_01360,Sports,Sportswear,Orion,604.21,332,4.2
PROD01361,Product_01361,Books,Academic,Vertex,1323.74,173,3.5
PROD01362,Product_01362,Sports,Sportswear,Nova,246.52,33,2.6
PROD01363,Product_01363,Fashion,Shoes,UrbanX,896.05,288,4.3
PROD01364,Product_01364,Electronics,Smartphone,Orion,453.59,242,4.3
PROD01365,Product_01365,Home,Table,Nova,259.92,369,5.0
PROD01366,Product_01366,Beauty,Makeup,Orion,733.77,488,4.4
PROD01367,Product_01367,Books,Comics,UrbanX,1106.48,61,3.4
PROD01368,Product_01368,Beauty,Fragrance,Vertex,150.59,423,4.7
PROD01369,Product_01369,Electronics,Smartphone,Orion,677.83,339,2.5
PROD01370,Product_01370,Books,Non-Fiction,UrbanX,314.48,236,3.8
PROD01371,Product_01371,Electronics,Smartphone,Nova,249.61,420,4.3
PROD01372,Product_01372,Fashion,Shoes,Nova,168.03,24,2.8
PROD01373,Product_01373,Books,Non-Fiction,Vertex,132.46,374,2.5
PROD01374,Product_01374,Beauty,Fragrance,Orion,1064.77,174,4.5
PROD01375,Product_01375,Fashion,Jacket,PrimeTech,493.84,242,4.9
PROD01376,Product_01376,Books,Fiction,Zenith,468.63,293,2.7
PROD01377,Product_01377,Electronics,Smartphone,Vertex,292.74,497,4.0
PROD01378,Product_01378,Electronics,Smartphone,Nova,823.66,419,2.7
PROD01379,Product_01379,Sports,Running Gear,Zenith,269.68,252,4.0
PROD01380,Product_01380,Beauty,Skincare,Apex,416.95,17,3.6
PROD01381,Product_01381,Electronics,Laptop,Vertex,492.15,474,3.8
PROD01382,Product_01382,Home,Table,Apex,510.67,18,2.9
PROD01383,Product_01383,Home,Chair,Orion,585.66,72,2.7
PROD01384,Product_01384,Home,Kitchen Appliance,Apex,279.87,5,3.8
PROD01385,Product_01385,Books,Fiction,PrimeTech,243.11,393,3.0
PROD01386,Product_01386,Sports,Sportswear,Zenith,540.15,178,4.5
PROD01387,Product_01387,Fashion,Jeans,Zenith,231.32,427,2.8
PROD01388,Product_01388,Home,Table,UrbanX,1372.38,435,2.9
PROD01389,Product_01389,Sports,Outdoor Gear,Vertex,236.52,293,3.9
PROD01390,Product_01390,Books,Academic,Nova,1346.68,453,4.4
PROD01391,Product_01391,Home,Lamp,PrimeTech,222.9,69,4.1
PROD01392,Product_01392,Home,Lamp,Vertex,1308.68,164,4.9
PROD01393,Product_01393,Home,Table,Vertex,595.46,195,4.6
PROD01394,Product_01394,Beauty,Haircare,Orion,1768.22,189,4.3
PROD01395,Product_01395,Home,Lamp,UrbanX,430.8,361,3.0
PROD01396,Product_01396,Beauty,Fragrance,Apex,436.6,199,4.3
PROD01397,Product_01397,Beauty,Skincare,PrimeTech,1299.04,463,2.6
PROD01398,Product_01398,Home,Kitchen Appliance,PrimeTech,2015.6,10,3.8
PROD01399,Product_01399,Beauty,Haircare,Zenith,1040.63,374,3.1
PROD01400,Product_01400,Fashion,Jeans,Orion,192.22,344,2.7
PROD01401,Product_01401,Sports,Running Gear,Vertex,1932.83,225,4.5
PROD01402,Product_01402,Books,Academic,Orion,935.28,484,3.6
PROD01403,Product_01403,Home,Kitchen Appliance,Orion,579.99,287,3.2
PROD01404,Product_01404,Books,Academic,Zenith,485.71,453,3.3
PROD01405,Product_01405,Fashion,Jeans,PrimeTech,499.44,136,3.2
PROD01406,Product_01406,Books,Academic,Apex,626.67,256,3.3
PROD01407,Product_01407,Sports,Fitness Equipment,UrbanX,220.68,458,2.6
PROD01408,Product_01408,Electronics,Smartphone,Vertex,99.0,70,3.9
PROD01409,Product_01409,Electronics,Headphones,Orion,433.61,54,2.5
PROD01410,Product_01410,Fashion,Jacket,Vertex,137.04,193,4.8
PROD01411,Product_01411,Fashion,Shoes,Nova,309.27,261,3.9
PROD01412,Product_01412,Beauty,Makeup,UrbanX,374.3,203,4.6
PROD01413,Product_01413,Books,Academic,Zenith,617.77,36,2.9
PROD01414,Product_01414,Books,Comics,Vertex,607.81,379,4.5
PROD01415,Product_01415,Sports,Running Gear,Zenith,1514.44,321,4.5
PROD01416,Product_01416,Electronics,Laptop,PrimeTech,904.79,384,3.7
PROD01417,Product_01417,Beauty,Haircare,Nova,1473.84,158,3.6
PROD01418,Product_01418,Sports,Fitness Equipment,Orion,294.51,102,4.2
PROD01419,Product_01419,Books,Academic,PrimeTech,140.54,332,3.5
PROD01420,Product_01420,Books,Fiction,Apex,1121.49,186,4.5
PROD01421,Product_01421,Books,Non-Fiction,Orion,637.21,348,2.7
PROD01422,Product_01422,Home,Chair,Apex,406.39,64,2.8
PROD01423,Product_01423,Beauty,Skincare,Vertex,852.46,95,5.0
PROD01424,Product_01424,Fashion,Shoes,Orion,1558.85,479,4.8
PROD01425,Product_01425,Electronics,Headphones,Nova,921.35,492,4.5
PROD01426,Product_01426,Fashion,T-Shirt,Vertex,324.66,125,4.5
PROD01427,Product_01427,Sports,Sportswear,UrbanX,335.41,398,3.5
PROD01428,Product_01428,Electronics,Smartphone,Zenith,540.5,371,3.8
PROD01429,Product_01429,Sports,Sportswear,Nova,548.26,150,3.6
PROD01430,Product_01430,Sports,Sportswear,Orion,247.43,161,3.2
PROD01431,Product_01431,Home,Chair,Nova,868.22,344,3.5
PROD01432,Product_01432,Home,Table,PrimeTech,240.72,439,3.3
PROD01433,Product_01433,Fashion,Shoes,Apex,999.33,353,2.9
PROD01434,Product_01434,Home,Table,Vertex,234.69,101,4.7
PROD01435,Product_01435,Fashion,T-Shirt,Nova,695.25,41,4.4
PROD01436,Product_01436,Home,Chair,Orion,372.77,153,3.6
PROD01437,Product_01437,Electronics,Smartphone,Orion,380.03,392,2.6
PROD01438,Product_01438,Fashion,Jeans,PrimeTech,745.78,167,4.0
PROD01439,Product_01439,Beauty,Makeup,Apex,508.69,255,2.6
PROD01440,Product_01440,Beauty,Haircare,Vertex,516.8,232,3.2
PROD01441,Product_01441,Beauty,Skincare,UrbanX,1717.74,347,3.0
PROD01442,Product_01442,Fashion,T-Shirt,Apex,144.46,32,2.6
PROD01443,Product_01443,Electronics,Smartphone,Orion,369.41,278,3.2
PROD01444,Product_01444,Home,Kitchen Appliance,Apex,901.91,99,4.7
PROD01445,Product_01445,Electronics,Smartphone,Apex,543.04,53,3.8
PROD01446,Product_01446,Home,Lamp,Orion,133.82,420,2.7
PROD01447,Product_01447,Sports,Running Gear,Zenith,441.75,280,2.9
PROD01448,Product_01448,Fashion,Jeans,Zenith,346.03,335,3.4
PROD01449,Product_01449,Home,Chair,Apex,254.4,492,3.6
PROD01450,Product_01450,Fashion,Shoes,UrbanX,141.29,70,3.0
PROD01451,Product_01451,Books,Comics,Zenith,466.36,123,3.8
PROD01452,Product_01452,Electronics,Laptop,Apex,158.88,157,3.7
PROD01453,Product_01453,Sports,Running Gear,Vertex,132.04,193,3.9
PROD01454,Product_01454,Sports,Sportswear,Vertex,866.24,272,3.0
PROD01455,Product_01455,Electronics,Laptop,PrimeTech,1186.25,186,3.4
PROD01456,Product_01456,Books,Non-Fiction,Apex,858.67,382,4.6
PROD01457,Product_01457,Beauty,Makeup,Nova,260.87,262,3.2
PROD01458,Product_01458,Electronics,Smartwatch,Zenith,375.07,118,3.1
PROD01459,Product_01459,Sports,Fitness Equipment,Apex,498.79,246,3.9
PROD01460,Product_01460,Home,Kitchen Appliance,UrbanX,572.73,362,3.2
PROD01461,Product_01461,Fashion,T-Shirt,PrimeTech,456.52,203,3.2
PROD01462,Product_01462,Home,Kitchen Appliance,Orion,1128.19,359,2.7
PROD01463,Product_01463,Books,Non-Fiction,Vertex,421.64,261,4.6
PROD01464,Product_01464,Fashion,Jacket,PrimeTech,517.98,277,3.5
PROD01465,Product_01465,Fashion,T-Shirt,Zenith,387.89,497,4.7
PROD01466,Product_01466,Home,Lamp,Apex,1251.91,332,2.7
PROD01467,Product_01467,Books,Non-Fiction,PrimeTech,606.67,249,4.2
PROD01468,Product_01468,Books,Academic,Orion,300.65,45,4.4
PROD01469,Product_01469,Electronics,Laptop,Zenith,650.53,405,4.9
PROD01470,Product_01470,Books,Comics,Nova,339.14,412,3.5
PROD01471,Product_01471,Electronics,Smartwatch,PrimeTech,431.1,36,3.0
PROD01472,Product_01472,Fashion,Jacket,Apex,384.02,178,3.5
PROD01473,Product_01473,Books,Non-Fiction,Apex,292.23,325,4.1
PROD01474,Product_01474,Home,Table,PrimeTech,564.42,470,2.6
PROD01475,Product_01475,Electronics,Laptop,UrbanX,557.91,275,4.8
PROD01476,Product_01476,Sports,Outdoor Gear,Zenith,208.19,360,3.0
PROD01477,Product_01477,Sports,Outdoor Gear,Vertex,371.39,138,4.7
PROD01478,Product_01478,Sports,Outdoor Gear,Vertex,277.63,286,3.3
PROD01479,Product_01479,Sports,Fitness Equipment,PrimeTech,142.54,190,4.3
PROD01480,Product_01480,Fashion,Jeans,UrbanX,1364.34,348,3.4
PROD01481,Product_01481,Books,Fiction,Apex,445.91,357,3.3
PROD01482,Product_01482,Home,Kitchen Appliance,Nova,274.82,392,3.8
PROD01483,Product_01483,Sports,Running Gear,UrbanX,500.63,462,4.8
PROD01484,Product_01484,Beauty,Makeup,Nova,125.5,360,2.5
PROD01485,Product_01485,Home,Kitchen Appliance,Zenith,774.07,182,4.0
PROD01486,Product_01486,Home,Kitchen Appliance,Zenith,921.02,281,4.3
PROD01487,Product_01487,Beauty,Makeup,UrbanX,790.81,320,5.0
PROD01488,Product_01488,Sports,Fitness Equipment,Nova,707.44,391,4.6
PROD01489,Product_01489,Books,Academic,Apex,750.57,107,4.9
PROD01490,Product_01490,Books,Comics,UrbanX,1658.71,414,3.5
PROD01491,Product_01491,Electronics,Smartphone,Vertex,414.3,135,2.6
PROD01492,Product_01492,Beauty,Fragrance,Vertex,729.38,138,2.7
PROD01493,Product_01493,Fashion,Jeans,Zenith,495.46,265,3.5
PROD01494,Product_01494,Home,Table,Apex,1864.57,254,3.4
PROD01495,Product_01495,Sports,Running Gear,PrimeTech,1663.24,355,3.6
PROD01496,Product_01496,Fashion,Jacket,Zenith,635.3,234,4.8
PROD01497,Product_01497,Books,Non-Fiction,Apex,1476.33,388,3.3
PROD01498,Product_01498,Fashion,Jacket,UrbanX,454.84,15,4.0
PROD01499,Product_01499,Electronics,Smartwatch,PrimeTech,1602.41,78,5.0
PROD01500,Product_01500,Sports,Outdoor Gear,PrimeTech,347.07,333,4.0
PROD01501,Product_01501,Electronics,Headphones,UrbanX,456.5,335,3.4
PROD01502,Product_01502,Books,Academic,PrimeTech,345.26,407,4.4
PROD01503,Product_01503,Electronics,Smartwatch,Orion,454.0,359,3.3
PROD01504,Product_01504,Electronics,Laptop,Orion,269.39,123,3.1
PROD01505,Product_01505,Home,Lamp,Nova,560.48,430,4.0
PROD01506,Product_01506,Books,Non-Fiction,Zenith,122.41,398,5.0
PROD01507,Product_01507,Electronics,Smartwatch,Zenith,262.16,207,4.2
PROD01508,Product_01508,Sports,Running Gear,Orion,576.32,284,3.8
PROD01509,Product_01509,Home,Kitchen Appliance,UrbanX,563.69,5,3.6
PROD01510,Product_01510,Electronics,Laptop,Orion,582.82,110,2.6
PROD01511,Product_01511,Books,Non-Fiction,Nova,358.22,486,3.6
PROD01512,Product_01512,Beauty,Skincare,Orion,2008.91,225,3.2
PROD01513,Product_01513,Beauty,Fragrance,Nova,318.46,237,4.2
PROD01514,Product_01514,Fashion,Jacket,PrimeTech,232.36,251,4.2
PROD01515,Product_01515,Fashion,Jacket,PrimeTech,142.19,482,2.6
PROD01516,Product_01516,Electronics,Smartwatch,UrbanX,441.17,136,3.7
PROD01517,Product_01517,Books,Non-Fiction,Orion,885.9,480,4.9
PROD01518,Product_01518,Beauty,Fragrance,Zenith,500.86,486,4.2
PROD01519,Product_01519,Home,Kitchen Appliance,Nova,1376.49,123,3.8
PROD01520,Product_01520,Home,Lamp,PrimeTech,1384.41,64,5.0
PROD01521,Product_01521,Books,Fiction,Apex,568.09,345,4.7
PROD01522,Product_01522,Fashion,Jeans,Zenith,1447.78,318,4.2
PROD01523,Product_01523,Electronics,Smartphone,Vertex,1393.68,299,2.6
PROD01524,Product_01524,Books,Comics,Apex,385.07,158,3.7
PROD01525,Product_01525,Electronics,Smartwatch,Zenith,190.12,204,4.6
PROD01526,Product_01526,Beauty,Haircare,Nova,314.5,22,3.8
PROD01527,Product_01527,Home,Lamp,Vertex,349.5,295,3.1
PROD01528,Product_01528,Books,Academic,Vertex,5249.42,96,4.1
PROD01529,Product_01529,Home,Lamp,Apex,314.06,143,2.5
PROD01530,Product_01530,Home,Table,Zenith,1131.28,174,4.9
PROD01531,Product_01531,Electronics,Smartwatch,Nova,495.91,280,2.9
PROD01532,Product_01532,Books,Non-Fiction,PrimeTech,5683.84,366,3.5
PROD01533,Product_01533,Electronics,Laptop,PrimeTech,582.52,19,2.8
PROD01534,Product_01534,Home,Table,Nova,500.96,413,3.3
PROD01535,Product_01535,Books,Non-Fiction,Vertex,347.51,485,4.3
PROD01536,Product_01536,Fashion,Shoes,PrimeTech,468.57,28,2.5
PROD01537,Product_01537,Beauty,Skincare,Apex,1565.36,148,3.6
PROD01538,Product_01538,Books,Fiction,Zenith,799.98,41,3.0
PROD01539,Product_01539,Sports,Fitness Equipment,Apex,843.67,103,4.4
PROD01540,Product_01540,Fashion,Jeans,Orion,104.34,144,3.1
PROD01541,Product_01541,Electronics,Smartwatch,PrimeTech,151.2,254,3.7
PROD01542,Product_01542,Home,Lamp,Orion,504.39,375,3.2
PROD01543,Product_01543,Home,Lamp,Vertex,1158.42,162,3.9
PROD01544,Product_01544,Electronics,Headphones,Orion,249.81,30,3.0
PROD01545,Product_01545,Books,Academic,Apex,458.03,61,4.4
PROD01546,Product_01546,Sports,Outdoor Gear,UrbanX,636.42,164,3.5
PROD01547,Product_01547,Fashion,T-Shirt,Orion,831.31,94,3.7
PROD01548,Product_01548,Books,Academic,Orion,500.71,3,3.9
PROD01549,Product_01549,Fashion,Jacket,Orion,1348.37,240,4.6
PROD01550,Product_01550,Fashion,T-Shirt,Orion,1094.15,207,4.0
PROD01551,Product_01551,Books,Fiction,Vertex,1106.66,213,4.1
PROD01552,Product_01552,Fashion,Jeans,Apex,1937.54,106,2.9
PROD01553,Product_01553,Books,Academic,Nova,1147.56,249,4.7
PROD01554,Product_01554,Fashion,Jeans,Orion,125.59,322,3.3
PROD01555,Product_01555,Books,Non-Fiction,Zenith,164.06,178,4.8
PROD01556,Product_01556,Fashion,Jacket,Orion,575.93,70,4.5
PROD01557,Product_01557,Fashion,Jacket,Nova,228.05,443,4.4
PROD01558,Product_01558,Home,Table,Nova,302.57,371,3.7
PROD01559,Product_01559,Home,Table,PrimeTech,240.34,345,2.8
PROD01560,Product_01560,Home,Chair,UrbanX,891.7,143,3.9
PROD01561,Product_01561,Sports,Running Gear,Zenith,149.91,269,3.3
PROD01562,Product_01562,Books,Comics,UrbanX,452.85,355,4.5
PROD01563,Product_01563,Books,Academic,Zenith,439.58,79,4.0
PROD01564,Product_01564,Beauty,Skincare,PrimeTech,418.03,61,3.0
PROD01565,Product_01565,Electronics,Smartwatch,Vertex,690.98,280,4.9
PROD01566,Product_01566,Electronics,Laptop,Vertex,247.96,399,3.3
PROD01567,Product_01567,Electronics,Smartwatch,Orion,555.22,434,3.2
PROD01568,Product_01568,Electronics,Smartwatch,Apex,312.05,310,4.1
PROD01569,Product_01569,Beauty,Fragrance,Apex,241.9,232,2.5
PROD01570,Product_01570,Beauty,Fragrance,Vertex,576.82,473,4.1
PROD01571,Product_01571,Beauty,Makeup,Vertex,266.86,192,3.6
PROD01572,Product_01572,Electronics,Laptop,Nova,234.38,403,4.4
PROD01573,Product_01573,Electronics,Headphones,Orion,245.0,476,2.7
PROD01574,Product_01574,Sports,Fitness Equipment,Apex,619.1,449,2.9
PROD01575,Product_01575,Fashion,T-Shirt,PrimeTech,456.59,144,3.8
PROD01576,Product_01576,Home,Chair,Vertex,130.43,355,3.6
PROD01577,Product_01577,Books,Fiction,Vertex,4494.27,23,3.1
PROD01578,Product_01578,Sports,Fitness Equipment,UrbanX,706.6,498,4.1
PROD01579,Product_01579,Sports,Running Gear,Zenith,924.98,275,4.2
PROD01580,Product_01580,Beauty,Haircare,Apex,610.07,285,2.6
PROD01581,Product_01581,Books,Non-Fiction,Vertex,1199.74,307,4.9
PROD01582,Product_01582,Electronics,Smartwatch,Vertex,949.44,370,3.0
PROD01583,Product_01583,Home,Table,Vertex,520.95,225,3.3
PROD01584,Product_01584,Books,Comics,UrbanX,418.65,23,4.3
PROD01585,Product_01585,Home,Chair,Apex,362.11,246,4.7
PROD01586,Product_01586,Books,Fiction,UrbanX,474.32,356,4.3
PROD01587,Product_01587,Home,Lamp,Zenith,654.52,331,3.1
PROD01588,Product_01588,Sports,Outdoor Gear,PrimeTech,252.22,321,2.7
PROD01589,Product_01589,Fashion,Jacket,Zenith,275.17,363,4.6
PROD01590,Product_01590,Electronics,Headphones,Apex,936.78,185,4.3
PROD01591,Product_01591,Fashion,T-Shirt,Zenith,530.7,15,3.0
PROD01592,Product_01592,Books,Academic,Zenith,779.94,91,3.4
PROD01593,Product_01593,Electronics,Smartwatch,Apex,1395.38,323,3.6
PROD01594,Product_01594,Electronics,Smartphone,Nova,547.22,354,3.4
PROD01595,Product_01595,Home,Table,Nova,919.13,40,3.2
PROD01596,Product_01596,Beauty,Haircare,Vertex,297.9,198,4.0
PROD01597,Product_01597,Sports,Fitness Equipment,Zenith,542.82,237,4.2
PROD01598,Product_01598,Beauty,Skincare,Apex,205.27,4,5.0
PROD01599,Product_01599,Beauty,Fragrance,Orion,99.28,211,4.7
PROD01600,Product_01600,Fashion,Jacket,UrbanX,199.33,75,3.9
PROD01601,Product_01601,Sports,Fitness Equipment,PrimeTech,247.09,19,3.8
PROD01602,Product_01602,Beauty,Makeup,Nova,1029.81,4,4.2
PROD01603,Product_01603,Sports,Fitness Equipment,UrbanX,1750.97,377,4.4
PROD01604,Product_01604,Electronics,Headphones,PrimeTech,606.02,110,4.0
PROD01605,Product_01605,Sports,Running Gear,Zenith,1002.72,496,3.7
PROD01606,Product_01606,Home,Chair,PrimeTech,799.8,374,3.7
PROD01607,Product_01607,Books,Non-Fiction,Apex,727.97,344,4.7
PROD01608,Product_01608,Fashion,Jacket,Apex,610.12,75,4.1
PROD01609,Product_01609,Sports,Fitness Equipment,Nova,1240.0,315,3.2
PROD01610,Product_01610,Electronics,Smartwatch,UrbanX,713.81,457,3.4
PROD01611,Product_01611,Electronics,Headphones,Apex,440.6,157,3.3
PROD01612,Product_01612,Home,Lamp,Orion,499.89,477,2.9
PROD01613,Product_01613,Beauty,Haircare,Orion,251.15,419,4.7
PROD01614,Product_01614,Fashion,Shoes,UrbanX,216.74,20,4.7
PROD01615,Product_01615,Beauty,Makeup,Nova,569.94,433,2.8
PROD01616,Product_01616,Sports,Running Gear,Zenith,268.01,360,3.4
PROD01617,Product_01617,Electronics,Headphones,PrimeTech,562.18,363,2.6
PROD01618,Product_01618,Fashion,Jacket,Nova,144.86,337,2.9
PROD01619,Product_01619,Beauty,Haircare,UrbanX,814.61,237,3.0
PROD01620,Product_01620,Fashion,Jacket,Orion,272.53,322,3.1
PROD01621,Product_01621,Home,Table,Apex,549.55,389,3.6
PROD01622,Product_01622,Beauty,Haircare,Zenith,572.44,192,4.3
PROD01623,Product_01623,Beauty,Skincare,UrbanX,879.8,372,2.7
PROD01624,Product_01624,Beauty,Haircare,UrbanX,534.14,495,3.2
PROD01625,Product_01625,Beauty,Makeup,PrimeTech,700.1,373,4.2
PROD01626,Product_01626,Home,Chair,Orion,172.14,227,3.9
PROD01627,Product_01627,Beauty,Skincare,Apex,504.36,217,2.6
PROD01628,Product_01628,Home,Lamp,UrbanX,731.26,163,3.6
PROD01629,Product_01629,Beauty,Skincare,Vertex,512.23,499,3.6
PROD01630,Product_01630,Electronics,Laptop,Zenith,99.0,198,2.8
PROD01631,Product_01631,Home,Chair,PrimeTech,310.84,478,4.9
PROD01632,Product_01632,Home,Table,PrimeTech,1822.96,186,4.5
PROD01633,Product_01633,Beauty,Haircare,PrimeTech,132.03,25,2.7
PROD01634,Product_01634,Sports,Running Gear,Apex,365.09,344,2.7
PROD01635,Product_01635,Home,Table,UrbanX,830.88,140,4.5
PROD01636,Product_01636,Sports,Fitness Equipment,Nova,961.45,424,4.6
PROD01637,Product_01637,Home,Table,Orion,1262.47,482,3.0
PROD01638,Product_01638,Home,Table,UrbanX,1047.42,285,4.2
PROD01639,Product_01639,Home,Kitchen Appliance,Vertex,463.35,102,3.5
PROD01640,Product_01640,Home,Kitchen Appliance,Vertex,404.44,20,2.8
PROD01641,Product_01641,Electronics,Smartwatch,Nova,138.59,211,3.4
PROD01642,Product_01642,Books,Non-Fiction,Nova,598.3,296,4.5
PROD01643,Product_01643,Beauty,Makeup,UrbanX,1059.5,4,2.6
PROD01644,Product_01644,Home,Table,PrimeTech,287.54,370,4.0
PROD01645,Product_01645,Beauty,Skincare,Nova,1027.13,219,4.7
PROD01646,Product_01646,Fashion,Shoes,Apex,250.12,154,4.0
PROD01647,Product_01647,Books,Non-Fiction,Nova,602.86,173,3.1
PROD01648,Product_01648,Books,Non-Fiction,UrbanX,288.3,102,4.5
PROD01649,Product_01649,Home,Kitchen Appliance,Zenith,200.93,330,4.4
PROD01650,Product_01650,Beauty,Skincare,Apex,949.06,255,4.3
PROD01651,Product_01651,Beauty,Haircare,Vertex,400.14,479,4.0
PROD01652,Product_01652,Fashion,Shoes,UrbanX,1344.85,133,4.0
PROD01653,Product_01653,Sports,Running Gear,Orion,475.81,108,3.3
PROD01654,Product_01654,Sports,Sportswear,Zenith,183.71,224,4.5
PROD01655,Product_01655,Home,Kitchen Appliance,Nova,570.82,75,3.9
PROD01656,Product_01656,Sports,Fitness Equipment,Zenith,506.66,94,2.9
PROD01657,Product_01657,Fashion,Jeans,PrimeTech,1565.21,445,3.3
PROD01658,Product_01658,Electronics,Smartwatch,Zenith,775.94,468,2.9
PROD01659,Product_01659,Fashion,Jeans,UrbanX,538.92,87,4.5
PROD01660,Product_01660,Beauty,Skincare,PrimeTech,3742.82,12,2.7
PROD01661,Product_01661,Electronics,Laptop,Nova,1098.5,416,4.7
PROD01662,Product_01662,Sports,Running Gear,Orion,296.05,368,3.3
PROD01663,Product_01663,Beauty,Haircare,Apex,642.91,73,2.7
PROD01664,Product_01664,Sports,Running Gear,Zenith,494.7,276,2.5
PROD01665,Product_01665,Beauty,Fragrance,Nova,177.74,142,3.2
PROD01666,Product_01666,Books,Non-Fiction,Zenith,664.03,258,4.6
PROD01667,Product_01667,Electronics,Smartphone,Vertex,817.67,224,2.6
PROD01668,Product_01668,Electronics,Smartwatch,PrimeTech,245.44,234,2.8
PROD01669,Product_01669,Electronics,Headphones,Nova,626.97,280,4.2
PROD01670,Product_01670,Beauty,Fragrance,Nova,357.0,497,3.8
PROD01671,Product_01671,Home,Lamp,Vertex,331.16,439,2.9
PROD01672,Product_01672,Fashion,Shoes,Apex,140.8,200,3.2
PROD01673,Product_01673,Beauty,Fragrance,PrimeTech,269.03,112,4.4
PROD01674,Product_01674,Books,Fiction,Nova,931.65,129,4.5
PROD01675,Product_01675,Books,Comics,UrbanX,394.17,85,4.1
PROD01676,Product_01676,Beauty,Skincare,Apex,798.84,465,3.6
PROD01677,Product_01677,Beauty,Makeup,Zenith,439.77,253,3.2
PROD01678,Product_01678,Beauty,Skincare,Nova,535.14,459,2.6
PROD01679,Product_01679,Home,Kitchen Appliance,Orion,1922.5,165,3.5
PROD01680,Product_01680,Electronics,Smartphone,Apex,722.68,448,4.5
PROD01681,Product_01681,Electronics,Smartwatch,PrimeTech,274.6,469,2.7
PROD01682,Product_01682,Electronics,Smartphone,UrbanX,254.39,70,4.8
PROD01683,Product_01683,Home,Table,Nova,698.24,76,2.7
PROD01684,Product_01684,Sports,Fitness Equipment,Zenith,1850.08,357,4.4
PROD01685,Product_01685,Books,Comics,Orion,274.75,178,4.8
PROD01686,Product_01686,Fashion,Jeans,Orion,953.6,89,4.7
PROD01687,Product_01687,Home,Kitchen Appliance,Apex,317.72,155,4.8
PROD01688,Product_01688,Fashion,T-Shirt,Zenith,1197.92,1,3.1
PROD01689,Product_01689,Beauty,Haircare,Orion,314.66,31,4.2
PROD01690,Product_01690,Electronics,Smartphone,UrbanX,491.52,113,4.2
PROD01691,Product_01691,Fashion,Jeans,Nova,295.96,328,2.9
PROD01692,Product_01692,Home,Chair,Orion,136.79,25,3.8
PROD01693,Product_01693,Beauty,Skincare,Zenith,1230.58,329,3.9
PROD01694,Product_01694,Fashion,Shoes,Nova,609.33,168,3.3
PROD01695,Product_01695,Fashion,Shoes,Vertex,327.86,310,3.0
PROD01696,Product_01696,Books,Fiction,UrbanX,715.63,261,4.9
PROD01697,Product_01697,Beauty,Skincare,Apex,1093.45,487,4.5
PROD01698,Product_01698,Beauty,Haircare,Nova,414.01,463,3.3
PROD01699,Product_01699,Fashion,Shoes,Vertex,359.21,248,3.4
PROD01700,Product_01700,Beauty,Fragrance,Orion,1108.7,296,2.9
PROD01701,Product_01701,Sports,Fitness Equipment,PrimeTech,369.41,495,3.3
PROD01702,Product_01702,Beauty,Makeup,UrbanX,451.45,421,4.5
PROD01703,Product_01703,Beauty,Skincare,Zenith,1182.42,141,4.8
PROD01704,Product_01704,Home,Chair,UrbanX,688.13,172,3.8
PROD01705,Product_01705,Electronics,Smartphone,Nova,333.82,127,3.3
PROD01706,Product_01706,Books,Comics,Orion,1309.0,437,4.1
PROD01707,Product_01707,Books,Non-Fiction,PrimeTech,106.93,299,4.5
PROD01708,Product_01708,Home,Kitchen Appliance,PrimeTech,1216.0,441,3.6
PROD01709,Product_01709,Books,Comics,Apex,2201.54,38,3.6
PROD01710,Product_01710,Books,Comics,Nova,765.38,258,2.6
PROD01711,Product_01711,Electronics,Smartphone,Zenith,418.89,311,2.9
PROD01712,Product_01712,Sports,Fitness Equipment,Nova,425.19,301,3.7
PROD01713,Product_01713,Beauty,Haircare,Zenith,1108.29,82,4.1
PROD01714,Product_01714,Books,Comics,Vertex,627.21,438,2.8
PROD01715,Product_01715,Home,Kitchen Appliance,UrbanX,374.79,180,3.5
PROD01716,Product_01716,Home,Table,Vertex,385.52,308,3.1
PROD01717,Product_01717,Sports,Running Gear,Zenith,281.73,75,3.7
PROD01718,Product_01718,Beauty,Fragrance,Vertex,590.88,430,4.0
PROD01719,Product_01719,Fashion,Jacket,Nova,208.89,424,3.7
PROD01720,Product_01720,Fashion,Jacket,Nova,175.96,354,3.0
PROD01721,Product_01721,Electronics,Smartwatch,PrimeTech,441.9,327,3.1
PROD01722,Product_01722,Home,Chair,Apex,356.14,201,2.7
PROD01723,Product_01723,Beauty,Skincare,Nova,1518.15,286,3.5
PROD01724,Product_01724,Fashion,Shoes,Apex,699.74,161,4.6
PROD01725,Product_01725,Books,Comics,UrbanX,536.21,7,3.3
PROD01726,Product_01726,Beauty,Fragrance,Apex,228.69,405,3.3
PROD01727,Product_01727,Sports,Fitness Equipment,Orion,268.9,101,2.9
PROD01728,Product_01728,Books,Fiction,Orion,1493.02,483,4.5
PROD01729,Product_01729,Beauty,Skincare,Zenith,639.82,279,3.1
PROD01730,Product_01730,Sports,Outdoor Gear,Orion,409.8,120,4.9
PROD01731,Product_01731,Books,Fiction,Nova,2710.22,403,3.7
PROD01732,Product_01732,Sports,Outdoor Gear,Nova,1108.7,112,4.3
PROD01733,Product_01733,Home,Lamp,UrbanX,565.96,174,4.6
PROD01734,Product_01734,Fashion,T-Shirt,PrimeTech,512.77,12,2.9
PROD01735,Product_01735,Electronics,Smartwatch,Orion,1454.96,278,5.0
PROD01736,Product_01736,Fashion,Jacket,UrbanX,646.08,87,4.7
PROD01737,Product_01737,Electronics,Headphones,UrbanX,169.27,140,5.0
PROD01738,Product_01738,Fashion,Jeans,Vertex,163.48,31,2.6
PROD01739,Product_01739,Fashion,Jacket,Nova,223.26,283,4.2
PROD01740,Product_01740,Electronics,Smartphone,Vertex,618.79,480,3.6
PROD01741,Product_01741,Books,Academic,PrimeTech,968.65,23,4.0
PROD01742,Product_01742,Electronics,Laptop,PrimeTech,559.68,470,4.3
PROD01743,Product_01743,Beauty,Haircare,Orion,2962.34,440,4.1
PROD01744,Product_01744,Sports,Sportswear,Zenith,993.05,433,2.9
PROD01745,Product_01745,Home,Lamp,Zenith,1116.67,299,3.5
PROD01746,Product_01746,Books,Non-Fiction,UrbanX,679.13,164,4.0
PROD01747,Product_01747,Beauty,Fragrance,Zenith,607.36,421,3.4
PROD01748,Product_01748,Sports,Outdoor Gear,Nova,447.97,269,3.1
PROD01749,Product_01749,Books,Non-Fiction,Zenith,1093.86,246,4.2
PROD01750,Product_01750,Fashion,Jeans,Zenith,1450.3,104,2.5
PROD01751,Product_01751,Sports,Sportswear,Vertex,222.88,319,4.6
PROD01752,Product_01752,Sports,Outdoor Gear,Zenith,283.93,13,3.4
PROD01753,Product_01753,Home,Table,Orion,143.12,500,3.3
PROD01754,Product_01754,Beauty,Makeup,Apex,1644.49,27,2.8
PROD01755,Product_01755,Sports,Running Gear,Nova,262.18,449,3.0
PROD01756,Product_01756,Electronics,Headphones,Orion,2590.72,291,2.9
PROD01757,Product_01757,Sports,Running Gear,PrimeTech,899.9,384,4.1
PROD01758,Product_01758,Books,Non-Fiction,UrbanX,565.02,145,3.8
PROD01759,Product_01759,Home,Chair,Orion,435.16,153,3.1
PROD01760,Product_01760,Books,Academic,Zenith,163.72,469,4.7
PROD01761,Product_01761,Fashion,Jeans,UrbanX,264.38,396,3.1
PROD01762,Product_01762,Home,Kitchen Appliance,Nova,949.22,231,2.8
PROD01763,Product_01763,Books,Fiction,PrimeTech,1166.24,172,3.7
PROD01764,Product_01764,Electronics,Headphones,Orion,480.16,107,4.0
PROD01765,Product_01765,Beauty,Makeup,Vertex,293.04,438,2.6
PROD01766,Product_01766,Home,Lamp,Nova,284.06,490,3.5
PROD01767,Product_01767,Electronics,Smartwatch,Orion,1091.55,27,4.6
PROD01768,Product_01768,Sports,Outdoor Gear,UrbanX,297.14,320,2.9
PROD01769,Product_01769,Home,Lamp,Orion,681.45,427,4.7
PROD01770,Product_01770,Beauty,Haircare,Vertex,629.65,420,3.1
PROD01771,Product_01771,Electronics,Smartphone,PrimeTech,254.61,286,3.6
PROD01772,Product_01772,Home,Chair,Orion,146.01,298,4.7
PROD01773,Product_01773,Sports,Fitness Equipment,Nova,1251.3,469,4.6
PROD01774,Product_01774,Books,Comics,PrimeTech,1297.6,412,4.7
PROD01775,Product_01775,Sports,Fitness Equipment,Apex,495.73,467,4.6
PROD01776,Product_01776,Home,Table,PrimeTech,673.67,318,4.0
PROD01777,Product_01777,Home,Kitchen Appliance,Zenith,414.88,216,2.5
PROD01778,Product_01778,Home,Lamp,Vertex,2421.1,46,4.1
PROD01779,Product_01779,Beauty,Makeup,Vertex,448.27,148,4.1
PROD01780,Product_01780,Books,Comics,Zenith,138.87,14,4.7
PROD01781,Product_01781,Fashion,Jacket,PrimeTech,233.98,342,4.0
PROD01782,Product_01782,Electronics,Headphones,Zenith,392.58,189,3.7
PROD01783,Product_01783,Electronics,Headphones,Zenith,679.87,399,4.1
PROD01784,Product_01784,Fashion,Shoes,UrbanX,378.48,38,3.3
PROD01785,Product_01785,Beauty,Skincare,Apex,496.42,457,3.1
PROD01786,Product_01786,Electronics,Smartwatch,PrimeTech,1143.75,184,3.0
PROD01787,Product_01787,Beauty,Fragrance,Vertex,790.37,476,4.6
PROD01788,Product_01788,Sports,Running Gear,Zenith,414.1,170,4.7
PROD01789,Product_01789,Electronics,Laptop,Zenith,355.92,334,2.6
PROD01790,Product_01790,Home,Lamp,Vertex,636.4,279,2.5
PROD01791,Product_01791,Home,Kitchen Appliance,Nova,567.82,457,3.2
PROD01792,Product_01792,Electronics,Smartwatch,Zenith,122.34,296,4.6
PROD01793,Product_01793,Sports,Sportswear,Apex,373.92,358,3.6
PROD01794,Product_01794,Fashion,Jacket,Zenith,383.12,450,4.7
PROD01795,Product_01795,Home,Chair,UrbanX,652.64,414,3.2
PROD01796,Product_01796,Home,Table,Zenith,665.07,309,2.9
PROD01797,Product_01797,Home,Kitchen Appliance,Orion,757.85,481,3.7
PROD01798,Product_01798,Beauty,Makeup,Orion,421.12,38,4.3
PROD01799,Product_01799,Electronics,Laptop,Orion,728.79,184,4.7
PROD01800,Product_01800,Sports,Fitness Equipment,Orion,1067.6,281,2.6
PROD01801,Product_01801,Books,Comics,Apex,474.08,470,4.5
PROD01802,Product_01802,Electronics,Smartphone,Zenith,615.42,360,2.9
PROD01803,Product_01803,Sports,Sportswear,PrimeTech,258.4,334,2.8
PROD01804,Product_01804,Electronics,Smartphone,Apex,501.72,368,2.8
PROD01805,Product_01805,Books,Academic,Zenith,1628.59,270,4.3
PROD01806,Product_01806,Electronics,Laptop,Zenith,548.56,162,3.9
PROD01807,Product_01807,Electronics,Smartwatch,PrimeTech,933.32,29,2.8
PROD01808,Product_01808,Books,Comics,PrimeTech,349.66,109,3.8
PROD01809,Product_01809,Sports,Fitness Equipment,UrbanX,752.75,427,3.8
PROD01810,Product_01810,Fashion,Jeans,Nova,2027.88,361,3.2
PROD01811,Product_01811,Electronics,Smartwatch,Zenith,1182.94,4,4.4
PROD01812,Product_01812,Fashion,Jacket,Vertex,1517.84,53,4.6
PROD01813,Product_01813,Books,Non-Fiction,Orion,689.73,256,3.3
PROD01814,Product_01814,Home,Kitchen Appliance,Apex,1458.38,149,4.1
PROD01815,Product_01815,Beauty,Makeup,Orion,901.72,207,3.1
PROD01816,Product_01816,Electronics,Laptop,Vertex,597.12,456,3.0
PROD01817,Product_01817,Home,Chair,Nova,116.83,68,2.9
PROD01818,Product_01818,Electronics,Smartwatch,Zenith,1047.95,489,3.6
PROD01819,Product_01819,Home,Kitchen Appliance,UrbanX,596.24,136,2.7
PROD01820,Product_01820,Sports,Sportswear,PrimeTech,444.38,193,3.6
PROD01821,Product_01821,Electronics,Smartphone,Zenith,522.36,421,4.3
PROD01822,Product_01822,Sports,Outdoor Gear,Vertex,417.56,399,3.9
PROD01823,Product_01823,Beauty,Haircare,Zenith,838.09,374,2.6
PROD01824,Product_01824,Books,Fiction,PrimeTech,142.93,387,3.9
PROD01825,Product_01825,Electronics,Smartwatch,UrbanX,185.71,213,2.9
PROD01826,Product_01826,Electronics,Smartphone,Apex,505.23,306,4.6
PROD01827,Product_01827,Sports,Sportswear,Vertex,246.7,129,4.5
PROD01828,Product_01828,Home,Lamp,UrbanX,109.17,129,4.9
PROD01829,Product_01829,Electronics,Smartwatch,Zenith,626.36,116,3.9
PROD01830,Product_01830,Electronics,Smartwatch,Orion,1100.86,341,4.3
PROD01831,Product_01831,Electronics,Smartphone,Orion,787.6,68,2.6
PROD01832,Product_01832,Fashion,Jeans,Zenith,643.91,196,3.1
PROD01833,Product_01833,Books,Academic,Zenith,756.22,439,3.9
PROD01834,Product_01834,Electronics,Laptop,UrbanX,512.75,296,3.2
PROD01835,Product_01835,Fashion,Jeans,Zenith,979.41,159,4.7
PROD01836,Product_01836,Beauty,Fragrance,UrbanX,1229.42,386,3.4
PROD01837,Product_01837,Fashion,Shoes,PrimeTech,601.99,15,4.5
PROD01838,Product_01838,Beauty,Makeup,Orion,141.31,417,4.2
PROD01839,Product_01839,Electronics,Smartwatch,Vertex,749.73,76,3.0
PROD01840,Product_01840,Books,Non-Fiction,Nova,907.67,163,3.0
PROD01841,Product_01841,Beauty,Haircare,Orion,1467.36,179,4.3
PROD01842,Product_01842,Electronics,Smartwatch,Orion,2394.69,486,3.3
PROD01843,Product_01843,Fashion,Shoes,Orion,548.59,487,3.7
PROD01844,Product_01844,Fashion,Shoes,Zenith,1503.77,263,3.3
PROD01845,Product_01845,Beauty,Fragrance,Nova,1091.61,143,2.8
PROD01846,Product_01846,Electronics,Smartphone,Apex,931.25,277,3.7
PROD01847,Product_01847,Electronics,Smartphone,Vertex,771.42,403,3.1
PROD01848,Product_01848,Sports,Running Gear,PrimeTech,1826.28,370,3.9
PROD01849,Product_01849,Beauty,Makeup,Orion,738.92,427,2.9
PROD01850,Product_01850,Books,Fiction,Nova,1664.11,474,3.4
PROD01851,Product_01851,Sports,Sportswear,PrimeTech,452.46,246,3.4
PROD01852,Product_01852,Home,Table,Orion,1589.71,434,4.3
PROD01853,Product_01853,Books,Academic,Zenith,602.98,312,3.8
PROD01854,Product_01854,Home,Table,Apex,345.12,432,3.7
PROD01855,Product_01855,Fashion,Shoes,Zenith,469.87,246,4.7
PROD01856,Product_01856,Books,Non-Fiction,Orion,923.66,336,4.5
PROD01857,Product_01857,Home,Lamp,Vertex,562.24,198,3.2
PROD01858,Product_01858,Beauty,Fragrance,Vertex,288.46,451,3.0
PROD01859,Product_01859,Home,Lamp,UrbanX,183.79,333,3.5
PROD01860,Product_01860,Beauty,Makeup,Nova,99.0,255,3.3
PROD01861,Product_01861,Home,Lamp,Vertex,162.03,367,4.5
PROD01862,Product_01862,Fashion,T-Shirt,Apex,831.97,427,3.2
PROD01863,Product_01863,Home,Kitchen Appliance,Vertex,675.51,34,4.0
PROD01864,Product_01864,Books,Fiction,Nova,805.77,13,3.1
PROD01865,Product_01865,Beauty,Haircare,Orion,225.21,14,3.3
PROD01866,Product_01866,Fashion,Shoes,Nova,211.38,438,2.7
PROD01867,Product_01867,Fashion,Jacket,PrimeTech,602.09,225,5.0
PROD01868,Product_01868,Home,Kitchen Appliance,Zenith,911.19,391,3.9
PROD01869,Product_01869,Fashion,T-Shirt,Zenith,210.57,253,3.6
PROD01870,Product_01870,Books,Academic,Apex,407.32,155,4.7
PROD01871,Product_01871,Fashion,Shoes,Apex,453.78,358,3.2
PROD01872,Product_01872,Home,Lamp,Orion,842.15,81,4.0
PROD01873,Product_01873,Beauty,Skincare,Orion,3976.8,372,3.6
PROD01874,Product_01874,Electronics,Headphones,Orion,1769.61,178,3.4
PROD01875,Product_01875,Electronics,Headphones,Nova,338.0,468,3.1
PROD01876,Product_01876,Home,Chair,Vertex,383.83,138,3.6
PROD01877,Product_01877,Fashion,Jacket,Apex,356.09,274,3.5
PROD01878,Product_01878,Beauty,Haircare,Apex,1009.25,281,4.9
PROD01879,Product_01879,Sports,Fitness Equipment,PrimeTech,462.12,130,4.1
PROD01880,Product_01880,Electronics,Headphones,Zenith,2963.81,378,3.2
PROD01881,Product_01881,Beauty,Haircare,Vertex,1366.49,201,4.4
PROD01882,Product_01882,Sports,Fitness Equipment,Nova,665.65,447,4.9
PROD01883,Product_01883,Beauty,Haircare,Orion,414.81,138,4.2
PROD01884,Product_01884,Electronics,Smartphone,UrbanX,389.36,81,2.9
PROD01885,Product_01885,Fashion,Shoes,Orion,222.97,431,4.9
PROD01886,Product_01886,Beauty,Skincare,Nova,180.33,345,4.8
PROD01887,Product_01887,Electronics,Smartwatch,Vertex,701.1,416,3.6
PROD01888,Product_01888,Fashion,Jacket,UrbanX,485.08,435,4.5
PROD01889,Product_01889,Home,Chair,Apex,306.13,467,4.3
PROD01890,Product_01890,Electronics,Headphones,PrimeTech,855.67,358,4.2
PROD01891,Product_01891,Fashion,Jeans,Orion,1051.37,296,4.6
PROD01892,Product_01892,Home,Kitchen Appliance,Zenith,334.44,409,4.8
PROD01893,Product_01893,Books,Comics,UrbanX,3937.52,414,4.3
PROD01894,Product_01894,Fashion,Shoes,Orion,736.23,113,3.8
PROD01895,Product_01895,Fashion,Shoes,PrimeTech,365.73,355,4.5
PROD01896,Product_01896,Books,Comics,Nova,255.22,251,2.7
PROD01897,Product_01897,Home,Table,Nova,2160.22,177,4.0
PROD01898,Product_01898,Fashion,Shoes,Orion,380.47,361,3.8
PROD01899,Product_01899,Electronics,Smartwatch,Zenith,502.61,322,5.0
PROD01900,Product_01900,Sports,Outdoor Gear,Apex,659.76,319,3.6
PROD01901,Product_01901,Beauty,Skincare,Orion,707.15,345,4.7
PROD01902,Product_01902,Electronics,Headphones,PrimeTech,967.25,31,3.1
PROD01903,Product_01903,Books,Non-Fiction,Apex,385.04,431,4.7
PROD01904,Product_01904,Books,Academic,Vertex,1562.63,459,4.7
PROD01905,Product_01905,Books,Academic,Zenith,1433.17,262,3.1
PROD01906,Product_01906,Fashion,T-Shirt,Apex,200.31,363,4.3
PROD01907,Product_01907,Fashion,T-Shirt,Zenith,307.53,475,5.0
PROD01908,Product_01908,Books,Fiction,Zenith,344.07,455,3.9
PROD01909,Product_01909,Electronics,Laptop,Orion,729.38,441,3.2
PROD01910,Product_01910,Beauty,Makeup,Vertex,205.11,99,3.6
PROD01911,Product_01911,Sports,Fitness Equipment,Orion,512.21,450,2.6
PROD01912,Product_01912,Electronics,Smartwatch,Apex,124.13,437,2.6
PROD01913,Product_01913,Beauty,Haircare,Nova,1125.69,158,4.2
PROD01914,Product_01914,Fashion,T-Shirt,Orion,553.31,393,4.3
PROD01915,Product_01915,Sports,Running Gear,Nova,155.0,111,3.4
PROD01916,Product_01916,Fashion,Shoes,Nova,243.35,146,3.9
PROD01917,Product_01917,Home,Kitchen Appliance,Vertex,3021.71,266,4.4
PROD01918,Product_01918,Sports,Fitness Equipment,UrbanX,242.58,208,4.5
PROD01919,Product_01919,Fashion,Jeans,Zenith,99.0,74,4.3
PROD01920,Product_01920,Sports,Running Gear,Zenith,487.17,98,3.8
PROD01921,Product_01921,Home,Table,Apex,258.57,500,4.4
PROD01922,Product_01922,Books,Academic,Vertex,906.89,239,4.2
PROD01923,Product_01923,Sports,Sportswear,Orion,325.72,261,3.6
PROD01924,Product_01924,Books,Academic,Vertex,332.29,157,2.9
PROD01925,Product_01925,Fashion,Shoes,Apex,396.07,248,4.2
PROD01926,Product_01926,Sports,Fitness Equipment,PrimeTech,346.09,272,3.6
PROD01927,Product_01927,Electronics,Smartphone,Zenith,276.76,41,3.0
PROD01928,Product_01928,Home,Lamp,UrbanX,784.41,167,3.5
PROD01929,Product_01929,Sports,Running Gear,UrbanX,1113.0,378,2.7
PROD01930,Product_01930,Fashion,Jacket,PrimeTech,924.09,121,3.2
PROD01931,Product_01931,Books,Fiction,Apex,770.57,160,4.7
PROD01932,Product_01932,Sports,Running Gear,Orion,1151.93,135,2.7
PROD01933,Product_01933,Sports,Running Gear,Nova,590.79,457,2.9
PROD01934,Product_01934,Books,Academic,PrimeTech,604.13,359,4.4
PROD01935,Product_01935,Books,Fiction,Apex,192.74,291,4.8
PROD01936,Product_01936,Beauty,Fragrance,Nova,576.14,303,4.2
PROD01937,Product_01937,Home,Chair,PrimeTech,1768.57,428,2.6
PROD01938,Product_01938,Beauty,Skincare,PrimeTech,158.57,377,3.5
PROD01939,Product_01939,Electronics,Smartphone,Orion,498.27,194,5.0
PROD01940,Product_01940,Sports,Outdoor Gear,Nova,361.68,44,4.4
PROD01941,Product_01941,Beauty,Makeup,PrimeTech,700.99,203,4.3
PROD01942,Product_01942,Home,Chair,Nova,1274.02,404,3.5
PROD01943,Product_01943,Sports,Fitness Equipment,UrbanX,3298.95,259,3.3
PROD01944,Product_01944,Home,Lamp,PrimeTech,467.33,26,2.9
PROD01945,Product_01945,Home,Lamp,PrimeTech,366.55,239,3.5
PROD01946,Product_01946,Home,Chair,Zenith,405.84,184,4.4
PROD01947,Product_01947,Electronics,Smartwatch,Vertex,895.01,262,4.7
PROD01948,Product_01948,Fashion,T-Shirt,PrimeTech,560.56,466,4.0
PROD01949,Product_01949,Books,Fiction,Orion,1656.5,372,3.0
PROD01950,Product_01950,Beauty,Makeup,Apex,723.66,301,4.1
PROD01951,Product_01951,Books,Fiction,UrbanX,877.16,21,4.8
PROD01952,Product_01952,Home,Chair,Zenith,1356.34,109,2.8
PROD01953,Product_01953,Sports,Sportswear,PrimeTech,547.08,168,2.6
PROD01954,Product_01954,Home,Chair,Apex,586.24,209,3.6
PROD01955,Product_01955,Fashion,Shoes,UrbanX,202.77,99,3.4
PROD01956,Product_01956,Books,Academic,Apex,796.39,17,3.8
PROD01957,Product_01957,Books,Non-Fiction,PrimeTech,519.12,8,2.6
PROD01958,Product_01958,Beauty,Makeup,Apex,204.82,184,4.2
PROD01959,Product_01959,Sports,Running Gear,Apex,532.5,19,4.7
PROD01960,Product_01960,Fashion,Jeans,PrimeTech,427.47,303,3.0
PROD01961,Product_01961,Sports,Running Gear,Zenith,701.67,33,3.5
PROD01962,Product_01962,Sports,Outdoor Gear,PrimeTech,580.99,374,3.8
PROD01963,Product_01963,Beauty,Skincare,PrimeTech,351.48,407,4.2
PROD01964,Product_01964,Books,Comics,PrimeTech,601.54,398,2.8
PROD01965,Product_01965,Beauty,Haircare,UrbanX,274.23,208,2.9
PROD01966,Product_01966,Home,Table,Apex,306.88,205,4.2
PROD01967,Product_01967,Fashion,Jacket,Vertex,185.23,404,4.2
PROD01968,Product_01968,Beauty,Fragrance,Zenith,203.78,114,3.1
PROD01969,Product_01969,Fashion,Jacket,Apex,128.83,420,2.7
PROD01970,Product_01970,Books,Academic,Orion,699.55,417,4.8
PROD01971,Product_01971,Beauty,Fragrance,Orion,670.04,347,3.9
PROD01972,Product_01972,Fashion,T-Shirt,Zenith,463.83,255,4.7
PROD01973,Product_01973,Beauty,Skincare,Apex,488.93,349,3.2
PROD01974,Product_01974,Books,Comics,Vertex,1657.42,447,4.2
PROD01975,Product_01975,Sports,Sportswear,Zenith,780.79,416,4.4
PROD01976,Product_01976,Electronics,Headphones,Orion,726.45,405,4.5
PROD01977,Product_01977,Home,Chair,Apex,563.57,55,3.9
PROD01978,Product_01978,Beauty,Fragrance,Apex,336.21,461,4.7
PROD01979,Product_01979,Fashion,Jeans,Apex,224.03,204,3.8
PROD01980,Product_01980,Beauty,Makeup,PrimeTech,308.38,351,2.7
PROD01981,Product_01981,Books,Academic,PrimeTech,965.15,495,3.6
PROD01982,Product_01982,Sports,Fitness Equipment,Zenith,479.05,132,4.8
PROD01983,Product_01983,Fashion,Shoes,Nova,158.56,309,2.8
PROD01984,Product_01984,Fashion,T-Shirt,Apex,1076.08,228,5.0
PROD01985,Product_01985,Beauty,Skincare,Apex,218.36,475,4.9
PROD01986,Product_01986,Beauty,Makeup,Apex,903.92,442,3.9
PROD01987,Product_01987,Electronics,Smartwatch,Apex,560.92,183,3.6
PROD01988,Product_01988,Books,Non-Fiction,UrbanX,310.27,197,4.8
PROD01989,Product_01989,Sports,Sportswear,Zenith,181.6,265,4.9
PROD01990,Product_01990,Home,Lamp,PrimeTech,820.9,125,2.5
PROD01991,Product_01991,Beauty,Skincare,Vertex,2347.94,102,3.9
PROD01992,Product_01992,Home,Table,Vertex,622.85,165,4.1
PROD01993,Product_01993,Books,Academic,Zenith,1552.42,210,2.6
PROD01994,Product_01994,Beauty,Haircare,PrimeTech,625.95,294,3.9
PROD01995,Product_01995,Home,Chair,PrimeTech,528.66,227,2.5
PROD01996,Product_01996,Electronics,Headphones,PrimeTech,206.52,115,4.7
PROD01997,Product_01997,Sports,Running Gear,Zenith,102.35,426,3.0
PROD01998,Product_01998,Books,Fiction,UrbanX,107.62,215,2.5
PROD01999,Product_01999,Fashion,Jeans,Nova,590.16,26,3.1
PROD02000,Product_02000,Books,Comics,Nova,693.04,118,2.8
PROD02001,Product_02001,Fashion,T-Shirt,Orion,4283.65,296,3.5
PROD02002,Product_02002,Home,Chair,Orion,124.83,438,4.0
PROD02003,Product_02003,Beauty,Makeup,UrbanX,154.45,166,2.7
PROD02004,Product_02004,Sports,Outdoor Gear,PrimeTech,386.09,116,3.2
PROD02005,Product_02005,Books,Academic,Zenith,454.31,356,3.0
PROD02006,Product_02006,Home,Kitchen Appliance,Apex,528.76,32,4.6
PROD02007,Product_02007,Sports,Sportswear,Orion,796.64,3,4.9
PROD02008,Product_02008,Books,Academic,UrbanX,1119.07,20,4.6
PROD02009,Product_02009,Beauty,Haircare,Zenith,673.53,46,2.6
PROD02010,Product_02010,Electronics,Headphones,UrbanX,615.1,292,3.8
PROD02011,Product_02011,Home,Chair,Nova,1280.96,318,4.7
PROD02012,Product_02012,Home,Lamp,Vertex,745.44,192,2.8
PROD02013,Product_02013,Sports,Outdoor Gear,Orion,967.97,131,4.2
PROD02014,Product_02014,Electronics,Smartphone,Zenith,418.84,90,4.6
PROD02015,Product_02015,Home,Table,Vertex,1010.21,183,4.1
PROD02016,Product_02016,Sports,Outdoor Gear,Apex,506.48,19,4.3
PROD02017,Product_02017,Beauty,Skincare,Orion,558.5,403,4.0
PROD02018,Product_02018,Home,Lamp,Apex,660.58,172,4.2
PROD02019,Product_02019,Books,Non-Fiction,Orion,387.01,445,3.6
PROD02020,Product_02020,Home,Table,Zenith,530.53,102,3.1
PROD02021,Product_02021,Home,Table,UrbanX,746.24,216,4.9
PROD02022,Product_02022,Home,Kitchen Appliance,Nova,2350.51,266,4.8
PROD02023,Product_02023,Beauty,Haircare,Apex,1006.2,330,2.6
PROD02024,Product_02024,Sports,Running Gear,PrimeTech,922.6,430,4.1
PROD02025,Product_02025,Beauty,Makeup,Zenith,490.08,438,2.6
PROD02026,Product_02026,Fashion,T-Shirt,Vertex,366.81,289,4.9
PROD02027,Product_02027,Home,Chair,Zenith,1511.34,487,4.7
PROD02028,Product_02028,Beauty,Skincare,Zenith,215.28,172,2.5
PROD02029,Product_02029,Beauty,Skincare,Apex,375.05,46,4.8
PROD02030,Product_02030,Electronics,Laptop,Nova,1790.97,341,3.9
PROD02031,Product_02031,Books,Academic,Orion,276.68,260,3.0
PROD02032,Product_02032,Beauty,Makeup,UrbanX,2285.13,150,5.0
PROD02033,Product_02033,Beauty,Skincare,PrimeTech,462.72,289,2.7
PROD02034,Product_02034,Home,Kitchen Appliance,Nova,690.97,5,2.7
PROD02035,Product_02035,Home,Chair,Apex,382.76,390,4.2
PROD02036,Product_02036,Beauty,Fragrance,Apex,1292.8,491,4.1
PROD02037,Product_02037,Beauty,Haircare,Zenith,424.05,64,4.0
PROD02038,Product_02038,Fashion,Jacket,PrimeTech,499.18,212,4.0
PROD02039,Product_02039,Sports,Sportswear,PrimeTech,615.89,303,4.7
PROD02040,Product_02040,Books,Fiction,UrbanX,1431.52,219,3.5
PROD02041,Product_02041,Books,Comics,Orion,896.36,29,3.7
PROD02042,Product_02042,Fashion,Shoes,Zenith,260.13,241,4.7
PROD02043,Product_02043,Books,Comics,Orion,695.24,407,2.8
PROD02044,Product_02044,Fashion,T-Shirt,PrimeTech,1623.81,321,2.7
PROD02045,Product_02045,Home,Kitchen Appliance,UrbanX,176.29,410,4.9
PROD02046,Product_02046,Sports,Outdoor Gear,UrbanX,285.5,247,3.4
PROD02047,Product_02047,Books,Non-Fiction,Nova,719.16,131,4.9
PROD02048,Product_02048,Sports,Running Gear,Zenith,359.29,40,3.6
PROD02049,Product_02049,Electronics,Smartwatch,Vertex,345.61,259,3.9
PROD02050,Product_02050,Electronics,Smartwatch,PrimeTech,452.63,297,2.8
PROD02051,Product_02051,Home,Table,Zenith,687.87,127,4.2
PROD02052,Product_02052,Electronics,Laptop,UrbanX,1010.22,266,4.6
PROD02053,Product_02053,Fashion,Shoes,Apex,483.15,305,4.5
PROD02054,Product_02054,Sports,Fitness Equipment,Zenith,966.35,333,4.1
PROD02055,Product_02055,Home,Table,PrimeTech,714.66,234,4.7
PROD02056,Product_02056,Sports,Outdoor Gear,PrimeTech,721.29,371,2.8
PROD02057,Product_02057,Beauty,Haircare,Zenith,673.58,44,3.3
PROD02058,Product_02058,Electronics,Smartwatch,PrimeTech,560.67,56,2.7
PROD02059,Product_02059,Electronics,Laptop,Zenith,336.7,337,3.1
PROD02060,Product_02060,Sports,Outdoor Gear,Apex,578.42,347,3.7
PROD02061,Product_02061,Home,Kitchen Appliance,Orion,961.4,174,3.0
PROD02062,Product_02062,Sports,Running Gear,Zenith,185.79,33,5.0
PROD02063,Product_02063,Beauty,Fragrance,Apex,1113.78,406,3.4
PROD02064,Product_02064,Books,Fiction,Nova,4120.06,198,3.6
PROD02065,Product_02065,Electronics,Smartwatch,UrbanX,265.92,38,3.5
PROD02066,Product_02066,Electronics,Headphones,Nova,600.45,446,2.9
PROD02067,Product_02067,Beauty,Fragrance,UrbanX,406.53,100,2.8
PROD02068,Product_02068,Books,Non-Fiction,PrimeTech,870.59,258,4.4
PROD02069,Product_02069,Sports,Running Gear,UrbanX,524.75,366,3.2
PROD02070,Product_02070,Sports,Sportswear,Orion,106.19,449,3.3
PROD02071,Product_02071,Home,Table,UrbanX,437.35,381,4.5
PROD02072,Product_02072,Beauty,Makeup,PrimeTech,513.2,332,3.8
PROD02073,Product_02073,Sports,Outdoor Gear,Orion,427.95,289,4.8
PROD02074,Product_02074,Home,Kitchen Appliance,Nova,710.04,59,4.0
PROD02075,Product_02075,Electronics,Smartwatch,Zenith,1202.18,139,3.8
PROD02076,Product_02076,Books,Non-Fiction,Zenith,2268.8,308,3.6
PROD02077,Product_02077,Books,Fiction,Zenith,716.63,271,4.2
PROD02078,Product_02078,Home,Table,Nova,1148.87,244,4.4
PROD02079,Product_02079,Books,Fiction,PrimeTech,175.17,141,3.5
PROD02080,Product_02080,Fashion,Shoes,UrbanX,438.04,109,5.0
PROD02081,Product_02081,Fashion,T-Shirt,PrimeTech,163.84,150,4.9
PROD02082,Product_02082,Sports,Sportswear,Zenith,553.03,449,3.8
PROD02083,Product_02083,Electronics,Smartphone,Nova,472.04,228,2.9
PROD02084,Product_02084,Fashion,Jacket,Vertex,1128.46,312,3.2
PROD02085,Product_02085,Home,Table,Vertex,595.65,241,3.1
PROD02086,Product_02086,Electronics,Headphones,Zenith,236.22,415,4.3
PROD02087,Product_02087,Sports,Fitness Equipment,PrimeTech,1300.85,176,4.8
PROD02088,Product_02088,Sports,Running Gear,Nova,2558.31,12,3.6
PROD02089,Product_02089,Sports,Running Gear,Vertex,982.94,71,3.0
PROD02090,Product_02090,Beauty,Skincare,PrimeTech,813.81,103,5.0
PROD02091,Product_02091,Books,Academic,UrbanX,287.75,87,3.5
PROD02092,Product_02092,Sports,Fitness Equipment,Vertex,1521.01,447,3.3
PROD02093,Product_02093,Books,Non-Fiction,Nova,264.16,489,3.9
PROD02094,Product_02094,Fashion,T-Shirt,Orion,659.85,288,4.5
PROD02095,Product_02095,Sports,Running Gear,UrbanX,378.32,443,4.2
PROD02096,Product_02096,Electronics,Smartwatch,Zenith,385.14,91,4.0
PROD02097,Product_02097,Fashion,Jacket,Nova,292.14,461,4.1
PROD02098,Product_02098,Sports,Outdoor Gear,Vertex,609.95,375,3.9
PROD02099,Product_02099,Electronics,Smartphone,UrbanX,447.04,275,3.5
PROD02100,Product_02100,Home,Chair,PrimeTech,99.0,483,3.1
PROD02101,Product_02101,Fashion,Jeans,Zenith,792.72,46,4.1
PROD02102,Product_02102,Electronics,Headphones,Orion,303.62,320,4.7
PROD02103,Product_02103,Home,Lamp,UrbanX,690.57,303,2.9
PROD02104,Product_02104,Sports,Outdoor Gear,UrbanX,401.93,67,3.4
PROD02105,Product_02105,Electronics,Smartphone,Zenith,351.25,460,3.2
PROD02106,Product_02106,Books,Non-Fiction,Vertex,351.33,478,4.3
PROD02107,Product_02107,Beauty,Skincare,Orion,778.52,409,5.0
PROD02108,Product_02108,Electronics,Headphones,Apex,237.07,166,4.6
PROD02109,Product_02109,Fashion,T-Shirt,Apex,2147.05,443,4.8
PROD02110,Product_02110,Fashion,Jacket,Zenith,987.46,62,2.8
PROD02111,Product_02111,Electronics,Laptop,Vertex,381.14,329,4.1
PROD02112,Product_02112,Sports,Fitness Equipment,Orion,1245.73,273,2.7
PROD02113,Product_02113,Home,Chair,Zenith,282.34,93,2.5
PROD02114,Product_02114,Books,Fiction,Zenith,362.53,493,4.9
PROD02115,Product_02115,Fashion,Jeans,Orion,1502.93,491,2.8
PROD02116,Product_02116,Beauty,Haircare,Zenith,932.31,315,4.2
PROD02117,Product_02117,Sports,Outdoor Gear,Apex,241.93,72,2.9
PROD02118,Product_02118,Fashion,Jacket,Orion,707.0,134,3.6
PROD02119,Product_02119,Electronics,Smartphone,Apex,217.8,131,3.1
PROD02120,Product_02120,Fashion,Jeans,Nova,399.9,306,4.1
PROD02121,Product_02121,Books,Academic,PrimeTech,475.75,61,3.7
PROD02122,Product_02122,Sports,Running Gear,UrbanX,995.12,431,4.3
PROD02123,Product_02123,Electronics,Smartphone,Apex,325.36,249,4.1
PROD02124,Product_02124,Fashion,T-Shirt,Vertex,538.78,435,3.1
PROD02125,Product_02125,Beauty,Fragrance,UrbanX,683.82,117,4.1
PROD02126,Product_02126,Fashion,Shoes,Apex,182.75,415,3.2
PROD02127,Product_02127,Electronics,Smartphone,Zenith,380.69,171,4.3
PROD02128,Product_02128,Books,Comics,Orion,212.29,447,3.2
PROD02129,Product_02129,Home,Chair,PrimeTech,1791.64,158,2.9
PROD02130,Product_02130,Electronics,Headphones,Vertex,1016.42,7,2.7
PROD02131,Product_02131,Beauty,Makeup,Orion,289.08,457,3.3
PROD02132,Product_02132,Fashion,Jeans,Vertex,826.83,377,4.1
PROD02133,Product_02133,Home,Kitchen Appliance,Orion,1161.72,360,3.3
PROD02134,Product_02134,Books,Comics,Orion,186.19,410,3.1
PROD02135,Product_02135,Electronics,Laptop,Vertex,1010.23,290,2.8
PROD02136,Product_02136,Fashion,Jeans,Vertex,402.51,467,4.6
PROD02137,Product_02137,Books,Non-Fiction,Orion,642.02,429,3.4
PROD02138,Product_02138,Beauty,Haircare,UrbanX,718.08,418,3.7
PROD02139,Product_02139,Electronics,Smartwatch,PrimeTech,661.55,428,4.8
PROD02140,Product_02140,Fashion,T-Shirt,Vertex,324.04,380,3.5
PROD02141,Product_02141,Beauty,Skincare,Orion,447.2,367,2.7
PROD02142,Product_02142,Fashion,Shoes,Apex,1815.92,432,2.9
PROD02143,Product_02143,Beauty,Makeup,Zenith,485.08,337,3.6
PROD02144,Product_02144,Home,Chair,Vertex,468.86,117,4.0
PROD02145,Product_02145,Books,Comics,Zenith,1003.1,47,3.5
PROD02146,Product_02146,Electronics,Smartphone,Nova,168.94,418,4.5
PROD02147,Product_02147,Beauty,Skincare,Nova,701.38,101,3.4
PROD02148,Product_02148,Home,Chair,Vertex,1132.1,329,3.9
PROD02149,Product_02149,Fashion,Jeans,Nova,199.11,381,4.5
PROD02150,Product_02150,Books,Non-Fiction,UrbanX,396.68,434,3.0
PROD02151,Product_02151,Electronics,Smartphone,Zenith,678.09,481,3.2
PROD02152,Product_02152,Electronics,Laptop,Vertex,547.3,361,4.5
PROD02153,Product_02153,Beauty,Skincare,PrimeTech,1129.25,190,2.8
PROD02154,Product_02154,Home,Table,Apex,191.28,123,3.1
PROD02155,Product_02155,Books,Fiction,PrimeTech,318.15,395,3.1
PROD02156,Product_02156,Books,Academic,Apex,770.22,367,4.4
PROD02157,Product_02157,Books,Non-Fiction,Vertex,420.39,493,2.8
PROD02158,Product_02158,Electronics,Smartwatch,Vertex,546.35,36,4.1
PROD02159,Product_02159,Books,Academic,Vertex,574.38,244,2.9
PROD02160,Product_02160,Books,Comics,Nova,312.01,440,4.0
PROD02161,Product_02161,Fashion,Jacket,Apex,1153.85,107,4.3
PROD02162,Product_02162,Fashion,Jacket,UrbanX,729.67,130,3.9
PROD02163,Product_02163,Fashion,T-Shirt,Vertex,342.92,220,3.3
PROD02164,Product_02164,Books,Non-Fiction,PrimeTech,598.59,387,4.2
PROD02165,Product_02165,Books,Non-Fiction,PrimeTech,807.04,489,4.1
PROD02166,Product_02166,Books,Non-Fiction,Apex,527.06,144,3.3
PROD02167,Product_02167,Home,Lamp,Vertex,339.27,298,4.5
PROD02168,Product_02168,Fashion,T-Shirt,Orion,1633.23,480,3.5
PROD02169,Product_02169,Sports,Running Gear,PrimeTech,425.63,498,4.6
PROD02170,Product_02170,Sports,Fitness Equipment,Orion,396.84,3,4.6
PROD02171,Product_02171,Home,Chair,Vertex,709.26,111,4.6
PROD02172,Product_02172,Books,Fiction,UrbanX,561.18,379,3.9
PROD02173,Product_02173,Books,Academic,Orion,221.88,176,4.6
PROD02174,Product_02174,Fashion,Jacket,Apex,426.67,64,2.9
PROD02175,Product_02175,Sports,Running Gear,Zenith,450.77,301,2.5
PROD02176,Product_02176,Books,Academic,PrimeTech,1272.29,93,3.8
PROD02177,Product_02177,Electronics,Laptop,UrbanX,836.15,194,3.3
PROD02178,Product_02178,Home,Kitchen Appliance,Nova,124.42,279,4.8
PROD02179,Product_02179,Sports,Running Gear,Apex,318.69,207,4.1
PROD02180,Product_02180,Sports,Running Gear,Zenith,122.7,203,3.9
PROD02181,Product_02181,Fashion,Shoes,PrimeTech,449.29,366,4.6
PROD02182,Product_02182,Beauty,Makeup,Apex,1533.21,300,4.3
PROD02183,Product_02183,Fashion,T-Shirt,Nova,1766.87,168,4.7
PROD02184,Product_02184,Fashion,Jeans,Zenith,718.23,107,4.6
PROD02185,Product_02185,Home,Kitchen Appliance,Orion,596.89,319,4.4
PROD02186,Product_02186,Fashion,Jeans,Vertex,1568.33,306,3.8
PROD02187,Product_02187,Electronics,Smartphone,UrbanX,939.92,224,3.8
PROD02188,Product_02188,Home,Lamp,Nova,484.65,427,3.1
PROD02189,Product_02189,Sports,Running Gear,Vertex,635.9,80,2.6
PROD02190,Product_02190,Beauty,Makeup,Apex,573.04,230,4.6
PROD02191,Product_02191,Electronics,Headphones,Nova,362.56,153,4.6
PROD02192,Product_02192,Beauty,Haircare,Orion,469.64,448,4.7
PROD02193,Product_02193,Electronics,Smartwatch,PrimeTech,2883.11,188,3.4
PROD02194,Product_02194,Books,Comics,Apex,221.01,420,4.3
PROD02195,Product_02195,Electronics,Smartphone,Nova,189.74,373,4.9
PROD02196,Product_02196,Sports,Sportswear,Apex,1715.35,485,4.7
PROD02197,Product_02197,Beauty,Skincare,Nova,1360.46,366,3.5
PROD02198,Product_02198,Beauty,Skincare,Orion,298.69,340,4.6
PROD02199,Product_02199,Books,Non-Fiction,UrbanX,381.56,135,4.0
PROD02200,Product_02200,Sports,Running Gear,Nova,768.59,303,2.6
PROD02201,Product_02201,Fashion,Shoes,PrimeTech,1681.72,90,4.8
PROD02202,Product_02202,Beauty,Fragrance,Vertex,274.16,284,5.0
PROD02203,Product_02203,Books,Non-Fiction,Nova,339.61,321,4.4
PROD02204,Product_02204,Electronics,Smartwatch,Vertex,280.78,208,4.7
PROD02205,Product_02205,Books,Fiction,Apex,284.77,448,3.2
PROD02206,Product_02206,Books,Comics,Zenith,314.4,101,3.7
PROD02207,Product_02207,Electronics,Headphones,Nova,1025.24,22,4.3
PROD02208,Product_02208,Electronics,Laptop,Zenith,145.17,473,4.7
PROD02209,Product_02209,Fashion,Shoes,Nova,237.58,160,3.6
PROD02210,Product_02210,Fashion,Jacket,Orion,309.55,321,3.7
PROD02211,Product_02211,Fashion,Shoes,Orion,595.65,130,2.6
PROD02212,Product_02212,Books,Fiction,Apex,735.52,497,4.0
PROD02213,Product_02213,Electronics,Laptop,PrimeTech,201.46,126,3.6
PROD02214,Product_02214,Sports,Fitness Equipment,Apex,487.36,369,3.7
PROD02215,Product_02215,Fashion,Jacket,PrimeTech,198.24,45,3.7
PROD02216,Product_02216,Books,Comics,PrimeTech,582.6,157,3.1
PROD02217,Product_02217,Home,Table,PrimeTech,349.59,419,3.0
PROD02218,Product_02218,Books,Comics,Orion,727.13,321,5.0
PROD02219,Product_02219,Electronics,Laptop,Vertex,1589.96,379,3.2
PROD02220,Product_02220,Fashion,Shoes,Zenith,555.0,419,3.7
PROD02221,Product_02221,Books,Academic,Nova,284.53,318,2.7
PROD02222,Product_02222,Fashion,T-Shirt,Nova,887.01,178,3.9
PROD02223,Product_02223,Electronics,Smartphone,Apex,1065.7,476,5.0
PROD02224,Product_02224,Sports,Sportswear,Vertex,553.26,12,4.3
PROD02225,Product_02225,Fashion,Shoes,PrimeTech,316.87,181,4.3
PROD02226,Product_02226,Sports,Fitness Equipment,Apex,543.74,414,2.7
PROD02227,Product_02227,Beauty,Makeup,Orion,652.54,91,3.8
PROD02228,Product_02228,Fashion,T-Shirt,PrimeTech,1404.91,430,3.0
PROD02229,Product_02229,Beauty,Haircare,Orion,273.4,442,3.8
PROD02230,Product_02230,Sports,Fitness Equipment,Zenith,2639.57,30,4.8
PROD02231,Product_02231,Books,Fiction,Nova,392.31,73,4.4
PROD02232,Product_02232,Sports,Running Gear,Apex,392.16,147,2.6
PROD02233,Product_02233,Books,Fiction,PrimeTech,619.46,195,3.8
PROD02234,Product_02234,Books,Non-Fiction,PrimeTech,285.93,20,3.5
PROD02235,Product_02235,Books,Non-Fiction,Vertex,373.17,439,3.5
PROD02236,Product_02236,Home,Kitchen Appliance,Apex,1637.34,395,3.7
PROD02237,Product_02237,Sports,Outdoor Gear,Nova,1044.46,252,4.7
PROD02238,Product_02238,Sports,Running Gear,UrbanX,284.71,80,3.6
PROD02239,Product_02239,Beauty,Fragrance,UrbanX,809.47,431,2.5
PROD02240,Product_02240,Electronics,Laptop,Nova,305.15,42,3.6
PROD02241,Product_02241,Electronics,Smartphone,Nova,1426.24,495,3.5
PROD02242,Product_02242,Sports,Sportswear,Vertex,369.52,168,4.8
PROD02243,Product_02243,Beauty,Makeup,Zenith,616.17,396,4.0
PROD02244,Product_02244,Electronics,Smartwatch,Orion,999.73,233,4.5
PROD02245,Product_02245,Books,Fiction,Zenith,437.4,249,3.4
PROD02246,Product_02246,Sports,Fitness Equipment,Vertex,1084.41,21,3.9
PROD02247,Product_02247,Home,Kitchen Appliance,UrbanX,220.06,297,3.6
PROD02248,Product_02248,Beauty,Fragrance,Apex,696.42,73,3.2
PROD02249,Product_02249,Sports,Running Gear,Nova,390.4,230,3.8
PROD02250,Product_02250,Home,Kitchen Appliance,PrimeTech,1317.56,470,3.4
PROD02251,Product_02251,Beauty,Makeup,UrbanX,672.56,26,3.9
PROD02252,Product_02252,Sports,Running Gear,Zenith,610.86,439,2.7
PROD02253,Product_02253,Home,Table,Nova,1104.35,284,2.8
PROD02254,Product_02254,Beauty,Makeup,Vertex,433.04,168,4.9
PROD02255,Product_02255,Sports,Running Gear,PrimeTech,1344.65,490,2.6
PROD02256,Product_02256,Beauty,Fragrance,PrimeTech,438.44,80,3.3
PROD02257,Product_02257,Sports,Sportswear,Zenith,1081.63,186,3.9
PROD02258,Product_02258,Home,Lamp,Nova,766.9,98,3.5
PROD02259,Product_02259,Fashion,T-Shirt,UrbanX,543.66,137,4.9
PROD02260,Product_02260,Beauty,Skincare,Nova,370.26,387,2.9
PROD02261,Product_02261,Electronics,Headphones,UrbanX,576.79,444,3.4
PROD02262,Product_02262,Home,Table,Orion,959.77,137,3.4
PROD02263,Product_02263,Beauty,Fragrance,Nova,293.31,140,3.6
PROD02264,Product_02264,Electronics,Smartwatch,Vertex,425.1,182,3.9
PROD02265,Product_02265,Fashion,T-Shirt,UrbanX,725.51,269,4.9
PROD02266,Product_02266,Sports,Running Gear,Vertex,1409.61,5,3.2
PROD02267,Product_02267,Fashion,Shoes,UrbanX,1088.98,496,2.7
PROD02268,Product_02268,Fashion,Jeans,Zenith,507.7,183,4.8
PROD02269,Product_02269,Sports,Fitness Equipment,UrbanX,330.73,460,3.1
PROD02270,Product_02270,Fashion,Jeans,Zenith,666.69,201,3.9
PROD02271,Product_02271,Fashion,T-Shirt,Nova,933.73,463,4.0
PROD02272,Product_02272,Beauty,Fragrance,Vertex,329.04,449,3.2
PROD02273,Product_02273,Beauty,Fragrance,Apex,679.3,396,3.4
PROD02274,Product_02274,Electronics,Laptop,Orion,563.35,460,2.7
PROD02275,Product_02275,Electronics,Headphones,Orion,272.01,202,4.4
PROD02276,Product_02276,Electronics,Smartphone,PrimeTech,483.68,321,3.9
PROD02277,Product_02277,Sports,Running Gear,Zenith,325.54,414,3.9
PROD02278,Product_02278,Fashion,T-Shirt,Orion,931.44,225,3.5
PROD02279,Product_02279,Fashion,Jeans,UrbanX,441.37,443,3.1
PROD02280,Product_02280,Electronics,Smartwatch,PrimeTech,1209.96,469,3.4
PROD02281,Product_02281,Beauty,Fragrance,PrimeTech,1988.68,417,4.0
PROD02282,Product_02282,Sports,Outdoor Gear,Vertex,478.88,87,2.8
PROD02283,Product_02283,Sports,Running Gear,Orion,333.03,34,4.3
PROD02284,Product_02284,Home,Table,Nova,1742.46,225,2.5
PROD02285,Product_02285,Home,Kitchen Appliance,Zenith,123.91,334,2.9
PROD02286,Product_02286,Books,Comics,Zenith,246.02,432,4.1
PROD02287,Product_02287,Beauty,Fragrance,Zenith,1606.56,69,2.8
PROD02288,Product_02288,Home,Kitchen Appliance,Orion,642.46,55,4.5
PROD02289,Product_02289,Home,Lamp,PrimeTech,958.46,376,3.1
PROD02290,Product_02290,Fashion,T-Shirt,Zenith,331.41,341,4.1
PROD02291,Product_02291,Fashion,Jeans,UrbanX,407.16,126,4.0
PROD02292,Product_02292,Books,Comics,UrbanX,137.87,120,4.9
PROD02293,Product_02293,Electronics,Laptop,Apex,521.39,96,3.6
PROD02294,Product_02294,Beauty,Skincare,Apex,1962.62,218,4.3
PROD02295,Product_02295,Sports,Fitness Equipment,PrimeTech,1176.47,340,3.8
PROD02296,Product_02296,Home,Chair,Orion,862.51,254,4.9
PROD02297,Product_02297,Fashion,T-Shirt,Orion,999.61,214,3.7
PROD02298,Product_02298,Beauty,Makeup,Orion,413.3,260,3.4
PROD02299,Product_02299,Beauty,Skincare,Orion,286.14,136,4.5
PROD02300,Product_02300,Fashion,Jeans,Orion,1180.51,244,4.4
PROD02301,Product_02301,Fashion,Shoes,Nova,1034.5,432,3.5
PROD02302,Product_02302,Books,Comics,Orion,1506.05,308,3.0
PROD02303,Product_02303,Fashion,Shoes,Orion,989.65,434,4.8
PROD02304,Product_02304,Beauty,Haircare,Apex,275.51,168,4.2
PROD02305,Product_02305,Fashion,Jeans,Vertex,221.89,32,3.3
PROD02306,Product_02306,Fashion,Jeans,UrbanX,212.18,20,3.8
PROD02307,Product_02307,Electronics,Smartphone,PrimeTech,194.08,272,4.1
PROD02308,Product_02308,Fashion,Jeans,Vertex,1065.72,311,2.7
PROD02309,Product_02309,Books,Comics,Vertex,1810.32,106,4.5
PROD02310,Product_02310,Electronics,Headphones,Nova,355.04,85,4.4
PROD02311,Product_02311,Sports,Running Gear,Orion,936.33,119,3.1
PROD02312,Product_02312,Books,Comics,Orion,670.98,467,2.6
PROD02313,Product_02313,Home,Chair,Orion,466.68,11,4.8
PROD02314,Product_02314,Electronics,Headphones,Orion,400.14,28,2.7
PROD02315,Product_02315,Fashion,Shoes,Apex,1145.06,431,2.5
PROD02316,Product_02316,Books,Comics,Zenith,254.31,147,4.4
PROD02317,Product_02317,Books,Fiction,Zenith,569.1,418,4.8
PROD02318,Product_02318,Beauty,Makeup,Apex,663.26,369,5.0
PROD02319,Product_02319,Home,Chair,Orion,121.43,468,3.0
PROD02320,Product_02320,Beauty,Makeup,Zenith,1283.27,70,4.2
PROD02321,Product_02321,Electronics,Smartphone,Vertex,147.86,229,3.9
PROD02322,Product_02322,Home,Table,UrbanX,1450.41,407,2.5
PROD02323,Product_02323,Beauty,Skincare,UrbanX,608.54,125,4.2
PROD02324,Product_02324,Sports,Sportswear,Nova,198.96,51,4.4
PROD02325,Product_02325,Home,Table,UrbanX,598.07,65,4.3
PROD02326,Product_02326,Fashion,T-Shirt,PrimeTech,786.82,59,4.9
PROD02327,Product_02327,Fashion,Shoes,Nova,446.39,247,3.7
PROD02328,Product_02328,Home,Kitchen Appliance,PrimeTech,601.51,285,4.6
PROD02329,Product_02329,Sports,Outdoor Gear,Apex,504.9,103,3.0
PROD02330,Product_02330,Electronics,Smartphone,Nova,891.16,160,3.5
PROD02331,Product_02331,Books,Academic,Vertex,457.71,446,4.8
PROD02332,Product_02332,Beauty,Skincare,UrbanX,256.62,396,4.0
PROD02333,Product_02333,Beauty,Skincare,Orion,524.31,451,3.2
PROD02334,Product_02334,Home,Chair,Nova,624.27,115,3.9
PROD02335,Product_02335,Electronics,Headphones,Nova,227.98,366,4.8
PROD02336,Product_02336,Fashion,Jacket,Zenith,1496.33,172,3.3
PROD02337,Product_02337,Electronics,Headphones,PrimeTech,161.0,297,2.9
PROD02338,Product_02338,Books,Non-Fiction,Nova,531.23,239,5.0
PROD02339,Product_02339,Sports,Fitness Equipment,Vertex,893.28,49,3.5
PROD02340,Product_02340,Home,Lamp,Zenith,1527.62,57,2.8
PROD02341,Product_02341,Beauty,Skincare,Zenith,290.46,400,3.5
PROD02342,Product_02342,Sports,Outdoor Gear,Orion,1165.96,51,3.1
PROD02343,Product_02343,Beauty,Makeup,Orion,1587.08,410,3.4
PROD02344,Product_02344,Home,Lamp,Nova,472.04,278,4.4
PROD02345,Product_02345,Fashion,Shoes,Vertex,209.63,24,4.1
PROD02346,Product_02346,Beauty,Haircare,Vertex,517.25,120,4.2
PROD02347,Product_02347,Sports,Outdoor Gear,PrimeTech,638.82,252,4.5
PROD02348,Product_02348,Books,Comics,Nova,359.08,395,3.6
PROD02349,Product_02349,Electronics,Smartwatch,Nova,420.05,75,3.4
PROD02350,Product_02350,Fashion,T-Shirt,Apex,197.98,175,4.8
PROD02351,Product_02351,Sports,Outdoor Gear,PrimeTech,835.08,257,3.8
PROD02352,Product_02352,Beauty,Skincare,UrbanX,1633.64,335,4.4
PROD02353,Product_02353,Books,Academic,Zenith,748.0,122,3.1
PROD02354,Product_02354,Beauty,Haircare,Zenith,269.99,18,3.6
PROD02355,Product_02355,Electronics,Headphones,PrimeTech,743.09,346,4.2
PROD02356,Product_02356,Sports,Fitness Equipment,PrimeTech,1485.74,437,3.6
PROD02357,Product_02357,Home,Table,UrbanX,332.49,106,3.3
PROD02358,Product_02358,Books,Non-Fiction,Orion,938.76,205,4.8
PROD02359,Product_02359,Beauty,Haircare,Vertex,801.56,340,4.0
PROD02360,Product_02360,Home,Chair,Nova,704.01,250,2.8
PROD02361,Product_02361,Beauty,Skincare,Nova,440.97,193,3.3
PROD02362,Product_02362,Home,Lamp,PrimeTech,755.02,155,4.9
PROD02363,Product_02363,Home,Table,Nova,996.02,399,3.2
PROD02364,Product_02364,Books,Fiction,Zenith,490.45,301,4.5
PROD02365,Product_02365,Fashion,Jeans,UrbanX,218.17,172,4.3
PROD02366,Product_02366,Sports,Fitness Equipment,Nova,1583.96,156,4.2
PROD02367,Product_02367,Fashion,T-Shirt,Apex,995.37,71,4.3
PROD02368,Product_02368,Beauty,Skincare,UrbanX,324.29,91,2.5
PROD02369,Product_02369,Fashion,Jacket,Zenith,430.49,319,3.2
PROD02370,Product_02370,Home,Kitchen Appliance,Vertex,1751.86,429,4.4
PROD02371,Product_02371,Electronics,Smartphone,UrbanX,143.18,96,4.1
PROD02372,Product_02372,Home,Chair,Vertex,147.39,98,3.9
PROD02373,Product_02373,Fashion,T-Shirt,Nova,584.02,247,3.7
PROD02374,Product_02374,Fashion,Jacket,PrimeTech,321.4,216,4.2
PROD02375,Product_02375,Books,Comics,PrimeTech,1803.86,196,4.3
PROD02376,Product_02376,Electronics,Headphones,Apex,250.39,437,4.8
PROD02377,Product_02377,Beauty,Haircare,Orion,388.05,444,4.6
PROD02378,Product_02378,Beauty,Fragrance,Nova,1059.89,430,4.4
PROD02379,Product_02379,Beauty,Fragrance,Vertex,246.2,353,4.1
PROD02380,Product_02380,Sports,Outdoor Gear,Zenith,474.81,379,3.0
PROD02381,Product_02381,Home,Chair,Orion,399.82,429,2.9
PROD02382,Product_02382,Home,Table,UrbanX,1010.2,229,4.7
PROD02383,Product_02383,Sports,Fitness Equipment,Nova,288.17,457,3.4
PROD02384,Product_02384,Sports,Fitness Equipment,Zenith,182.74,249,3.8
PROD02385,Product_02385,Sports,Running Gear,PrimeTech,650.69,446,4.6
PROD02386,Product_02386,Home,Lamp,PrimeTech,848.96,38,4.1
PROD02387,Product_02387,Fashion,T-Shirt,UrbanX,524.85,439,3.4
PROD02388,Product_02388,Sports,Outdoor Gear,Zenith,192.06,26,3.7
PROD02389,Product_02389,Beauty,Haircare,Vertex,1200.38,223,3.7
PROD02390,Product_02390,Books,Comics,Vertex,941.41,217,4.0
PROD02391,Product_02391,Sports,Running Gear,Nova,630.91,183,4.9
PROD02392,Product_02392,Beauty,Fragrance,Orion,661.3,108,3.0
PROD02393,Product_02393,Beauty,Skincare,Vertex,4227.37,464,3.2
PROD02394,Product_02394,Books,Fiction,Nova,318.87,435,3.5
PROD02395,Product_02395,Sports,Outdoor Gear,Vertex,190.78,89,3.8
PROD02396,Product_02396,Electronics,Smartphone,Vertex,981.71,167,3.7
PROD02397,Product_02397,Beauty,Makeup,PrimeTech,361.76,313,4.8
PROD02398,Product_02398,Books,Academic,Nova,204.97,419,3.2
PROD02399,Product_02399,Beauty,Fragrance,Vertex,543.75,340,3.5
PROD02400,Product_02400,Electronics,Headphones,Nova,1711.18,5,2.6
PROD02401,Product_02401,Home,Table,UrbanX,1248.46,199,4.7
PROD02402,Product_02402,Books,Fiction,PrimeTech,577.44,120,3.7
PROD02403,Product_02403,Beauty,Makeup,Vertex,253.18,124,2.7
PROD02404,Product_02404,Home,Lamp,Vertex,3732.07,211,3.1
PROD02405,Product_02405,Electronics,Headphones,Vertex,952.88,60,3.6
PROD02406,Product_02406,Electronics,Smartwatch,Vertex,1249.25,53,4.8
PROD02407,Product_02407,Fashion,Jeans,Apex,612.91,52,4.5
PROD02408,Product_02408,Beauty,Haircare,UrbanX,2786.56,91,3.4
PROD02409,Product_02409,Beauty,Fragrance,Vertex,521.65,226,2.8
PROD02410,Product_02410,Sports,Fitness Equipment,Orion,385.95,307,4.7
PROD02411,Product_02411,Fashion,T-Shirt,UrbanX,193.02,399,4.5
PROD02412,Product_02412,Beauty,Makeup,Apex,471.33,411,3.2
PROD02413,Product_02413,Home,Table,Apex,827.69,175,4.1
PROD02414,Product_02414,Fashion,T-Shirt,Apex,993.08,96,4.1
PROD02415,Product_02415,Fashion,Jeans,PrimeTech,569.22,197,4.9
PROD02416,Product_02416,Books,Academic,Nova,111.5,196,4.9
PROD02417,Product_02417,Electronics,Smartwatch,UrbanX,613.95,449,4.9
PROD02418,Product_02418,Sports,Running Gear,Apex,1069.39,204,4.4
PROD02419,Product_02419,Fashion,T-Shirt,Orion,277.54,217,2.8
PROD02420,Product_02420,Fashion,Shoes,Vertex,351.17,286,4.4
PROD02421,Product_02421,Beauty,Fragrance,Vertex,841.57,440,3.5
PROD02422,Product_02422,Beauty,Fragrance,Nova,378.41,364,3.3
PROD02423,Product_02423,Books,Comics,Orion,906.67,415,3.9
PROD02424,Product_02424,Home,Kitchen Appliance,Apex,498.55,129,3.1
PROD02425,Product_02425,Electronics,Laptop,Vertex,226.55,447,4.1
PROD02426,Product_02426,Electronics,Smartwatch,Vertex,405.09,134,4.8
PROD02427,Product_02427,Electronics,Laptop,Nova,511.05,31,3.2
PROD02428,Product_02428,Books,Academic,Apex,1097.34,156,2.7
PROD02429,Product_02429,Electronics,Smartwatch,Vertex,199.1,450,4.4
PROD02430,Product_02430,Home,Kitchen Appliance,Apex,1156.49,316,5.0
PROD02431,Product_02431,Home,Lamp,PrimeTech,627.19,185,4.2
PROD02432,Product_02432,Beauty,Fragrance,Zenith,693.56,229,4.1
PROD02433,Product_02433,Electronics,Smartphone,PrimeTech,189.27,53,2.8
PROD02434,Product_02434,Books,Comics,UrbanX,1386.66,444,2.9
PROD02435,Product_02435,Electronics,Smartwatch,Nova,806.63,451,4.4
PROD02436,Product_02436,Books,Academic,Nova,1004.24,165,3.1
PROD02437,Product_02437,Fashion,T-Shirt,PrimeTech,597.26,161,4.6
PROD02438,Product_02438,Fashion,T-Shirt,Vertex,429.68,216,5.0
PROD02439,Product_02439,Sports,Sportswear,PrimeTech,1980.38,323,3.0
PROD02440,Product_02440,Fashion,Jacket,Orion,949.76,55,3.2
PROD02441,Product_02441,Fashion,Jacket,UrbanX,1974.68,44,4.6
PROD02442,Product_02442,Sports,Sportswear,Orion,1401.87,24,3.6
PROD02443,Product_02443,Electronics,Smartwatch,Vertex,720.94,181,3.8
PROD02444,Product_02444,Beauty,Haircare,Nova,239.88,77,2.6
PROD02445,Product_02445,Fashion,Jeans,UrbanX,565.96,268,3.0
PROD02446,Product_02446,Sports,Outdoor Gear,Vertex,208.37,131,3.4
PROD02447,Product_02447,Beauty,Haircare,Zenith,645.78,401,2.6
PROD02448,Product_02448,Fashion,Jeans,UrbanX,1251.82,140,3.2
PROD02449,Product_02449,Fashion,Shoes,Apex,1130.65,348,2.5
PROD02450,Product_02450,Fashion,Jacket,UrbanX,986.01,497,4.2
PROD02451,Product_02451,Home,Lamp,Zenith,162.79,319,4.4
PROD02452,Product_02452,Books,Academic,PrimeTech,290.06,68,2.6
PROD02453,Product_02453,Home,Kitchen Appliance,Zenith,257.54,201,4.8
PROD02454,Product_02454,Home,Kitchen Appliance,UrbanX,413.65,187,3.7
PROD02455,Product_02455,Beauty,Haircare,Zenith,191.13,90,2.6
PROD02456,Product_02456,Electronics,Smartphone,Orion,330.7,335,3.3
PROD02457,Product_02457,Sports,Running Gear,Nova,556.64,172,4.6
PROD02458,Product_02458,Home,Lamp,PrimeTech,856.89,449,3.3
PROD02459,Product_02459,Beauty,Makeup,Orion,1805.95,147,2.8
PROD02460,Product_02460,Books,Non-Fiction,PrimeTech,357.29,334,2.9
PROD02461,Product_02461,Electronics,Smartphone,Apex,280.65,407,4.4
PROD02462,Product_02462,Books,Comics,Nova,636.2,498,4.8
PROD02463,Product_02463,Books,Comics,PrimeTech,263.19,126,4.5
PROD02464,Product_02464,Fashion,T-Shirt,Nova,1034.51,436,3.9
PROD02465,Product_02465,Fashion,Jacket,Nova,550.02,442,3.9
PROD02466,Product_02466,Fashion,T-Shirt,Apex,470.63,427,4.7
PROD02467,Product_02467,Books,Fiction,Zenith,735.3,9,3.6
PROD02468,Product_02468,Beauty,Fragrance,Vertex,315.41,28,4.7
PROD02469,Product_02469,Books,Academic,Orion,390.54,43,2.6
PROD02470,Product_02470,Books,Comics,Zenith,438.93,160,2.7
PROD02471,Product_02471,Home,Kitchen Appliance,UrbanX,197.98,414,4.0
PROD02472,Product_02472,Books,Academic,UrbanX,2225.74,185,4.6
PROD02473,Product_02473,Electronics,Smartwatch,PrimeTech,702.65,198,3.0
PROD02474,Product_02474,Fashion,Jacket,PrimeTech,433.09,98,4.0
PROD02475,Product_02475,Beauty,Skincare,Apex,839.45,233,2.5
PROD02476,Product_02476,Fashion,Jeans,UrbanX,389.39,238,3.7
PROD02477,Product_02477,Electronics,Laptop,PrimeTech,276.72,52,3.2
PROD02478,Product_02478,Fashion,Jeans,UrbanX,2256.62,453,2.6
PROD02479,Product_02479,Electronics,Headphones,PrimeTech,1535.4,163,4.1
PROD02480,Product_02480,Sports,Outdoor Gear,Vertex,706.75,360,4.6
PROD02481,Product_02481,Sports,Running Gear,PrimeTech,2900.5,478,2.9
PROD02482,Product_02482,Beauty,Skincare,Vertex,307.01,87,3.6
PROD02483,Product_02483,Beauty,Makeup,Orion,1639.06,352,3.5
PROD02484,Product_02484,Fashion,Shoes,Vertex,273.53,31,2.6
PROD02485,Product_02485,Fashion,Jacket,UrbanX,194.31,86,2.8
PROD02486,Product_02486,Books,Fiction,Zenith,1066.11,231,4.0
PROD02487,Product_02487,Sports,Fitness Equipment,Apex,207.88,100,2.8
PROD02488,Product_02488,Beauty,Haircare,UrbanX,862.68,374,3.1
PROD02489,Product_02489,Fashion,T-Shirt,Apex,1188.39,177,4.5
PROD02490,Product_02490,Home,Table,Vertex,249.36,279,4.5
PROD02491,Product_02491,Fashion,T-Shirt,Zenith,735.72,279,2.7
PROD02492,Product_02492,Home,Kitchen Appliance,PrimeTech,320.18,445,4.3
PROD02493,Product_02493,Books,Academic,Zenith,468.04,433,3.1
PROD02494,Product_02494,Electronics,Smartwatch,Vertex,393.22,472,4.9
PROD02495,Product_02495,Fashion,Jacket,Zenith,428.76,71,3.4
PROD02496,Product_02496,Beauty,Skincare,Orion,1257.0,252,4.2
PROD02497,Product_02497,Electronics,Smartphone,UrbanX,316.83,178,4.9
PROD02498,Product_02498,Electronics,Smartwatch,Nova,648.1,386,3.5
PROD02499,Product_02499,Electronics,Laptop,PrimeTech,2116.09,341,2.7
PROD02500,Product_02500,Electronics,Headphones,Orion,334.34,353,4.3
PROD02501,Product_02501,Electronics,Laptop,PrimeTech,1794.48,104,4.1
PROD02502,Product_02502,Fashion,T-Shirt,Zenith,578.19,181,3.4
PROD02503,Product_02503,Sports,Sportswear,PrimeTech,182.73,337,2.7
PROD02504,Product_02504,Books,Non-Fiction,Nova,138.83,285,3.5
PROD02505,Product_02505,Sports,Outdoor Gear,PrimeTech,1674.2,28,4.1
PROD02506,Product_02506,Electronics,Laptop,Zenith,1043.39,107,2.9
PROD02507,Product_02507,Electronics,Headphones,Apex,1210.17,176,3.7
PROD02508,Product_02508,Beauty,Skincare,UrbanX,379.27,393,4.7
PROD02509,Product_02509,Fashion,T-Shirt,Nova,918.32,331,2.9
PROD02510,Product_02510,Sports,Running Gear,Vertex,827.72,262,3.1
PROD02511,Product_02511,Home,Chair,PrimeTech,859.31,78,3.2
PROD02512,Product_02512,Fashion,Jacket,UrbanX,260.51,141,4.5
PROD02513,Product_02513,Fashion,Jacket,Vertex,412.7,428,2.5
PROD02514,Product_02514,Home,Table,Nova,283.07,176,3.3
PROD02515,Product_02515,Home,Kitchen Appliance,Vertex,698.73,355,4.0
PROD02516,Product_02516,Beauty,Skincare,Nova,447.25,286,4.7
PROD02517,Product_02517,Home,Chair,Zenith,496.78,111,2.6
PROD02518,Product_02518,Beauty,Haircare,Vertex,168.2,370,3.1
PROD02519,Product_02519,Fashion,Jacket,Nova,550.17,252,4.2
PROD02520,Product_02520,Electronics,Laptop,Orion,1390.33,333,2.6
PROD02521,Product_02521,Books,Fiction,Apex,3136.59,61,3.9
PROD02522,Product_02522,Sports,Fitness Equipment,Orion,336.32,199,2.6
PROD02523,Product_02523,Fashion,T-Shirt,Orion,145.78,330,2.7
PROD02524,Product_02524,Sports,Outdoor Gear,Vertex,399.28,334,4.1
PROD02525,Product_02525,Books,Comics,PrimeTech,218.73,21,3.8
PROD02526,Product_02526,Fashion,T-Shirt,Zenith,606.08,248,4.1
PROD02527,Product_02527,Home,Chair,Orion,386.24,353,3.9
PROD02528,Product_02528,Books,Fiction,UrbanX,832.62,113,2.8
PROD02529,Product_02529,Books,Non-Fiction,Nova,1278.35,357,4.8
PROD02530,Product_02530,Books,Non-Fiction,Vertex,708.8,1,3.4
PROD02531,Product_02531,Electronics,Smartphone,Nova,661.77,205,2.9
PROD02532,Product_02532,Electronics,Smartwatch,Nova,211.1,397,3.0
PROD02533,Product_02533,Electronics,Laptop,Apex,288.27,6,3.1
PROD02534,Product_02534,Sports,Fitness Equipment,UrbanX,794.74,237,2.9
PROD02535,Product_02535,Sports,Outdoor Gear,Zenith,1096.06,361,4.3
PROD02536,Product_02536,Books,Academic,Vertex,101.38,211,3.8
PROD02537,Product_02537,Electronics,Smartwatch,Orion,264.33,206,4.1
PROD02538,Product_02538,Home,Chair,PrimeTech,946.68,33,4.8
PROD02539,Product_02539,Electronics,Laptop,Apex,1000.29,201,3.2
PROD02540,Product_02540,Electronics,Smartwatch,Nova,174.14,189,3.3
PROD02541,Product_02541,Electronics,Smartphone,Orion,508.7,399,3.1
PROD02542,Product_02542,Sports,Fitness Equipment,Nova,620.52,144,3.3
PROD02543,Product_02543,Home,Table,Orion,651.72,465,2.9
PROD02544,Product_02544,Sports,Sportswear,Orion,990.32,305,3.9
PROD02545,Product_02545,Beauty,Skincare,Vertex,382.5,392,3.5
PROD02546,Product_02546,Home,Kitchen Appliance,Zenith,361.42,426,4.9
PROD02547,Product_02547,Home,Table,PrimeTech,2237.9,369,3.8
PROD02548,Product_02548,Home,Lamp,PrimeTech,247.85,320,4.9
PROD02549,Product_02549,Books,Comics,PrimeTech,190.94,179,3.7
PROD02550,Product_02550,Sports,Sportswear,PrimeTech,529.31,301,4.9
PROD02551,Product_02551,Sports,Fitness Equipment,Nova,1192.54,112,4.9
PROD02552,Product_02552,Books,Comics,Orion,1121.66,429,4.9
PROD02553,Product_02553,Books,Academic,Zenith,408.29,188,3.5
PROD02554,Product_02554,Electronics,Laptop,UrbanX,99.0,414,4.8
PROD02555,Product_02555,Fashion,Jeans,Orion,236.14,431,2.6
PROD02556,Product_02556,Home,Table,PrimeTech,1647.41,10,2.5
PROD02557,Product_02557,Beauty,Haircare,UrbanX,328.81,246,4.8
PROD02558,Product_02558,Beauty,Haircare,UrbanX,444.39,24,4.9
PROD02559,Product_02559,Beauty,Haircare,PrimeTech,1762.45,350,3.8
PROD02560,Product_02560,Electronics,Smartphone,UrbanX,245.31,116,4.8
PROD02561,Product_02561,Electronics,Smartwatch,Nova,1774.83,269,4.3
PROD02562,Product_02562,Electronics,Smartphone,Vertex,326.73,304,2.7
PROD02563,Product_02563,Electronics,Smartwatch,UrbanX,276.85,483,4.1
PROD02564,Product_02564,Electronics,Laptop,PrimeTech,1826.71,16,2.7
PROD02565,Product_02565,Home,Table,PrimeTech,1605.85,202,3.7
PROD02566,Product_02566,Sports,Fitness Equipment,Zenith,678.95,19,4.0
PROD02567,Product_02567,Sports,Outdoor Gear,Zenith,814.54,318,3.6
PROD02568,Product_02568,Sports,Running Gear,Vertex,121.73,172,4.4
PROD02569,Product_02569,Beauty,Haircare,PrimeTech,505.34,198,4.2
PROD02570,Product_02570,Beauty,Fragrance,Vertex,146.59,22,5.0
PROD02571,Product_02571,Sports,Fitness Equipment,Orion,1046.05,374,4.9
PROD02572,Product_02572,Electronics,Smartphone,PrimeTech,471.88,474,2.8
PROD02573,Product_02573,Books,Non-Fiction,Vertex,339.82,39,3.5
PROD02574,Product_02574,Sports,Outdoor Gear,Zenith,914.04,2,3.0
PROD02575,Product_02575,Books,Comics,Apex,1038.52,321,3.6
PROD02576,Product_02576,Sports,Running Gear,UrbanX,765.04,52,4.6
PROD02577,Product_02577,Books,Comics,UrbanX,854.1,276,3.3
PROD02578,Product_02578,Electronics,Smartphone,UrbanX,610.8,80,3.1
PROD02579,Product_02579,Books,Academic,Apex,1090.74,92,3.0
PROD02580,Product_02580,Books,Comics,Orion,285.27,82,3.2
PROD02581,Product_02581,Beauty,Haircare,Nova,519.12,228,4.7
PROD02582,Product_02582,Fashion,Shoes,UrbanX,463.26,172,4.2
PROD02583,Product_02583,Beauty,Fragrance,Apex,800.85,305,4.3
PROD02584,Product_02584,Sports,Outdoor Gear,Orion,955.77,497,3.1
PROD02585,Product_02585,Beauty,Makeup,Vertex,799.46,472,3.4
PROD02586,Product_02586,Sports,Outdoor Gear,PrimeTech,426.51,298,2.9
PROD02587,Product_02587,Sports,Running Gear,UrbanX,479.63,82,3.2
PROD02588,Product_02588,Electronics,Headphones,Orion,390.43,140,4.6
PROD02589,Product_02589,Electronics,Headphones,UrbanX,1490.07,452,4.4
PROD02590,Product_02590,Electronics,Smartwatch,UrbanX,382.72,284,3.1
PROD02591,Product_02591,Sports,Sportswear,Nova,494.43,48,3.8
PROD02592,Product_02592,Beauty,Skincare,Nova,1045.52,156,4.9
PROD02593,Product_02593,Books,Comics,Orion,676.0,16,3.1
PROD02594,Product_02594,Home,Table,UrbanX,1129.81,151,4.3
PROD02595,Product_02595,Beauty,Makeup,UrbanX,630.15,30,4.1
PROD02596,Product_02596,Home,Lamp,Zenith,279.23,324,2.6
PROD02597,Product_02597,Books,Non-Fiction,UrbanX,828.1,449,4.0
PROD02598,Product_02598,Books,Non-Fiction,Nova,406.41,297,2.9
PROD02599,Product_02599,Home,Lamp,Apex,636.12,241,4.4
PROD02600,Product_02600,Beauty,Haircare,Zenith,185.47,374,4.3
PROD02601,Product_02601,Electronics,Smartwatch,Orion,99.0,490,4.3
PROD02602,Product_02602,Sports,Outdoor Gear,Nova,3929.66,355,2.6
PROD02603,Product_02603,Beauty,Skincare,PrimeTech,1039.63,88,4.0
PROD02604,Product_02604,Home,Lamp,Zenith,728.47,345,4.2
PROD02605,Product_02605,Fashion,Jeans,Apex,505.96,197,4.2
PROD02606,Product_02606,Electronics,Smartwatch,Zenith,1156.35,384,3.9
PROD02607,Product_02607,Sports,Fitness Equipment,Nova,309.89,128,2.9
PROD02608,Product_02608,Electronics,Headphones,UrbanX,214.29,402,4.0
PROD02609,Product_02609,Home,Chair,PrimeTech,1040.88,31,3.9
PROD02610,Product_02610,Books,Academic,Apex,1689.05,186,4.2
PROD02611,Product_02611,Electronics,Smartphone,Zenith,1192.95,53,2.9
PROD02612,Product_02612,Sports,Outdoor Gear,Orion,278.14,439,4.9
PROD02613,Product_02613,Home,Chair,Zenith,844.56,39,4.5
PROD02614,Product_02614,Sports,Running Gear,Orion,402.86,480,4.0
PROD02615,Product_02615,Electronics,Smartphone,Nova,1426.15,259,3.2
PROD02616,Product_02616,Sports,Outdoor Gear,Nova,99.0,244,3.2
PROD02617,Product_02617,Fashion,Shoes,Orion,634.71,75,2.8
PROD02618,Product_02618,Home,Table,Zenith,2059.37,201,4.3
PROD02619,Product_02619,Beauty,Skincare,Orion,932.57,265,3.2
PROD02620,Product_02620,Fashion,Jeans,Vertex,595.39,343,3.7
PROD02621,Product_02621,Sports,Fitness Equipment,Vertex,601.92,287,3.0
PROD02622,Product_02622,Fashion,Jacket,Orion,334.73,350,4.5
PROD02623,Product_02623,Home,Table,Orion,99.0,180,4.3
PROD02624,Product_02624,Books,Academic,Nova,1407.32,418,4.2
PROD02625,Product_02625,Electronics,Laptop,UrbanX,581.9,38,3.9
PROD02626,Product_02626,Sports,Fitness Equipment,Vertex,241.72,367,2.9
PROD02627,Product_02627,Sports,Fitness Equipment,Apex,960.89,438,3.6
PROD02628,Product_02628,Sports,Sportswear,Zenith,356.8,302,3.1
PROD02629,Product_02629,Sports,Outdoor Gear,Orion,803.85,70,4.7
PROD02630,Product_02630,Sports,Outdoor Gear,Nova,681.27,134,5.0
PROD02631,Product_02631,Books,Non-Fiction,Apex,427.6,23,3.1
PROD02632,Product_02632,Electronics,Headphones,Zenith,402.76,101,4.3
PROD02633,Product_02633,Home,Chair,UrbanX,256.12,219,4.5
PROD02634,Product_02634,Home,Chair,PrimeTech,433.56,262,3.7
PROD02635,Product_02635,Sports,Sportswear,Orion,726.44,299,3.5
PROD02636,Product_02636,Books,Non-Fiction,UrbanX,2676.18,131,3.6
PROD02637,Product_02637,Fashion,Jeans,PrimeTech,275.62,397,4.2
PROD02638,Product_02638,Sports,Outdoor Gear,Nova,1387.12,88,3.2
PROD02639,Product_02639,Home,Kitchen Appliance,PrimeTech,720.83,109,3.6
PROD02640,Product_02640,Fashion,T-Shirt,Nova,1241.58,191,4.0
PROD02641,Product_02641,Electronics,Smartphone,Orion,227.32,365,3.6
PROD02642,Product_02642,Home,Table,Vertex,2193.22,256,3.6
PROD02643,Product_02643,Home,Kitchen Appliance,Vertex,726.31,452,5.0
PROD02644,Product_02644,Home,Lamp,Vertex,596.6,217,3.1
PROD02645,Product_02645,Books,Comics,UrbanX,2287.05,486,2.6
PROD02646,Product_02646,Electronics,Smartphone,Orion,596.83,215,3.4
PROD02647,Product_02647,Beauty,Fragrance,PrimeTech,294.34,58,4.0
PROD02648,Product_02648,Electronics,Headphones,Zenith,494.02,121,2.9
PROD02649,Product_02649,Fashion,T-Shirt,Vertex,406.55,81,3.4
PROD02650,Product_02650,Books,Non-Fiction,Nova,574.08,210,4.7
PROD02651,Product_02651,Sports,Sportswear,PrimeTech,833.71,45,3.0
PROD02652,Product_02652,Beauty,Haircare,Zenith,267.71,430,2.7
PROD02653,Product_02653,Books,Fiction,Vertex,1017.5,400,4.7
PROD02654,Product_02654,Fashion,Jeans,UrbanX,675.48,3,4.4
PROD02655,Product_02655,Sports,Fitness Equipment,Vertex,2741.95,92,4.9
PROD02656,Product_02656,Beauty,Skincare,Apex,466.33,36,4.2
PROD02657,Product_02657,Electronics,Headphones,Vertex,791.79,128,3.7
PROD02658,Product_02658,Books,Academic,UrbanX,368.83,261,4.1
PROD02659,Product_02659,Books,Fiction,UrbanX,210.09,241,4.4
PROD02660,Product_02660,Books,Comics,Orion,592.35,379,3.5
PROD02661,Product_02661,Sports,Sportswear,Apex,528.86,254,2.7
PROD02662,Product_02662,Electronics,Laptop,Vertex,265.17,336,2.5
PROD02663,Product_02663,Electronics,Laptop,Apex,1584.09,90,2.7
PROD02664,Product_02664,Home,Lamp,UrbanX,1408.74,173,5.0
PROD02665,Product_02665,Books,Non-Fiction,Zenith,1422.95,288,3.1
PROD02666,Product_02666,Books,Fiction,UrbanX,789.59,17,4.0
PROD02667,Product_02667,Fashion,Jeans,Vertex,1772.6,71,3.5
PROD02668,Product_02668,Fashion,Shoes,Apex,824.35,164,2.9
PROD02669,Product_02669,Electronics,Laptop,Apex,887.03,419,2.8
PROD02670,Product_02670,Fashion,T-Shirt,UrbanX,584.51,95,4.2
PROD02671,Product_02671,Home,Kitchen Appliance,UrbanX,940.13,264,2.6
PROD02672,Product_02672,Beauty,Fragrance,PrimeTech,302.49,159,3.1
PROD02673,Product_02673,Electronics,Smartwatch,PrimeTech,323.88,293,3.6
PROD02674,Product_02674,Books,Comics,Vertex,168.25,20,4.9
PROD02675,Product_02675,Fashion,Shoes,Nova,1915.41,65,3.8
PROD02676,Product_02676,Fashion,T-Shirt,Nova,877.05,242,4.7
PROD02677,Product_02677,Books,Non-Fiction,Orion,271.05,71,2.9
PROD02678,Product_02678,Sports,Outdoor Gear,Nova,447.39,398,4.2
PROD02679,Product_02679,Beauty,Skincare,Vertex,521.89,241,4.0
PROD02680,Product_02680,Fashion,Jeans,Vertex,1467.73,434,3.1
PROD02681,Product_02681,Home,Lamp,Zenith,456.71,141,4.3
PROD02682,Product_02682,Electronics,Headphones,UrbanX,716.11,460,2.6
PROD02683,Product_02683,Fashion,Shoes,Apex,922.39,145,4.7
PROD02684,Product_02684,Fashion,Shoes,Vertex,389.83,206,3.3
PROD02685,Product_02685,Fashion,Jacket,Nova,253.81,479,3.9
PROD02686,Product_02686,Fashion,Shoes,Orion,406.35,415,4.6
PROD02687,Product_02687,Sports,Running Gear,UrbanX,1264.99,298,3.1
PROD02688,Product_02688,Fashion,T-Shirt,Apex,537.29,114,3.6
PROD02689,Product_02689,Home,Chair,Apex,141.96,38,4.4
PROD02690,Product_02690,Beauty,Skincare,Nova,288.33,142,4.1
PROD02691,Product_02691,Home,Kitchen Appliance,Nova,610.32,418,3.8
PROD02692,Product_02692,Books,Comics,Apex,901.9,172,2.9
PROD02693,Product_02693,Books,Fiction,PrimeTech,127.85,263,3.1
PROD02694,Product_02694,Sports,Running Gear,PrimeTech,524.28,166,4.7
PROD02695,Product_02695,Books,Fiction,Zenith,734.23,474,4.0
PROD02696,Product_02696,Beauty,Haircare,PrimeTech,1333.24,221,5.0
PROD02697,Product_02697,Books,Non-Fiction,Zenith,722.45,424,4.1
PROD02698,Product_02698,Sports,Running Gear,UrbanX,158.47,445,4.0
PROD02699,Product_02699,Fashion,Jacket,Nova,829.37,296,3.5
PROD02700,Product_02700,Fashion,Shoes,Apex,495.74,103,4.9
PROD02701,Product_02701,Beauty,Makeup,Orion,331.22,114,4.7
PROD02702,Product_02702,Home,Table,Apex,300.51,294,4.2
PROD02703,Product_02703,Home,Kitchen Appliance,PrimeTech,1120.26,435,3.6
PROD02704,Product_02704,Fashion,Shoes,Orion,277.01,469,3.9
PROD02705,Product_02705,Beauty,Skincare,UrbanX,1559.11,319,3.1
PROD02706,Product_02706,Sports,Sportswear,PrimeTech,999.07,488,2.8
PROD02707,Product_02707,Books,Fiction,UrbanX,676.49,154,3.2
PROD02708,Product_02708,Sports,Fitness Equipment,Apex,594.46,329,3.8
PROD02709,Product_02709,Books,Comics,UrbanX,342.92,42,2.8
PROD02710,Product_02710,Home,Kitchen Appliance,Vertex,287.04,479,3.9
PROD02711,Product_02711,Home,Chair,Zenith,1006.83,317,3.2
PROD02712,Product_02712,Beauty,Haircare,PrimeTech,115.96,136,3.1
PROD02713,Product_02713,Fashion,T-Shirt,Vertex,465.99,351,4.8
PROD02714,Product_02714,Beauty,Fragrance,UrbanX,1189.3,325,3.2
PROD02715,Product_02715,Fashion,T-Shirt,Vertex,323.54,289,3.8
PROD02716,Product_02716,Sports,Outdoor Gear,Nova,543.2,275,3.2
PROD02717,Product_02717,Electronics,Smartphone,Vertex,899.77,161,4.9
PROD02718,Product_02718,Fashion,Jacket,Nova,1041.68,85,4.1
PROD02719,Product_02719,Home,Kitchen Appliance,PrimeTech,1376.0,482,2.9
PROD02720,Product_02720,Home,Table,PrimeTech,484.63,385,4.6
PROD02721,Product_02721,Home,Kitchen Appliance,Zenith,602.22,194,3.9
PROD02722,Product_02722,Books,Comics,Orion,595.22,134,4.6
PROD02723,Product_02723,Books,Non-Fiction,Apex,437.74,3,5.0
PROD02724,Product_02724,Fashion,Shoes,Orion,909.47,175,3.7
PROD02725,Product_02725,Home,Kitchen Appliance,PrimeTech,918.1,23,4.1
PROD02726,Product_02726,Sports,Running Gear,Vertex,587.99,279,4.1
PROD02727,Product_02727,Beauty,Fragrance,Orion,313.24,314,4.6
PROD02728,Product_02728,Sports,Fitness Equipment,Vertex,541.42,21,4.1
PROD02729,Product_02729,Electronics,Headphones,Zenith,292.92,99,4.9
PROD02730,Product_02730,Sports,Outdoor Gear,Zenith,169.78,287,4.3
PROD02731,Product_02731,Home,Chair,Zenith,414.61,288,3.2
PROD02732,Product_02732,Sports,Fitness Equipment,Orion,269.98,294,4.5
PROD02733,Product_02733,Beauty,Haircare,Vertex,399.18,35,3.1
PROD02734,Product_02734,Fashion,Shoes,Zenith,1061.8,245,3.6
PROD02735,Product_02735,Beauty,Skincare,Zenith,661.38,341,2.5
PROD02736,Product_02736,Beauty,Skincare,Vertex,214.91,460,4.4
PROD02737,Product_02737,Books,Non-Fiction,Nova,710.26,295,4.5
PROD02738,Product_02738,Home,Lamp,Orion,684.28,412,3.9
PROD02739,Product_02739,Beauty,Makeup,Vertex,1078.33,465,3.7
PROD02740,Product_02740,Sports,Sportswear,Apex,588.42,364,3.1
PROD02741,Product_02741,Electronics,Smartphone,Apex,949.84,49,3.8
PROD02742,Product_02742,Home,Table,Vertex,372.99,190,4.8
PROD02743,Product_02743,Fashion,Jacket,Vertex,292.92,322,4.0
PROD02744,Product_02744,Electronics,Laptop,Orion,472.8,295,2.6
PROD02745,Product_02745,Sports,Sportswear,Nova,371.78,302,4.5
PROD02746,Product_02746,Fashion,Jeans,Zenith,324.78,393,4.8
PROD02747,Product_02747,Fashion,Shoes,UrbanX,414.97,25,4.8
PROD02748,Product_02748,Home,Kitchen Appliance,Apex,187.09,60,4.5
PROD02749,Product_02749,Fashion,Jacket,UrbanX,266.59,439,3.6
PROD02750,Product_02750,Home,Kitchen Appliance,UrbanX,376.61,148,3.4
PROD02751,Product_02751,Beauty,Haircare,UrbanX,1682.92,434,2.7
PROD02752,Product_02752,Sports,Sportswear,UrbanX,483.29,462,3.9
PROD02753,Product_02753,Fashion,Jacket,Orion,575.3,176,3.8
PROD02754,Product_02754,Electronics,Headphones,UrbanX,448.27,32,4.0
PROD02755,Product_02755,Home,Kitchen Appliance,Orion,1038.69,351,4.4
PROD02756,Product_02756,Sports,Running Gear,UrbanX,605.41,416,4.7
PROD02757,Product_02757,Home,Lamp,UrbanX,99.0,193,3.9
PROD02758,Product_02758,Sports,Running Gear,Nova,343.11,453,3.0
PROD02759,Product_02759,Fashion,Shoes,Apex,1224.4,468,3.5
PROD02760,Product_02760,Home,Chair,PrimeTech,378.93,335,3.3
PROD02761,Product_02761,Sports,Sportswear,Orion,579.54,11,4.9
PROD02762,Product_02762,Beauty,Skincare,PrimeTech,1582.02,150,2.9
PROD02763,Product_02763,Electronics,Headphones,Zenith,493.46,395,2.7
PROD02764,Product_02764,Home,Chair,Vertex,1001.49,333,3.4
PROD02765,Product_02765,Fashion,Jacket,Orion,607.02,266,4.1
PROD02766,Product_02766,Beauty,Skincare,Apex,933.96,71,3.6
PROD02767,Product_02767,Sports,Outdoor Gear,Zenith,726.86,198,3.5
PROD02768,Product_02768,Electronics,Smartphone,PrimeTech,359.63,394,3.3
PROD02769,Product_02769,Home,Kitchen Appliance,Orion,354.5,157,3.2
PROD02770,Product_02770,Fashion,Jeans,Zenith,612.53,439,4.7
PROD02771,Product_02771,Sports,Sportswear,Vertex,678.57,379,3.1
PROD02772,Product_02772,Home,Chair,Orion,637.3,330,4.6
PROD02773,Product_02773,Electronics,Smartphone,Vertex,703.84,200,3.8
PROD02774,Product_02774,Beauty,Haircare,PrimeTech,608.61,329,4.0
PROD02775,Product_02775,Sports,Running Gear,Zenith,567.96,299,2.7
PROD02776,Product_02776,Fashion,T-Shirt,Apex,496.85,381,5.0
PROD02777,Product_02777,Home,Table,Zenith,623.44,208,2.9
PROD02778,Product_02778,Fashion,Jacket,UrbanX,361.23,282,3.5
PROD02779,Product_02779,Electronics,Laptop,PrimeTech,309.16,47,2.8
PROD02780,Product_02780,Home,Lamp,Apex,519.28,146,4.8
PROD02781,Product_02781,Books,Comics,PrimeTech,325.69,485,3.2
PROD02782,Product_02782,Sports,Running Gear,UrbanX,543.13,61,3.0
PROD02783,Product_02783,Books,Comics,Vertex,179.4,172,4.7
PROD02784,Product_02784,Electronics,Laptop,Orion,588.02,76,4.8
PROD02785,Product_02785,Beauty,Makeup,PrimeTech,650.86,343,5.0
PROD02786,Product_02786,Sports,Fitness Equipment,UrbanX,304.71,444,4.9
PROD02787,Product_02787,Sports,Sportswear,Nova,850.24,307,4.6
PROD02788,Product_02788,Sports,Running Gear,Apex,170.45,487,4.5
PROD02789,Product_02789,Home,Lamp,Nova,908.99,446,4.8
PROD02790,Product_02790,Sports,Outdoor Gear,PrimeTech,347.95,481,3.4
PROD02791,Product_02791,Electronics,Headphones,Nova,327.83,264,3.3
PROD02792,Product_02792,Beauty,Fragrance,UrbanX,546.87,389,4.0
PROD02793,Product_02793,Beauty,Makeup,Apex,244.47,123,4.0
PROD02794,Product_02794,Electronics,Laptop,UrbanX,391.4,13,4.5
PROD02795,Product_02795,Electronics,Smartwatch,Vertex,383.43,240,4.0
PROD02796,Product_02796,Sports,Sportswear,Apex,218.99,201,3.8
PROD02797,Product_02797,Home,Chair,Apex,211.48,424,4.6
PROD02798,Product_02798,Sports,Running Gear,Zenith,1185.43,498,2.6
PROD02799,Product_02799,Beauty,Makeup,UrbanX,200.43,441,4.6
PROD02800,Product_02800,Electronics,Smartphone,Zenith,737.98,294,4.7
PROD02801,Product_02801,Books,Fiction,Nova,477.85,201,4.5
PROD02802,Product_02802,Electronics,Smartphone,Apex,343.13,433,2.9
PROD02803,Product_02803,Books,Fiction,Orion,697.31,161,4.3
PROD02804,Product_02804,Sports,Sportswear,Zenith,381.8,474,2.9
PROD02805,Product_02805,Home,Chair,Zenith,840.57,215,3.9
PROD02806,Product_02806,Home,Kitchen Appliance,UrbanX,428.46,121,2.6
PROD02807,Product_02807,Fashion,Jacket,Apex,571.11,481,4.1
PROD02808,Product_02808,Beauty,Haircare,UrbanX,531.21,324,4.6
PROD02809,Product_02809,Fashion,Jacket,PrimeTech,257.26,9,4.7
PROD02810,Product_02810,Beauty,Makeup,UrbanX,807.34,259,4.9
PROD02811,Product_02811,Electronics,Laptop,Orion,99.0,184,3.0
PROD02812,Product_02812,Home,Chair,Orion,329.93,434,4.9
PROD02813,Product_02813,Books,Fiction,Nova,442.53,259,3.3
PROD02814,Product_02814,Books,Fiction,Orion,746.48,464,3.6
PROD02815,Product_02815,Fashion,Shoes,Zenith,249.68,365,3.7
PROD02816,Product_02816,Electronics,Laptop,Vertex,495.76,354,3.5
PROD02817,Product_02817,Home,Table,Nova,2279.09,416,4.9
PROD02818,Product_02818,Sports,Sportswear,Apex,792.41,162,3.5
PROD02819,Product_02819,Home,Kitchen Appliance,Orion,951.68,33,4.7
PROD02820,Product_02820,Beauty,Skincare,Zenith,627.34,289,2.7
PROD02821,Product_02821,Sports,Outdoor Gear,PrimeTech,329.86,469,3.0
PROD02822,Product_02822,Home,Chair,Nova,288.88,112,2.7
PROD02823,Product_02823,Electronics,Laptop,Nova,321.28,171,4.0
PROD02824,Product_02824,Home,Kitchen Appliance,Orion,810.96,171,4.5
PROD02825,Product_02825,Home,Kitchen Appliance,Zenith,930.24,448,4.0
PROD02826,Product_02826,Beauty,Fragrance,Vertex,237.88,37,3.9
PROD02827,Product_02827,Fashion,Jacket,Orion,463.73,11,3.8
PROD02828,Product_02828,Books,Comics,Nova,171.42,148,3.4
PROD02829,Product_02829,Beauty,Skincare,Nova,320.49,421,3.9
PROD02830,Product_02830,Electronics,Headphones,UrbanX,1186.79,265,3.1
PROD02831,Product_02831,Books,Academic,Vertex,1171.4,367,4.8
PROD02832,Product_02832,Fashion,T-Shirt,UrbanX,858.38,201,2.8
PROD02833,Product_02833,Home,Table,Apex,451.86,38,2.9
PROD02834,Product_02834,Electronics,Headphones,Vertex,451.9,76,2.9
PROD02835,Product_02835,Electronics,Smartphone,Nova,193.29,265,2.9
PROD02836,Product_02836,Books,Academic,UrbanX,1157.75,209,4.7
PROD02837,Product_02837,Electronics,Headphones,Apex,1020.52,486,4.1
PROD02838,Product_02838,Sports,Running Gear,Orion,292.21,4,4.9
PROD02839,Product_02839,Beauty,Haircare,PrimeTech,433.88,164,2.7
PROD02840,Product_02840,Books,Comics,Zenith,140.06,205,4.8
PROD02841,Product_02841,Books,Fiction,Zenith,599.6,491,4.0
PROD02842,Product_02842,Sports,Sportswear,Nova,879.56,282,3.3
PROD02843,Product_02843,Beauty,Skincare,Apex,284.08,58,5.0
PROD02844,Product_02844,Sports,Fitness Equipment,Nova,454.75,142,4.0
PROD02845,Product_02845,Sports,Fitness Equipment,Zenith,952.62,225,3.3
PROD02846,Product_02846,Books,Academic,Apex,694.14,220,3.7
PROD02847,Product_02847,Sports,Fitness Equipment,Orion,529.83,211,3.2
PROD02848,Product_02848,Fashion,Shoes,Apex,1656.66,13,3.7
PROD02849,Product_02849,Beauty,Makeup,Vertex,331.19,75,3.6
PROD02850,Product_02850,Home,Kitchen Appliance,Vertex,911.67,319,4.1
PROD02851,Product_02851,Electronics,Smartphone,Nova,951.37,109,4.2
PROD02852,Product_02852,Fashion,T-Shirt,PrimeTech,1278.72,358,2.9
PROD02853,Product_02853,Electronics,Headphones,Zenith,292.64,256,3.7
PROD02854,Product_02854,Sports,Sportswear,Orion,1025.32,284,4.0
PROD02855,Product_02855,Sports,Sportswear,Orion,276.36,94,3.7
PROD02856,Product_02856,Sports,Outdoor Gear,Nova,344.96,167,4.4
PROD02857,Product_02857,Fashion,T-Shirt,Orion,301.54,144,4.3
PROD02858,Product_02858,Home,Kitchen Appliance,Orion,918.58,111,3.8
PROD02859,Product_02859,Beauty,Fragrance,Nova,356.61,127,3.1
PROD02860,Product_02860,Fashion,Jeans,Zenith,518.7,96,2.6
PROD02861,Product_02861,Fashion,Jeans,Orion,404.65,382,3.4
PROD02862,Product_02862,Electronics,Smartphone,Zenith,816.25,118,3.1
PROD02863,Product_02863,Beauty,Skincare,PrimeTech,374.68,187,3.4
PROD02864,Product_02864,Sports,Outdoor Gear,Vertex,601.98,381,3.1
PROD02865,Product_02865,Electronics,Smartwatch,PrimeTech,975.18,184,3.6
PROD02866,Product_02866,Home,Table,UrbanX,280.26,253,3.7
PROD02867,Product_02867,Electronics,Smartwatch,UrbanX,361.02,136,4.0
PROD02868,Product_02868,Sports,Running Gear,Vertex,626.48,96,4.7
PROD02869,Product_02869,Electronics,Headphones,Zenith,1081.17,207,4.6
PROD02870,Product_02870,Beauty,Haircare,Nova,901.23,479,3.2
PROD02871,Product_02871,Electronics,Laptop,Nova,375.57,328,3.6
PROD02872,Product_02872,Home,Kitchen Appliance,UrbanX,652.35,134,3.7
PROD02873,Product_02873,Home,Kitchen Appliance,PrimeTech,318.28,442,3.3
PROD02874,Product_02874,Beauty,Skincare,Zenith,737.51,484,2.8
PROD02875,Product_02875,Fashion,Jeans,Zenith,126.64,27,2.6
PROD02876,Product_02876,Home,Lamp,PrimeTech,1205.1,454,2.6
PROD02877,Product_02877,Beauty,Haircare,Nova,788.24,481,2.7
PROD02878,Product_02878,Fashion,Jeans,Apex,1038.18,382,3.4
PROD02879,Product_02879,Beauty,Makeup,Orion,1366.96,69,3.8
PROD02880,Product_02880,Fashion,Jeans,Nova,343.72,94,2.7
PROD02881,Product_02881,Sports,Sportswear,Vertex,778.1,257,3.2
PROD02882,Product_02882,Sports,Fitness Equipment,UrbanX,414.97,172,4.9
PROD02883,Product_02883,Electronics,Smartwatch,Vertex,1549.75,71,3.3
PROD02884,Product_02884,Home,Table,UrbanX,341.55,278,3.9
PROD02885,Product_02885,Sports,Running Gear,Nova,559.71,152,4.0
PROD02886,Product_02886,Home,Table,Apex,167.58,54,4.9
PROD02887,Product_02887,Beauty,Fragrance,UrbanX,540.47,153,2.5
PROD02888,Product_02888,Sports,Sportswear,Nova,391.22,88,4.0
PROD02889,Product_02889,Electronics,Smartwatch,Apex,1326.55,381,2.9
PROD02890,Product_02890,Sports,Fitness Equipment,Apex,712.98,338,3.0
PROD02891,Product_02891,Home,Chair,Apex,702.13,274,4.5
PROD02892,Product_02892,Sports,Sportswear,Orion,441.82,326,3.6
PROD02893,Product_02893,Sports,Sportswear,Nova,400.31,389,3.6
PROD02894,Product_02894,Fashion,Jacket,Apex,1011.14,20,3.9
PROD02895,Product_02895,Sports,Running Gear,Apex,3153.0,489,5.0
PROD02896,Product_02896,Books,Academic,Zenith,894.01,230,4.6
PROD02897,Product_02897,Fashion,Jacket,Vertex,201.58,232,4.3
PROD02898,Product_02898,Beauty,Makeup,UrbanX,552.6,489,3.0
PROD02899,Product_02899,Books,Fiction,Vertex,596.37,89,4.5
PROD02900,Product_02900,Home,Chair,Zenith,1426.28,451,4.1
PROD02901,Product_02901,Beauty,Makeup,Apex,861.32,423,3.7
PROD02902,Product_02902,Beauty,Skincare,Nova,248.43,363,2.5
PROD02903,Product_02903,Sports,Running Gear,Zenith,238.36,468,5.0
PROD02904,Product_02904,Fashion,Shoes,Vertex,841.12,474,4.6
PROD02905,Product_02905,Sports,Running Gear,PrimeTech,693.35,299,4.8
PROD02906,Product_02906,Electronics,Headphones,Nova,495.11,132,4.1
PROD02907,Product_02907,Fashion,Shoes,UrbanX,1317.05,312,4.0
PROD02908,Product_02908,Books,Comics,UrbanX,525.6,2,5.0
PROD02909,Product_02909,Beauty,Makeup,Apex,378.32,227,3.0
PROD02910,Product_02910,Sports,Sportswear,Orion,1186.41,119,4.8
PROD02911,Product_02911,Electronics,Headphones,Vertex,268.59,437,4.1
PROD02912,Product_02912,Fashion,Jeans,UrbanX,1036.83,222,4.6
PROD02913,Product_02913,Home,Chair,PrimeTech,556.19,494,4.5
PROD02914,Product_02914,Fashion,Jacket,Nova,198.29,197,5.0
PROD02915,Product_02915,Sports,Outdoor Gear,Orion,544.92,332,3.9
PROD02916,Product_02916,Beauty,Makeup,Nova,99.0,178,4.5
PROD02917,Product_02917,Electronics,Headphones,UrbanX,919.16,483,2.6
PROD02918,Product_02918,Home,Kitchen Appliance,PrimeTech,473.16,110,3.3
PROD02919,Product_02919,Fashion,Jacket,Orion,1056.33,311,4.7
PROD02920,Product_02920,Books,Fiction,Zenith,621.53,128,2.6
PROD02921,Product_02921,Home,Kitchen Appliance,Nova,1569.99,129,3.7
PROD02922,Product_02922,Electronics,Smartwatch,UrbanX,285.78,201,3.7
PROD02923,Product_02923,Beauty,Skincare,UrbanX,1606.91,44,3.9
PROD02924,Product_02924,Sports,Running Gear,Zenith,222.08,17,2.6
PROD02925,Product_02925,Electronics,Headphones,PrimeTech,1131.4,127,4.9
PROD02926,Product_02926,Books,Non-Fiction,Orion,99.0,169,3.8
PROD02927,Product_02927,Home,Table,Orion,304.37,60,4.8
PROD02928,Product_02928,Beauty,Makeup,UrbanX,441.42,124,4.6
PROD02929,Product_02929,Fashion,Jeans,Orion,771.6,98,3.2
PROD02930,Product_02930,Sports,Outdoor Gear,Zenith,554.33,384,4.5
PROD02931,Product_02931,Fashion,Jeans,Zenith,640.45,231,4.3
PROD02932,Product_02932,Home,Kitchen Appliance,UrbanX,295.89,471,4.9
PROD02933,Product_02933,Sports,Running Gear,PrimeTech,435.27,355,4.2
PROD02934,Product_02934,Sports,Fitness Equipment,Apex,167.77,35,5.0
PROD02935,Product_02935,Home,Kitchen Appliance,Vertex,1581.03,343,2.6
PROD02936,Product_02936,Books,Comics,Orion,451.15,466,4.5
PROD02937,Product_02937,Beauty,Makeup,UrbanX,611.14,205,4.7
PROD02938,Product_02938,Fashion,Jeans,Apex,438.95,172,3.8
PROD02939,Product_02939,Fashion,Jacket,Vertex,938.04,32,4.1
PROD02940,Product_02940,Books,Fiction,Zenith,191.98,327,4.8
PROD02941,Product_02941,Home,Kitchen Appliance,Nova,822.11,312,4.0
PROD02942,Product_02942,Beauty,Fragrance,Apex,222.22,476,3.6
PROD02943,Product_02943,Sports,Running Gear,Vertex,416.89,96,2.6
PROD02944,Product_02944,Beauty,Skincare,Nova,312.27,330,3.8
PROD02945,Product_02945,Beauty,Fragrance,Orion,599.72,487,3.7
PROD02946,Product_02946,Fashion,T-Shirt,Apex,1222.39,40,4.9
PROD02947,Product_02947,Sports,Fitness Equipment,PrimeTech,1996.71,139,3.6
PROD02948,Product_02948,Fashion,Jeans,UrbanX,2874.07,154,4.0
PROD02949,Product_02949,Beauty,Fragrance,Orion,1472.19,64,3.6
PROD02950,Product_02950,Electronics,Smartphone,Apex,1059.17,96,2.7
PROD02951,Product_02951,Electronics,Smartphone,Zenith,1278.64,454,3.7
PROD02952,Product_02952,Home,Kitchen Appliance,UrbanX,278.19,14,4.9
PROD02953,Product_02953,Home,Chair,UrbanX,642.01,13,3.2
PROD02954,Product_02954,Books,Fiction,PrimeTech,658.69,153,4.2
PROD02955,Product_02955,Electronics,Headphones,Apex,1487.93,127,3.7
PROD02956,Product_02956,Beauty,Haircare,Nova,199.22,457,3.3
PROD02957,Product_02957,Beauty,Fragrance,UrbanX,253.47,133,4.2
PROD02958,Product_02958,Electronics,Smartphone,UrbanX,1592.72,224,2.7
PROD02959,Product_02959,Beauty,Haircare,Vertex,408.36,232,3.9
PROD02960,Product_02960,Fashion,T-Shirt,Nova,1065.56,458,3.4
PROD02961,Product_02961,Electronics,Smartphone,UrbanX,338.63,475,2.7
PROD02962,Product_02962,Beauty,Makeup,Vertex,880.64,401,4.6
PROD02963,Product_02963,Beauty,Haircare,PrimeTech,531.57,378,4.4
PROD02964,Product_02964,Books,Fiction,Apex,1904.72,189,4.5
PROD02965,Product_02965,Electronics,Smartphone,Vertex,210.36,298,2.7
PROD02966,Product_02966,Fashion,Shoes,UrbanX,896.28,1,3.2
PROD02967,Product_02967,Fashion,Jeans,Apex,432.32,480,3.8
PROD02968,Product_02968,Fashion,T-Shirt,Orion,99.0,381,4.9
PROD02969,Product_02969,Fashion,Jacket,UrbanX,1058.57,121,4.1
PROD02970,Product_02970,Home,Chair,Vertex,516.94,485,3.5
PROD02971,Product_02971,Sports,Outdoor Gear,PrimeTech,255.56,412,4.2
PROD02972,Product_02972,Sports,Outdoor Gear,UrbanX,173.53,125,2.9
PROD02973,Product_02973,Fashion,Jeans,Zenith,1330.17,224,4.1
PROD02974,Product_02974,Fashion,Shoes,UrbanX,99.0,250,4.7
PROD02975,Product_02975,Electronics,Smartwatch,Vertex,713.07,75,4.7
PROD02976,Product_02976,Books,Academic,PrimeTech,534.13,334,4.9
PROD02977,Product_02977,Home,Chair,Orion,277.03,234,2.9
PROD02978,Product_02978,Beauty,Fragrance,Zenith,633.8,374,4.6
PROD02979,Product_02979,Beauty,Haircare,Apex,1741.97,80,3.9
PROD02980,Product_02980,Fashion,Shoes,Nova,842.03,72,2.5
PROD02981,Product_02981,Sports,Running Gear,Vertex,329.44,56,4.3
PROD02982,Product_02982,Books,Fiction,Vertex,551.26,35,3.7
PROD02983,Product_02983,Electronics,Headphones,PrimeTech,1184.2,357,2.9
PROD02984,Product_02984,Electronics,Smartphone,Orion,340.25,143,3.5
PROD02985,Product_02985,Fashion,Jacket,Apex,927.12,233,3.6
PROD02986,Product_02986,Books,Academic,Nova,304.09,126,4.6
PROD02987,Product_02987,Home,Table,Orion,320.99,198,4.6
PROD02988,Product_02988,Home,Table,PrimeTech,290.96,265,4.6
PROD02989,Product_02989,Sports,Fitness Equipment,Vertex,997.4,468,4.4
PROD02990,Product_02990,Home,Table,Zenith,398.58,283,4.4
PROD02991,Product_02991,Books,Academic,UrbanX,330.61,258,4.2
PROD02992,Product_02992,Beauty,Haircare,Apex,585.03,16,4.2
PROD02993,Product_02993,Home,Kitchen Appliance,UrbanX,524.69,204,3.2
PROD02994,Product_02994,Fashion,Jacket,Apex,1926.51,19,4.1
PROD02995,Product_02995,Sports,Outdoor Gear,Apex,759.25,404,2.9
PROD02996,Product_02996,Home,Table,UrbanX,173.73,320,3.3
PROD02997,Product_02997,Home,Table,PrimeTech,1104.61,325,3.7
PROD02998,Product_02998,Home,Lamp,Zenith,559.57,162,5.0
PROD02999,Product_02999,Home,Chair,Nova,533.24,216,4.4
PROD03000,Product_03000,Home,Chair,UrbanX,216.72,497,4.4
PROD03001,Product_03001,Electronics,Smartwatch,Orion,4472.85,11,3.0
PROD03002,Product_03002,Beauty,Makeup,Zenith,254.71,413,4.1
PROD03003,Product_03003,Fashion,Shoes,PrimeTech,507.42,317,3.2
PROD03004,Product_03004,Home,Lamp,Apex,194.51,98,3.1
PROD03005,Product_03005,Electronics,Headphones,Vertex,644.73,495,3.7
PROD03006,Product_03006,Books,Comics,Vertex,211.27,494,4.3
PROD03007,Product_03007,Home,Chair,Apex,529.1,236,2.8
PROD03008,Product_03008,Beauty,Haircare,PrimeTech,895.13,180,4.1
PROD03009,Product_03009,Fashion,Jeans,Orion,99.0,487,2.6
PROD03010,Product_03010,Fashion,Jacket,Orion,602.33,412,4.7
PROD03011,Product_03011,Beauty,Skincare,UrbanX,969.36,99,3.5
PROD03012,Product_03012,Beauty,Haircare,Apex,643.23,493,2.6
PROD03013,Product_03013,Home,Kitchen Appliance,PrimeTech,1074.57,341,4.5
PROD03014,Product_03014,Sports,Running Gear,Vertex,595.26,246,3.1
PROD03015,Product_03015,Fashion,Shoes,PrimeTech,356.04,315,3.0
PROD03016,Product_03016,Books,Academic,Orion,1449.15,337,3.1
PROD03017,Product_03017,Home,Kitchen Appliance,Apex,1123.05,391,2.6
PROD03018,Product_03018,Fashion,T-Shirt,Orion,583.98,252,5.0
PROD03019,Product_03019,Home,Lamp,Nova,937.93,117,4.8
PROD03020,Product_03020,Home,Lamp,Vertex,538.78,418,4.2
PROD03021,Product_03021,Fashion,Jeans,UrbanX,1307.76,91,4.4
PROD03022,Product_03022,Home,Kitchen Appliance,Apex,198.67,416,3.1
PROD03023,Product_03023,Sports,Running Gear,Nova,260.41,297,4.7
PROD03024,Product_03024,Fashion,Shoes,Apex,675.55,235,4.4
PROD03025,Product_03025,Electronics,Smartphone,Orion,466.23,390,3.5
PROD03026,Product_03026,Fashion,Jacket,Zenith,257.49,84,2.8
PROD03027,Product_03027,Sports,Running Gear,PrimeTech,2561.98,423,5.0
PROD03028,Product_03028,Beauty,Fragrance,Apex,467.4,16,3.3
PROD03029,Product_03029,Fashion,Shoes,Apex,337.48,94,4.1
PROD03030,Product_03030,Beauty,Fragrance,UrbanX,1464.42,488,4.1
PROD03031,Product_03031,Beauty,Skincare,Orion,2447.87,433,4.7
PROD03032,Product_03032,Beauty,Fragrance,Zenith,566.92,78,4.2
PROD03033,Product_03033,Electronics,Laptop,Nova,484.18,427,3.6
PROD03034,Product_03034,Beauty,Makeup,Vertex,642.73,426,3.2
PROD03035,Product_03035,Books,Academic,UrbanX,220.13,0,3.7
PROD03036,Product_03036,Beauty,Skincare,Vertex,541.56,399,4.2
PROD03037,Product_03037,Home,Table,Zenith,1830.44,299,3.8
PROD03038,Product_03038,Books,Academic,Apex,3051.8,346,4.8
PROD03039,Product_03039,Beauty,Fragrance,Apex,1737.98,49,3.8
PROD03040,Product_03040,Home,Kitchen Appliance,Apex,1525.03,463,3.8
PROD03041,Product_03041,Electronics,Laptop,Nova,646.95,96,4.0
PROD03042,Product_03042,Electronics,Headphones,Zenith,771.4,300,4.3
PROD03043,Product_03043,Sports,Sportswear,Apex,959.71,101,3.5
PROD03044,Product_03044,Home,Lamp,UrbanX,1146.18,97,4.7
PROD03045,Product_03045,Electronics,Headphones,Zenith,431.32,253,4.5
PROD03046,Product_03046,Beauty,Makeup,PrimeTech,888.31,208,3.5
PROD03047,Product_03047,Beauty,Makeup,Apex,262.49,272,2.8
PROD03048,Product_03048,Books,Academic,Zenith,544.8,38,4.8
PROD03049,Product_03049,Fashion,T-Shirt,Vertex,312.48,475,2.7
PROD03050,Product_03050,Fashion,Shoes,Vertex,234.22,295,3.1
PROD03051,Product_03051,Home,Kitchen Appliance,UrbanX,787.1,363,2.9
PROD03052,Product_03052,Books,Fiction,Nova,366.45,405,4.8
PROD03053,Product_03053,Sports,Sportswear,Vertex,219.71,147,4.3
PROD03054,Product_03054,Home,Chair,UrbanX,1353.31,243,4.7
PROD03055,Product_03055,Books,Non-Fiction,Nova,266.96,226,3.1
PROD03056,Product_03056,Electronics,Smartphone,Zenith,148.64,168,4.5
PROD03057,Product_03057,Sports,Running Gear,Orion,579.21,353,3.7
PROD03058,Product_03058,Fashion,Jacket,Vertex,378.55,182,4.7
PROD03059,Product_03059,Electronics,Smartphone,Zenith,266.88,457,3.4
PROD03060,Product_03060,Electronics,Headphones,Orion,246.73,178,4.3
PROD03061,Product_03061,Electronics,Headphones,Zenith,272.92,361,3.3
PROD03062,Product_03062,Home,Lamp,Zenith,555.92,331,2.7
PROD03063,Product_03063,Electronics,Headphones,UrbanX,313.34,273,4.2
PROD03064,Product_03064,Fashion,T-Shirt,Apex,310.59,142,3.2
PROD03065,Product_03065,Electronics,Headphones,Nova,99.0,53,2.6
PROD03066,Product_03066,Books,Non-Fiction,UrbanX,1214.88,261,3.9
PROD03067,Product_03067,Fashion,Jacket,Zenith,1000.03,39,4.8
PROD03068,Product_03068,Sports,Outdoor Gear,UrbanX,534.73,152,2.7
PROD03069,Product_03069,Electronics,Laptop,PrimeTech,363.85,374,2.9
PROD03070,Product_03070,Home,Kitchen Appliance,UrbanX,308.74,205,4.8
PROD03071,Product_03071,Beauty,Fragrance,Orion,248.12,44,4.4
PROD03072,Product_03072,Beauty,Skincare,UrbanX,948.11,341,4.1
PROD03073,Product_03073,Beauty,Fragrance,PrimeTech,1264.44,162,4.6
PROD03074,Product_03074,Electronics,Smartwatch,Apex,338.79,143,4.0
PROD03075,Product_03075,Sports,Running Gear,Zenith,644.23,161,2.8
PROD03076,Product_03076,Fashion,Jeans,Nova,111.23,466,3.7
PROD03077,Product_03077,Electronics,Laptop,UrbanX,560.84,340,3.9
PROD03078,Product_03078,Sports,Sportswear,Orion,666.77,90,4.7
PROD03079,Product_03079,Beauty,Skincare,PrimeTech,290.61,418,3.8
PROD03080,Product_03080,Books,Comics,PrimeTech,99.0,254,3.8
PROD03081,Product_03081,Fashion,Shoes,Orion,735.93,445,3.9
PROD03082,Product_03082,Beauty,Fragrance,Zenith,890.25,78,2.8
PROD03083,Product_03083,Home,Kitchen Appliance,Apex,511.87,433,4.7
PROD03084,Product_03084,Fashion,Shoes,Vertex,492.96,9,3.6
PROD03085,Product_03085,Sports,Outdoor Gear,Orion,3977.61,1,4.5
PROD03086,Product_03086,Electronics,Laptop,Zenith,727.76,186,3.9
PROD03087,Product_03087,Electronics,Smartphone,Nova,293.09,283,4.2
PROD03088,Product_03088,Books,Comics,Zenith,454.15,218,3.2
PROD03089,Product_03089,Books,Comics,Nova,214.6,215,4.3
PROD03090,Product_03090,Books,Academic,PrimeTech,675.19,356,2.7
PROD03091,Product_03091,Home,Table,Zenith,875.64,44,3.0
PROD03092,Product_03092,Fashion,Jacket,Vertex,481.32,66,4.5
PROD03093,Product_03093,Beauty,Skincare,Nova,2411.13,500,4.1
PROD03094,Product_03094,Beauty,Makeup,Orion,1144.03,100,3.0
PROD03095,Product_03095,Books,Academic,UrbanX,241.56,288,3.5
PROD03096,Product_03096,Home,Lamp,Zenith,1113.24,324,4.3
PROD03097,Product_03097,Fashion,Shoes,UrbanX,372.01,162,4.1
PROD03098,Product_03098,Books,Comics,UrbanX,255.87,261,3.3
PROD03099,Product_03099,Books,Fiction,UrbanX,868.16,271,4.8
PROD03100,Product_03100,Fashion,T-Shirt,Zenith,213.76,491,4.1
PROD03101,Product_03101,Electronics,Smartphone,UrbanX,654.86,434,2.6
PROD03102,Product_03102,Fashion,T-Shirt,Apex,420.44,57,3.7
PROD03103,Product_03103,Books,Comics,PrimeTech,709.59,51,3.9
PROD03104,Product_03104,Fashion,Jacket,Vertex,99.0,422,3.9
PROD03105,Product_03105,Books,Fiction,Zenith,3633.12,382,3.6
PROD03106,Product_03106,Electronics,Laptop,Vertex,1343.67,323,3.4
PROD03107,Product_03107,Fashion,T-Shirt,Vertex,266.3,206,2.9
PROD03108,Product_03108,Books,Non-Fiction,Vertex,534.59,242,3.2
PROD03109,Product_03109,Home,Kitchen Appliance,Apex,442.56,149,3.1
PROD03110,Product_03110,Books,Fiction,Apex,260.13,457,4.1
PROD03111,Product_03111,Sports,Sportswear,Zenith,2123.94,468,3.6
PROD03112,Product_03112,Home,Kitchen Appliance,PrimeTech,713.47,72,2.6
PROD03113,Product_03113,Electronics,Smartwatch,Nova,386.46,233,2.6
PROD03114,Product_03114,Home,Kitchen Appliance,Orion,359.47,61,3.6
PROD03115,Product_03115,Sports,Fitness Equipment,Apex,924.49,363,2.7
PROD03116,Product_03116,Electronics,Headphones,PrimeTech,272.43,262,5.0
PROD03117,Product_03117,Beauty,Makeup,PrimeTech,246.86,2,3.3
PROD03118,Product_03118,Home,Kitchen Appliance,Vertex,171.26,434,2.9
PROD03119,Product_03119,Beauty,Fragrance,Apex,876.32,52,2.8
PROD03120,Product_03120,Books,Comics,Vertex,367.18,14,2.9
PROD03121,Product_03121,Beauty,Skincare,Vertex,234.39,15,3.2
PROD03122,Product_03122,Fashion,T-Shirt,Zenith,487.93,125,3.0
PROD03123,Product_03123,Electronics,Headphones,Vertex,666.13,8,3.2
PROD03124,Product_03124,Fashion,Jacket,Apex,1116.62,423,4.0
PROD03125,Product_03125,Books,Non-Fiction,Apex,469.45,255,3.3
PROD03126,Product_03126,Books,Non-Fiction,Nova,499.82,192,2.6
PROD03127,Product_03127,Beauty,Haircare,Orion,737.28,485,3.1
PROD03128,Product_03128,Sports,Outdoor Gear,Orion,310.08,455,3.1
PROD03129,Product_03129,Beauty,Fragrance,Zenith,1613.32,94,2.6
PROD03130,Product_03130,Home,Lamp,Vertex,587.64,433,4.5
PROD03131,Product_03131,Electronics,Smartwatch,Zenith,449.72,482,3.9
PROD03132,Product_03132,Home,Kitchen Appliance,Nova,859.95,224,4.9
PROD03133,Product_03133,Home,Kitchen Appliance,Nova,1936.14,288,4.6
PROD03134,Product_03134,Books,Comics,PrimeTech,464.98,173,3.7
PROD03135,Product_03135,Fashion,T-Shirt,Orion,659.34,338,4.6
PROD03136,Product_03136,Electronics,Smartwatch,Zenith,380.23,89,2.7
PROD03137,Product_03137,Electronics,Smartphone,UrbanX,806.14,256,4.2
PROD03138,Product_03138,Electronics,Headphones,PrimeTech,267.45,65,3.3
PROD03139,Product_03139,Home,Chair,PrimeTech,373.29,292,3.1
PROD03140,Product_03140,Beauty,Haircare,UrbanX,489.98,481,3.7
PROD03141,Product_03141,Home,Table,PrimeTech,1910.17,256,3.8
PROD03142,Product_03142,Sports,Running Gear,PrimeTech,621.97,56,4.6
PROD03143,Product_03143,Electronics,Headphones,Nova,259.35,188,3.4
PROD03144,Product_03144,Books,Non-Fiction,Nova,441.04,86,4.9
PROD03145,Product_03145,Sports,Sportswear,UrbanX,2550.42,378,2.9
PROD03146,Product_03146,Fashion,Shoes,Apex,247.16,18,3.5
PROD03147,Product_03147,Beauty,Haircare,Vertex,190.37,47,3.4
PROD03148,Product_03148,Beauty,Skincare,Nova,559.72,365,4.6
PROD03149,Product_03149,Electronics,Headphones,PrimeTech,648.38,381,5.0
PROD03150,Product_03150,Electronics,Smartwatch,PrimeTech,885.75,279,3.4
PROD03151,Product_03151,Sports,Outdoor Gear,PrimeTech,1279.32,199,3.8
PROD03152,Product_03152,Home,Lamp,Vertex,973.3,274,4.9
PROD03153,Product_03153,Sports,Sportswear,PrimeTech,135.69,360,3.2
PROD03154,Product_03154,Beauty,Makeup,Nova,249.0,430,3.1
PROD03155,Product_03155,Beauty,Haircare,PrimeTech,257.51,373,2.8
PROD03156,Product_03156,Electronics,Smartphone,UrbanX,406.6,190,3.3
PROD03157,Product_03157,Books,Non-Fiction,UrbanX,614.61,109,4.0
PROD03158,Product_03158,Electronics,Laptop,PrimeTech,915.23,92,2.5
PROD03159,Product_03159,Books,Comics,Apex,853.45,296,3.1
PROD03160,Product_03160,Beauty,Fragrance,Nova,504.49,477,4.4
PROD03161,Product_03161,Beauty,Fragrance,PrimeTech,798.0,423,3.8
PROD03162,Product_03162,Electronics,Smartwatch,Orion,386.5,51,4.1
PROD03163,Product_03163,Books,Fiction,Nova,289.8,213,4.4
PROD03164,Product_03164,Home,Kitchen Appliance,UrbanX,251.01,300,2.9
PROD03165,Product_03165,Electronics,Laptop,Nova,476.02,307,3.6
PROD03166,Product_03166,Sports,Running Gear,Zenith,667.79,322,4.7
PROD03167,Product_03167,Fashion,Jeans,Vertex,1001.82,233,2.8
PROD03168,Product_03168,Sports,Running Gear,PrimeTech,191.94,307,5.0
PROD03169,Product_03169,Electronics,Smartphone,Vertex,1185.35,116,3.9
PROD03170,Product_03170,Books,Academic,Zenith,675.43,287,4.1
PROD03171,Product_03171,Electronics,Smartphone,PrimeTech,1017.97,139,2.5
PROD03172,Product_03172,Sports,Sportswear,Orion,903.54,181,2.8
PROD03173,Product_03173,Home,Lamp,Apex,452.24,345,5.0
PROD03174,Product_03174,Sports,Running Gear,PrimeTech,184.47,263,4.9
PROD03175,Product_03175,Books,Comics,Apex,791.73,280,3.3
PROD03176,Product_03176,Beauty,Skincare,UrbanX,182.73,103,5.0
PROD03177,Product_03177,Home,Chair,Nova,644.1,110,2.8
PROD03178,Product_03178,Books,Fiction,Orion,313.87,56,2.6
PROD03179,Product_03179,Books,Academic,Nova,765.4,197,3.5
PROD03180,Product_03180,Sports,Fitness Equipment,Zenith,661.87,425,3.5
PROD03181,Product_03181,Fashion,T-Shirt,Zenith,1074.3,225,2.7
PROD03182,Product_03182,Home,Lamp,Orion,484.76,316,3.1
PROD03183,Product_03183,Sports,Outdoor Gear,Apex,1152.53,164,2.8
PROD03184,Product_03184,Electronics,Headphones,Zenith,902.85,314,2.8
PROD03185,Product_03185,Books,Fiction,PrimeTech,449.85,424,4.8
PROD03186,Product_03186,Books,Comics,PrimeTech,700.33,472,3.9
PROD03187,Product_03187,Sports,Running Gear,Apex,842.08,269,3.9
PROD03188,Product_03188,Beauty,Skincare,UrbanX,283.97,391,3.0
PROD03189,Product_03189,Beauty,Skincare,Apex,399.3,300,3.3
PROD03190,Product_03190,Beauty,Fragrance,UrbanX,355.69,376,4.3
PROD03191,Product_03191,Books,Comics,Apex,500.46,356,4.1
PROD03192,Product_03192,Fashion,Jeans,Vertex,1111.5,156,3.8
PROD03193,Product_03193,Books,Comics,Vertex,1587.22,58,3.2
PROD03194,Product_03194,Sports,Outdoor Gear,PrimeTech,945.07,435,4.4
PROD03195,Product_03195,Beauty,Makeup,Orion,523.37,190,2.8
PROD03196,Product_03196,Beauty,Fragrance,Zenith,700.62,177,3.3
PROD03197,Product_03197,Sports,Fitness Equipment,Apex,241.44,212,4.7
PROD03198,Product_03198,Beauty,Makeup,Nova,950.61,122,4.2
PROD03199,Product_03199,Electronics,Headphones,Nova,191.81,135,4.2
PROD03200,Product_03200,Books,Non-Fiction,Vertex,229.31,219,2.9
PROD03201,Product_03201,Electronics,Headphones,PrimeTech,598.72,271,3.1
PROD03202,Product_03202,Fashion,Jacket,UrbanX,288.77,460,3.6
PROD03203,Product_03203,Sports,Running Gear,Orion,1083.12,425,2.8
PROD03204,Product_03204,Home,Chair,Apex,294.16,416,4.0
PROD03205,Product_03205,Home,Table,Nova,682.26,378,4.7
PROD03206,Product_03206,Electronics,Smartphone,Orion,524.59,193,3.5
PROD03207,Product_03207,Fashion,T-Shirt,Vertex,301.3,35,4.2
PROD03208,Product_03208,Fashion,Jacket,Apex,2173.53,476,3.1
PROD03209,Product_03209,Fashion,Shoes,Nova,683.55,429,4.3
PROD03210,Product_03210,Beauty,Fragrance,UrbanX,2006.55,325,3.3
PROD03211,Product_03211,Books,Non-Fiction,Vertex,793.71,350,4.3
PROD03212,Product_03212,Home,Kitchen Appliance,PrimeTech,800.57,259,4.5
PROD03213,Product_03213,Books,Academic,Apex,1248.47,138,2.9
PROD03214,Product_03214,Electronics,Headphones,Apex,603.56,313,2.8
PROD03215,Product_03215,Books,Fiction,Vertex,596.47,394,2.9
PROD03216,Product_03216,Home,Lamp,Nova,1183.53,91,4.6
PROD03217,Product_03217,Beauty,Makeup,UrbanX,483.96,173,3.9
PROD03218,Product_03218,Fashion,Jeans,Nova,928.03,35,4.0
PROD03219,Product_03219,Fashion,Jeans,Nova,538.02,43,4.3
PROD03220,Product_03220,Electronics,Headphones,Nova,109.15,155,4.0
PROD03221,Product_03221,Fashion,Shoes,Nova,958.22,54,4.5
PROD03222,Product_03222,Sports,Outdoor Gear,Orion,409.27,428,3.3
PROD03223,Product_03223,Beauty,Makeup,Orion,441.6,368,2.9
PROD03224,Product_03224,Books,Academic,UrbanX,243.81,284,2.7
PROD03225,Product_03225,Fashion,T-Shirt,UrbanX,1002.26,226,2.8
PROD03226,Product_03226,Home,Kitchen Appliance,Orion,395.41,341,3.5
PROD03227,Product_03227,Electronics,Smartphone,Nova,334.13,339,4.8
PROD03228,Product_03228,Beauty,Fragrance,Apex,410.3,431,3.6
PROD03229,Product_03229,Sports,Outdoor Gear,PrimeTech,397.08,104,3.9
PROD03230,Product_03230,Sports,Running Gear,Vertex,1081.76,250,3.5
PROD03231,Product_03231,Fashion,Shoes,UrbanX,302.94,83,3.5
PROD03232,Product_03232,Books,Non-Fiction,Zenith,719.09,467,4.9
PROD03233,Product_03233,Beauty,Skincare,PrimeTech,436.2,210,4.2
PROD03234,Product_03234,Books,Academic,Zenith,488.58,322,3.6
PROD03235,Product_03235,Books,Academic,Nova,153.44,459,3.6
PROD03236,Product_03236,Home,Lamp,PrimeTech,570.52,148,3.7
PROD03237,Product_03237,Home,Kitchen Appliance,Nova,1524.97,439,4.1
PROD03238,Product_03238,Fashion,T-Shirt,Orion,253.14,236,3.6
PROD03239,Product_03239,Fashion,Jacket,Apex,99.0,306,4.8
PROD03240,Product_03240,Beauty,Skincare,Orion,195.8,146,2.8
PROD03241,Product_03241,Home,Lamp,Nova,1365.12,337,3.2
PROD03242,Product_03242,Electronics,Smartphone,Zenith,361.96,157,3.8
PROD03243,Product_03243,Home,Chair,Nova,878.89,326,4.3
PROD03244,Product_03244,Home,Kitchen Appliance,Vertex,1143.82,79,3.9
PROD03245,Product_03245,Fashion,Jeans,Vertex,691.66,241,3.9
PROD03246,Product_03246,Home,Kitchen Appliance,Vertex,743.15,261,4.6
PROD03247,Product_03247,Fashion,Jacket,Zenith,345.21,13,3.3
PROD03248,Product_03248,Books,Fiction,Apex,231.12,39,2.7
PROD03249,Product_03249,Books,Non-Fiction,Vertex,762.73,488,3.7
PROD03250,Product_03250,Home,Chair,PrimeTech,311.55,244,3.1
PROD03251,Product_03251,Home,Lamp,Nova,99.0,282,4.7
PROD03252,Product_03252,Fashion,Shoes,PrimeTech,468.78,114,3.6
PROD03253,Product_03253,Electronics,Smartphone,Zenith,718.82,72,3.7
PROD03254,Product_03254,Sports,Fitness Equipment,Orion,228.97,485,3.4
PROD03255,Product_03255,Electronics,Laptop,Apex,647.56,357,4.2
PROD03256,Product_03256,Beauty,Fragrance,Zenith,657.87,96,2.6
PROD03257,Product_03257,Beauty,Makeup,Nova,595.54,65,3.2
PROD03258,Product_03258,Books,Non-Fiction,Zenith,1184.15,141,2.5
PROD03259,Product_03259,Fashion,T-Shirt,Zenith,265.76,387,3.1
PROD03260,Product_03260,Home,Lamp,Apex,704.19,21,4.3
PROD03261,Product_03261,Home,Chair,UrbanX,99.0,128,4.4
PROD03262,Product_03262,Fashion,Jeans,Zenith,314.64,273,3.3
PROD03263,Product_03263,Books,Fiction,Apex,2844.34,82,4.9
PROD03264,Product_03264,Home,Chair,Apex,956.12,142,4.6
PROD03265,Product_03265,Books,Academic,PrimeTech,215.18,28,3.4
PROD03266,Product_03266,Sports,Fitness Equipment,Zenith,256.9,411,3.9
PROD03267,Product_03267,Home,Chair,Nova,300.43,389,4.1
PROD03268,Product_03268,Books,Non-Fiction,Zenith,448.54,3,2.8
PROD03269,Product_03269,Sports,Outdoor Gear,Vertex,228.86,182,4.0
PROD03270,Product_03270,Fashion,Shoes,Orion,194.42,202,4.5
PROD03271,Product_03271,Books,Fiction,UrbanX,551.32,106,4.2
PROD03272,Product_03272,Fashion,Shoes,Vertex,731.24,36,3.8
PROD03273,Product_03273,Home,Table,Nova,863.31,157,4.1
PROD03274,Product_03274,Books,Academic,Apex,568.69,248,2.5
PROD03275,Product_03275,Sports,Outdoor Gear,PrimeTech,204.95,398,3.3
PROD03276,Product_03276,Home,Chair,Vertex,488.97,125,4.6
PROD03277,Product_03277,Beauty,Haircare,Apex,497.85,475,3.0
PROD03278,Product_03278,Fashion,Jeans,Zenith,394.86,404,4.2
PROD03279,Product_03279,Books,Non-Fiction,UrbanX,1552.76,91,2.9
PROD03280,Product_03280,Sports,Sportswear,Apex,646.39,285,2.8
PROD03281,Product_03281,Home,Lamp,Nova,499.6,169,4.2
PROD03282,Product_03282,Books,Non-Fiction,Apex,207.28,397,3.3
PROD03283,Product_03283,Beauty,Fragrance,Apex,248.52,182,4.0
PROD03284,Product_03284,Sports,Sportswear,Vertex,871.57,292,3.8
PROD03285,Product_03285,Fashion,Jacket,UrbanX,4371.09,87,4.9
PROD03286,Product_03286,Books,Non-Fiction,UrbanX,470.85,372,4.8
PROD03287,Product_03287,Fashion,Shoes,UrbanX,307.51,13,2.8
PROD03288,Product_03288,Books,Non-Fiction,Apex,459.8,170,2.9
PROD03289,Product_03289,Beauty,Haircare,Zenith,2206.56,202,3.2
PROD03290,Product_03290,Fashion,Jacket,Vertex,224.44,185,4.2
PROD03291,Product_03291,Fashion,Jacket,Apex,719.67,52,3.2
PROD03292,Product_03292,Sports,Outdoor Gear,Apex,1060.05,180,4.0
PROD03293,Product_03293,Home,Chair,Nova,398.41,429,3.9
PROD03294,Product_03294,Fashion,Shoes,Vertex,1503.56,264,3.8
PROD03295,Product_03295,Beauty,Fragrance,Vertex,760.3,353,2.7
PROD03296,Product_03296,Beauty,Skincare,Nova,377.77,228,3.8
PROD03297,Product_03297,Books,Non-Fiction,UrbanX,777.68,137,3.9
PROD03298,Product_03298,Home,Table,PrimeTech,1868.96,142,4.2
PROD03299,Product_03299,Sports,Outdoor Gear,Vertex,1025.09,382,4.7
PROD03300,Product_03300,Electronics,Smartwatch,Nova,695.14,328,4.8
PROD03301,Product_03301,Books,Non-Fiction,UrbanX,238.41,338,3.4
PROD03302,Product_03302,Fashion,Shoes,Nova,927.47,496,3.7
PROD03303,Product_03303,Electronics,Smartwatch,Zenith,305.61,282,4.2
PROD03304,Product_03304,Sports,Sportswear,PrimeTech,364.62,225,4.5
PROD03305,Product_03305,Sports,Fitness Equipment,Zenith,706.04,234,4.3
PROD03306,Product_03306,Books,Academic,Vertex,314.15,339,2.8
PROD03307,Product_03307,Fashion,T-Shirt,Orion,2220.68,252,3.8
PROD03308,Product_03308,Books,Academic,Nova,231.05,119,2.7
PROD03309,Product_03309,Electronics,Laptop,Nova,2272.77,24,5.0
PROD03310,Product_03310,Beauty,Makeup,Vertex,187.05,332,2.5
PROD03311,Product_03311,Beauty,Fragrance,Apex,293.44,115,4.5
PROD03312,Product_03312,Books,Comics,Vertex,895.21,366,2.8
PROD03313,Product_03313,Books,Academic,Apex,204.83,372,3.5
PROD03314,Product_03314,Sports,Outdoor Gear,PrimeTech,99.0,435,2.9
PROD03315,Product_03315,Books,Comics,Nova,707.78,33,3.0
PROD03316,Product_03316,Books,Non-Fiction,Vertex,521.23,321,4.9
PROD03317,Product_03317,Books,Comics,Apex,1055.73,372,3.8
PROD03318,Product_03318,Fashion,Jacket,PrimeTech,257.8,208,4.3
PROD03319,Product_03319,Books,Non-Fiction,Nova,1772.23,122,4.0
PROD03320,Product_03320,Sports,Sportswear,UrbanX,543.61,393,3.8
PROD03321,Product_03321,Books,Academic,PrimeTech,1800.89,323,2.9
PROD03322,Product_03322,Sports,Fitness Equipment,Vertex,270.63,349,4.5
PROD03323,Product_03323,Electronics,Headphones,Orion,810.32,477,4.4
PROD03324,Product_03324,Beauty,Haircare,PrimeTech,455.34,470,2.7
PROD03325,Product_03325,Electronics,Smartphone,UrbanX,149.74,103,4.5
PROD03326,Product_03326,Beauty,Fragrance,Zenith,312.05,372,4.9
PROD03327,Product_03327,Books,Fiction,Vertex,427.41,294,3.2
PROD03328,Product_03328,Fashion,T-Shirt,Zenith,997.72,137,3.4
PROD03329,Product_03329,Electronics,Laptop,Orion,548.85,181,4.6
PROD03330,Product_03330,Beauty,Skincare,Nova,552.36,354,4.6
PROD03331,Product_03331,Electronics,Smartwatch,PrimeTech,949.15,464,4.4
PROD03332,Product_03332,Books,Comics,Apex,356.19,156,4.2
PROD03333,Product_03333,Electronics,Headphones,Zenith,502.99,126,3.7
PROD03334,Product_03334,Beauty,Fragrance,Orion,226.97,330,4.7
PROD03335,Product_03335,Fashion,Jacket,Vertex,728.0,143,4.5
PROD03336,Product_03336,Fashion,Jeans,Nova,503.69,90,3.1
PROD03337,Product_03337,Sports,Running Gear,UrbanX,138.48,372,3.2
PROD03338,Product_03338,Fashion,T-Shirt,Orion,771.23,419,3.2
PROD03339,Product_03339,Fashion,Shoes,Zenith,1611.22,469,4.7
PROD03340,Product_03340,Home,Chair,PrimeTech,501.71,138,3.3
PROD03341,Product_03341,Fashion,T-Shirt,UrbanX,921.9,90,3.4
PROD03342,Product_03342,Home,Lamp,PrimeTech,522.92,263,4.6
PROD03343,Product_03343,Sports,Outdoor Gear,Zenith,790.75,473,4.5
PROD03344,Product_03344,Books,Fiction,UrbanX,112.16,48,3.8
PROD03345,Product_03345,Home,Chair,Apex,614.71,2,3.9
PROD03346,Product_03346,Sports,Running Gear,Apex,993.06,282,3.2
PROD03347,Product_03347,Home,Lamp,Zenith,412.17,121,3.8
PROD03348,Product_03348,Electronics,Laptop,Apex,571.54,231,3.1
PROD03349,Product_03349,Beauty,Skincare,Apex,1216.91,425,3.9
PROD03350,Product_03350,Beauty,Skincare,Apex,241.36,441,4.2
PROD03351,Product_03351,Home,Table,Apex,358.09,401,4.0
PROD03352,Product_03352,Fashion,T-Shirt,Apex,690.42,427,3.2
PROD03353,Product_03353,Fashion,T-Shirt,Apex,2018.09,158,4.7
PROD03354,Product_03354,Sports,Outdoor Gear,Nova,278.18,135,4.5
PROD03355,Product_03355,Books,Academic,Vertex,212.17,354,3.8
PROD03356,Product_03356,Books,Comics,Nova,525.27,271,4.4
PROD03357,Product_03357,Electronics,Headphones,Orion,1686.12,489,3.7
PROD03358,Product_03358,Electronics,Headphones,Apex,395.6,12,2.7
PROD03359,Product_03359,Beauty,Haircare,Apex,238.61,440,4.2
PROD03360,Product_03360,Fashion,T-Shirt,PrimeTech,1852.63,492,4.0
PROD03361,Product_03361,Home,Chair,Apex,3835.75,349,4.2
PROD03362,Product_03362,Fashion,Jacket,Vertex,1215.95,144,3.4
PROD03363,Product_03363,Fashion,Shoes,Apex,407.74,152,4.9
PROD03364,Product_03364,Fashion,Jeans,Zenith,508.17,227,3.0
PROD03365,Product_03365,Home,Table,PrimeTech,984.3,334,2.7
PROD03366,Product_03366,Beauty,Fragrance,Orion,598.34,230,2.6
PROD03367,Product_03367,Beauty,Fragrance,Vertex,2083.1,110,3.2
PROD03368,Product_03368,Books,Non-Fiction,Orion,599.44,226,4.7
PROD03369,Product_03369,Sports,Sportswear,Apex,2491.69,84,4.5
PROD03370,Product_03370,Books,Comics,UrbanX,550.62,416,5.0
PROD03371,Product_03371,Books,Non-Fiction,Zenith,622.65,175,3.4
PROD03372,Product_03372,Beauty,Haircare,PrimeTech,426.16,476,4.4
PROD03373,Product_03373,Books,Comics,UrbanX,1454.86,63,4.8
PROD03374,Product_03374,Electronics,Laptop,Vertex,615.08,79,3.5
PROD03375,Product_03375,Fashion,Jeans,Zenith,564.31,32,2.5
PROD03376,Product_03376,Books,Comics,Vertex,1926.44,151,2.6
PROD03377,Product_03377,Electronics,Headphones,Nova,1215.97,294,2.7
PROD03378,Product_03378,Electronics,Smartwatch,UrbanX,274.66,183,3.3
PROD03379,Product_03379,Electronics,Laptop,UrbanX,135.0,453,4.6
PROD03380,Product_03380,Electronics,Headphones,Zenith,2261.34,98,2.6
PROD03381,Product_03381,Sports,Sportswear,Nova,1676.29,499,4.4
PROD03382,Product_03382,Electronics,Smartwatch,Apex,296.52,198,3.7
PROD03383,Product_03383,Books,Academic,Orion,1393.52,466,3.0
PROD03384,Product_03384,Electronics,Laptop,Zenith,559.92,222,3.8
PROD03385,Product_03385,Electronics,Laptop,Nova,225.09,20,3.2
PROD03386,Product_03386,Books,Academic,UrbanX,1888.36,496,4.6
PROD03387,Product_03387,Fashion,Jacket,Nova,338.43,296,4.2
PROD03388,Product_03388,Beauty,Skincare,Apex,160.09,142,2.5
PROD03389,Product_03389,Fashion,Shoes,UrbanX,99.0,427,4.9
PROD03390,Product_03390,Home,Chair,Orion,2216.78,262,2.8
PROD03391,Product_03391,Sports,Running Gear,Apex,1132.61,434,3.0
PROD03392,Product_03392,Sports,Sportswear,Nova,981.37,446,4.3
PROD03393,Product_03393,Beauty,Makeup,UrbanX,391.11,212,4.9
PROD03394,Product_03394,Electronics,Headphones,Zenith,217.86,251,2.9
PROD03395,Product_03395,Home,Table,Zenith,320.83,11,4.4
PROD03396,Product_03396,Books,Comics,Zenith,1060.45,89,4.6
PROD03397,Product_03397,Fashion,Jacket,Zenith,174.48,286,2.9
PROD03398,Product_03398,Sports,Sportswear,Zenith,1025.38,467,4.6
PROD03399,Product_03399,Beauty,Makeup,Vertex,844.49,356,4.1
PROD03400,Product_03400,Fashion,Jacket,Zenith,1308.34,418,3.9
PROD03401,Product_03401,Sports,Sportswear,Vertex,421.43,274,4.2
PROD03402,Product_03402,Fashion,Jeans,UrbanX,1419.99,176,3.3
PROD03403,Product_03403,Home,Chair,Apex,386.89,373,2.8
PROD03404,Product_03404,Books,Academic,Zenith,458.7,49,2.5
PROD03405,Product_03405,Home,Chair,Orion,99.0,477,4.3
PROD03406,Product_03406,Books,Non-Fiction,UrbanX,395.13,377,2.9
PROD03407,Product_03407,Electronics,Laptop,Orion,895.24,274,3.0
PROD03408,Product_03408,Fashion,Jacket,Zenith,678.91,155,3.8
PROD03409,Product_03409,Books,Academic,Nova,1771.49,375,4.6
PROD03410,Product_03410,Electronics,Smartwatch,UrbanX,575.87,91,4.1
PROD03411,Product_03411,Sports,Running Gear,Nova,868.29,449,3.7
PROD03412,Product_03412,Fashion,T-Shirt,Vertex,268.82,482,4.6
PROD03413,Product_03413,Electronics,Headphones,UrbanX,1110.71,447,3.1
PROD03414,Product_03414,Electronics,Headphones,PrimeTech,216.71,412,4.0
PROD03415,Product_03415,Home,Chair,UrbanX,1279.71,89,3.0
PROD03416,Product_03416,Fashion,Jacket,Vertex,474.13,319,4.5
PROD03417,Product_03417,Fashion,Shoes,PrimeTech,550.41,345,3.0
PROD03418,Product_03418,Books,Academic,UrbanX,1746.93,14,3.2
PROD03419,Product_03419,Electronics,Smartwatch,Apex,471.46,306,3.6
PROD03420,Product_03420,Books,Comics,PrimeTech,434.57,345,3.8
PROD03421,Product_03421,Home,Kitchen Appliance,Apex,356.8,214,2.8
PROD03422,Product_03422,Beauty,Makeup,Zenith,670.93,479,3.9
PROD03423,Product_03423,Home,Table,PrimeTech,813.83,341,4.7
PROD03424,Product_03424,Fashion,Jeans,UrbanX,670.61,77,3.2
PROD03425,Product_03425,Books,Non-Fiction,Nova,1066.91,42,3.9
PROD03426,Product_03426,Fashion,T-Shirt,Zenith,564.46,191,2.6
PROD03427,Product_03427,Sports,Outdoor Gear,Zenith,658.84,235,4.8
PROD03428,Product_03428,Home,Kitchen Appliance,Apex,99.0,279,4.6
PROD03429,Product_03429,Electronics,Laptop,Apex,438.92,245,5.0
PROD03430,Product_03430,Electronics,Smartphone,Nova,456.77,291,3.6
PROD03431,Product_03431,Electronics,Laptop,PrimeTech,553.87,488,3.7
PROD03432,Product_03432,Beauty,Makeup,Vertex,108.44,24,3.9
PROD03433,Product_03433,Electronics,Smartwatch,Nova,473.1,177,4.5
PROD03434,Product_03434,Fashion,Shoes,Orion,1195.95,407,3.4
PROD03435,Product_03435,Books,Fiction,Apex,364.74,410,2.9
PROD03436,Product_03436,Books,Non-Fiction,Nova,2065.73,242,4.7
PROD03437,Product_03437,Fashion,Jacket,Orion,444.05,228,3.1
PROD03438,Product_03438,Fashion,Jeans,Nova,1028.94,320,4.1
PROD03439,Product_03439,Fashion,T-Shirt,Nova,349.11,52,4.1
PROD03440,Product_03440,Books,Academic,Nova,325.15,428,3.1
PROD03441,Product_03441,Sports,Sportswear,Nova,471.27,87,3.5
PROD03442,Product_03442,Sports,Fitness Equipment,Vertex,238.07,335,4.2
PROD03443,Product_03443,Home,Table,Nova,1790.04,32,2.6
PROD03444,Product_03444,Books,Comics,PrimeTech,155.02,158,4.1
PROD03445,Product_03445,Electronics,Smartwatch,Vertex,1105.34,358,3.0
PROD03446,Product_03446,Beauty,Haircare,Vertex,340.89,498,3.9
PROD03447,Product_03447,Fashion,T-Shirt,UrbanX,1151.41,404,4.0
PROD03448,Product_03448,Sports,Outdoor Gear,PrimeTech,1205.45,439,3.6
PROD03449,Product_03449,Electronics,Smartphone,Orion,1367.34,462,3.6
PROD03450,Product_03450,Beauty,Makeup,UrbanX,200.07,152,3.5
PROD03451,Product_03451,Home,Kitchen Appliance,PrimeTech,247.34,218,4.3
PROD03452,Product_03452,Electronics,Laptop,Nova,205.05,229,3.1
PROD03453,Product_03453,Sports,Sportswear,Vertex,588.51,29,3.2
PROD03454,Product_03454,Sports,Outdoor Gear,Orion,720.67,41,3.7
PROD03455,Product_03455,Sports,Sportswear,Nova,793.53,126,4.4
PROD03456,Product_03456,Home,Kitchen Appliance,Zenith,262.55,184,3.9
PROD03457,Product_03457,Home,Kitchen Appliance,Zenith,813.4,480,2.6
PROD03458,Product_03458,Fashion,Shoes,Orion,1320.35,347,4.1
PROD03459,Product_03459,Electronics,Laptop,Zenith,240.26,294,4.2
PROD03460,Product_03460,Sports,Running Gear,Nova,342.98,159,4.0
PROD03461,Product_03461,Electronics,Smartphone,Zenith,913.52,316,4.7
PROD03462,Product_03462,Fashion,Jacket,Vertex,942.05,184,3.5
PROD03463,Product_03463,Electronics,Headphones,Vertex,692.79,219,4.8
PROD03464,Product_03464,Home,Kitchen Appliance,Vertex,1291.54,414,4.9
PROD03465,Product_03465,Electronics,Smartphone,Apex,1305.4,464,4.4
PROD03466,Product_03466,Fashion,Shoes,Nova,670.31,340,4.9
PROD03467,Product_03467,Fashion,T-Shirt,Zenith,300.27,32,3.7
PROD03468,Product_03468,Home,Chair,Zenith,311.94,369,4.1
PROD03469,Product_03469,Home,Kitchen Appliance,PrimeTech,455.28,34,3.1
PROD03470,Product_03470,Fashion,Jacket,Vertex,908.91,296,4.2
PROD03471,Product_03471,Fashion,Jacket,UrbanX,251.56,110,4.9
PROD03472,Product_03472,Fashion,Shoes,Zenith,433.49,122,4.9
PROD03473,Product_03473,Fashion,T-Shirt,PrimeTech,190.96,200,4.0
PROD03474,Product_03474,Home,Chair,Orion,739.56,392,3.4
PROD03475,Product_03475,Electronics,Laptop,Zenith,263.98,111,4.7
PROD03476,Product_03476,Sports,Fitness Equipment,Apex,178.28,40,4.6
PROD03477,Product_03477,Sports,Fitness Equipment,PrimeTech,2977.73,97,4.0
PROD03478,Product_03478,Fashion,Shoes,Nova,172.13,298,4.6
PROD03479,Product_03479,Fashion,T-Shirt,Apex,1425.04,148,4.7
PROD03480,Product_03480,Beauty,Fragrance,Apex,389.62,57,4.1
PROD03481,Product_03481,Electronics,Headphones,PrimeTech,2562.45,97,4.4
PROD03482,Product_03482,Books,Comics,Nova,362.54,139,4.9
PROD03483,Product_03483,Sports,Sportswear,Nova,298.95,147,3.7
PROD03484,Product_03484,Sports,Running Gear,Apex,877.06,202,4.3
PROD03485,Product_03485,Electronics,Smartphone,Orion,830.59,230,2.8
PROD03486,Product_03486,Sports,Sportswear,Vertex,444.29,339,2.6
PROD03487,Product_03487,Sports,Sportswear,Apex,325.27,342,3.7
PROD03488,Product_03488,Fashion,Shoes,Orion,536.92,242,3.2
PROD03489,Product_03489,Books,Comics,UrbanX,442.38,182,2.7
PROD03490,Product_03490,Home,Table,Zenith,1166.85,423,3.1
PROD03491,Product_03491,Sports,Running Gear,Vertex,1047.08,491,4.0
PROD03492,Product_03492,Home,Lamp,Orion,774.48,56,3.1
PROD03493,Product_03493,Fashion,T-Shirt,Zenith,2000.55,146,3.6
PROD03494,Product_03494,Books,Non-Fiction,Zenith,319.82,270,4.3
PROD03495,Product_03495,Beauty,Haircare,Zenith,1455.91,262,4.9
PROD03496,Product_03496,Home,Kitchen Appliance,UrbanX,164.45,31,4.7
PROD03497,Product_03497,Fashion,Jacket,Zenith,960.14,478,3.8
PROD03498,Product_03498,Sports,Outdoor Gear,Vertex,305.09,71,3.9
PROD03499,Product_03499,Sports,Fitness Equipment,Vertex,1921.82,427,2.9
PROD03500,Product_03500,Fashion,Shoes,Zenith,880.7,342,4.5
PROD03501,Product_03501,Fashion,Shoes,Nova,377.16,431,5.0
PROD03502,Product_03502,Beauty,Skincare,Vertex,637.2,288,4.7
PROD03503,Product_03503,Electronics,Laptop,Orion,628.85,425,3.5
PROD03504,Product_03504,Electronics,Laptop,Vertex,600.84,347,2.8
PROD03505,Product_03505,Beauty,Makeup,PrimeTech,972.39,144,4.3
PROD03506,Product_03506,Beauty,Haircare,Apex,398.67,39,4.2
PROD03507,Product_03507,Books,Fiction,Nova,801.7,348,4.9
PROD03508,Product_03508,Home,Table,Zenith,713.22,331,3.1
PROD03509,Product_03509,Fashion,T-Shirt,Apex,516.08,477,4.6
PROD03510,Product_03510,Fashion,Jacket,Vertex,435.06,370,3.6
PROD03511,Product_03511,Books,Non-Fiction,Vertex,970.7,436,3.4
PROD03512,Product_03512,Sports,Outdoor Gear,Zenith,507.77,122,4.7
PROD03513,Product_03513,Fashion,T-Shirt,Vertex,1030.99,465,4.0
PROD03514,Product_03514,Books,Fiction,UrbanX,1672.02,207,4.1
PROD03515,Product_03515,Electronics,Laptop,PrimeTech,99.0,51,3.1
PROD03516,Product_03516,Sports,Sportswear,Orion,1698.62,107,4.0
PROD03517,Product_03517,Electronics,Laptop,Apex,1012.48,300,4.0
PROD03518,Product_03518,Sports,Fitness Equipment,Nova,603.38,117,3.4
PROD03519,Product_03519,Beauty,Haircare,Vertex,1039.09,4,3.9
PROD03520,Product_03520,Electronics,Headphones,UrbanX,791.09,409,2.6
PROD03521,Product_03521,Home,Lamp,PrimeTech,1767.66,474,3.1
PROD03522,Product_03522,Sports,Sportswear,UrbanX,540.44,487,4.3
PROD03523,Product_03523,Books,Fiction,Nova,365.85,292,4.8
PROD03524,Product_03524,Books,Comics,Orion,2118.39,56,3.9
PROD03525,Product_03525,Home,Kitchen Appliance,Zenith,666.05,67,3.8
PROD03526,Product_03526,Sports,Outdoor Gear,UrbanX,550.05,155,4.9
PROD03527,Product_03527,Books,Academic,Nova,861.95,452,4.5
PROD03528,Product_03528,Sports,Fitness Equipment,UrbanX,150.47,450,4.7
PROD03529,Product_03529,Sports,Sportswear,Orion,149.13,390,4.9
PROD03530,Product_03530,Beauty,Makeup,Zenith,249.74,114,3.7
PROD03531,Product_03531,Beauty,Haircare,Orion,1751.14,393,2.7
PROD03532,Product_03532,Sports,Running Gear,Orion,1570.61,222,2.9
PROD03533,Product_03533,Beauty,Haircare,Nova,772.15,359,3.9
PROD03534,Product_03534,Books,Academic,Zenith,751.33,437,2.9
PROD03535,Product_03535,Beauty,Makeup,UrbanX,497.53,14,4.4
PROD03536,Product_03536,Home,Kitchen Appliance,Orion,491.01,403,2.6
PROD03537,Product_03537,Electronics,Smartwatch,Zenith,565.22,125,4.1
PROD03538,Product_03538,Books,Non-Fiction,Vertex,249.22,77,4.8
PROD03539,Product_03539,Home,Table,Vertex,161.85,22,4.1
PROD03540,Product_03540,Fashion,Jeans,Orion,356.71,182,3.9
PROD03541,Product_03541,Electronics,Headphones,Zenith,1457.37,8,3.2
PROD03542,Product_03542,Electronics,Laptop,Orion,1417.43,466,3.2
PROD03543,Product_03543,Home,Table,Apex,436.32,184,3.7
PROD03544,Product_03544,Home,Table,Orion,392.96,169,2.9
PROD03545,Product_03545,Sports,Running Gear,Apex,297.42,282,3.8
PROD03546,Product_03546,Fashion,Jeans,UrbanX,868.88,240,4.9
PROD03547,Product_03547,Sports,Running Gear,Orion,129.45,389,2.7
PROD03548,Product_03548,Sports,Outdoor Gear,UrbanX,2406.82,225,3.4
PROD03549,Product_03549,Books,Comics,Orion,398.95,404,4.5
PROD03550,Product_03550,Beauty,Makeup,PrimeTech,443.43,307,4.9
PROD03551,Product_03551,Electronics,Laptop,Apex,137.14,455,3.1
PROD03552,Product_03552,Sports,Outdoor Gear,Orion,251.84,111,4.0
PROD03553,Product_03553,Beauty,Haircare,UrbanX,468.94,86,2.8
PROD03554,Product_03554,Sports,Running Gear,Orion,188.5,449,3.3
PROD03555,Product_03555,Beauty,Makeup,PrimeTech,548.71,188,3.4
PROD03556,Product_03556,Books,Non-Fiction,Nova,1949.0,199,3.7
PROD03557,Product_03557,Sports,Running Gear,Orion,413.42,118,3.8
PROD03558,Product_03558,Fashion,Jeans,Orion,491.67,383,2.7
PROD03559,Product_03559,Home,Lamp,Vertex,579.57,352,4.8
PROD03560,Product_03560,Home,Table,PrimeTech,1400.06,127,5.0
PROD03561,Product_03561,Electronics,Smartwatch,UrbanX,551.39,329,2.8
PROD03562,Product_03562,Electronics,Headphones,Nova,1594.37,257,2.9
PROD03563,Product_03563,Sports,Outdoor Gear,PrimeTech,766.8,12,3.2
PROD03564,Product_03564,Sports,Fitness Equipment,Orion,374.22,304,4.2
PROD03565,Product_03565,Fashion,Shoes,UrbanX,987.89,132,3.7
PROD03566,Product_03566,Fashion,T-Shirt,PrimeTech,1055.61,65,2.6
PROD03567,Product_03567,Fashion,Shoes,UrbanX,952.32,80,2.6
PROD03568,Product_03568,Fashion,T-Shirt,Orion,823.58,195,4.2
PROD03569,Product_03569,Home,Lamp,UrbanX,1295.92,333,4.5
PROD03570,Product_03570,Home,Kitchen Appliance,Nova,467.47,117,4.3
PROD03571,Product_03571,Books,Comics,UrbanX,317.12,172,4.0
PROD03572,Product_03572,Electronics,Smartphone,PrimeTech,271.8,438,3.2
PROD03573,Product_03573,Books,Fiction,UrbanX,987.86,347,3.0
PROD03574,Product_03574,Electronics,Headphones,PrimeTech,132.43,17,4.9
PROD03575,Product_03575,Home,Table,UrbanX,786.23,460,3.3
PROD03576,Product_03576,Electronics,Smartphone,Zenith,125.81,367,2.5
PROD03577,Product_03577,Home,Kitchen Appliance,Nova,181.2,289,5.0
PROD03578,Product_03578,Beauty,Fragrance,Apex,1132.26,412,2.9
PROD03579,Product_03579,Sports,Running Gear,Orion,1004.78,195,4.1
PROD03580,Product_03580,Home,Kitchen Appliance,UrbanX,774.58,33,3.3
PROD03581,Product_03581,Sports,Outdoor Gear,Zenith,431.85,229,5.0
PROD03582,Product_03582,Home,Chair,Zenith,918.87,126,4.2
PROD03583,Product_03583,Fashion,Jacket,Apex,235.73,56,3.1
PROD03584,Product_03584,Beauty,Fragrance,Nova,1486.32,262,4.5
PROD03585,Product_03585,Electronics,Smartphone,Vertex,1453.46,123,2.8
PROD03586,Product_03586,Books,Non-Fiction,Apex,772.65,256,4.5
PROD03587,Product_03587,Electronics,Headphones,Vertex,1327.27,182,2.5
PROD03588,Product_03588,Sports,Fitness Equipment,UrbanX,325.21,482,3.4
PROD03589,Product_03589,Home,Kitchen Appliance,Nova,768.26,361,3.0
PROD03590,Product_03590,Electronics,Laptop,Nova,564.8,229,3.1
PROD03591,Product_03591,Sports,Outdoor Gear,Vertex,1346.3,484,4.2
PROD03592,Product_03592,Beauty,Haircare,UrbanX,371.45,236,4.3
PROD03593,Product_03593,Home,Lamp,PrimeTech,229.18,402,3.2
PROD03594,Product_03594,Electronics,Smartwatch,Vertex,950.69,87,4.6
PROD03595,Product_03595,Electronics,Headphones,Zenith,136.97,498,4.7
PROD03596,Product_03596,Electronics,Smartphone,PrimeTech,207.86,158,4.7
PROD03597,Product_03597,Books,Fiction,Apex,290.57,230,5.0
PROD03598,Product_03598,Beauty,Skincare,Orion,363.8,227,4.9
PROD03599,Product_03599,Electronics,Laptop,PrimeTech,546.4,195,3.9
PROD03600,Product_03600,Books,Non-Fiction,UrbanX,523.8,236,3.6
PROD03601,Product_03601,Beauty,Fragrance,Nova,375.22,187,3.0
PROD03602,Product_03602,Electronics,Smartwatch,Apex,775.71,469,4.3
PROD03603,Product_03603,Home,Lamp,PrimeTech,246.92,40,3.7
PROD03604,Product_03604,Electronics,Smartwatch,Zenith,692.5,178,2.9
PROD03605,Product_03605,Electronics,Smartwatch,Orion,1025.08,168,4.4
PROD03606,Product_03606,Sports,Outdoor Gear,UrbanX,642.38,238,3.6
PROD03607,Product_03607,Home,Chair,Apex,669.95,272,4.1
PROD03608,Product_03608,Electronics,Headphones,Vertex,1837.95,185,4.5
PROD03609,Product_03609,Books,Academic,Zenith,351.49,400,2.9
PROD03610,Product_03610,Fashion,T-Shirt,Vertex,1046.52,118,3.3
PROD03611,Product_03611,Books,Non-Fiction,Orion,494.94,319,2.8
PROD03612,Product_03612,Electronics,Smartwatch,Vertex,375.07,227,4.9
PROD03613,Product_03613,Home,Kitchen Appliance,PrimeTech,246.46,117,2.6
PROD03614,Product_03614,Home,Kitchen Appliance,Zenith,826.6,301,4.8
PROD03615,Product_03615,Home,Chair,UrbanX,441.86,155,2.5
PROD03616,Product_03616,Books,Non-Fiction,Orion,502.04,354,3.2
PROD03617,Product_03617,Fashion,Shoes,Orion,446.74,102,3.8
PROD03618,Product_03618,Sports,Outdoor Gear,Zenith,338.79,299,3.8
PROD03619,Product_03619,Electronics,Smartwatch,Vertex,1293.33,55,4.1
PROD03620,Product_03620,Books,Comics,Nova,450.35,2,2.8
PROD03621,Product_03621,Electronics,Laptop,PrimeTech,345.08,68,2.6
PROD03622,Product_03622,Electronics,Smartphone,Nova,184.91,324,4.0
PROD03623,Product_03623,Sports,Fitness Equipment,Nova,732.09,302,3.1
PROD03624,Product_03624,Fashion,Shoes,Apex,310.88,29,4.4
PROD03625,Product_03625,Home,Table,Zenith,1108.88,82,3.9
PROD03626,Product_03626,Fashion,Shoes,Orion,1248.78,383,2.6
PROD03627,Product_03627,Sports,Fitness Equipment,Nova,381.05,288,4.7
PROD03628,Product_03628,Electronics,Smartphone,UrbanX,575.06,236,3.2
PROD03629,Product_03629,Sports,Sportswear,UrbanX,285.14,364,2.8
PROD03630,Product_03630,Electronics,Smartwatch,PrimeTech,444.88,313,3.2
PROD03631,Product_03631,Home,Chair,Zenith,477.65,129,3.4
PROD03632,Product_03632,Sports,Fitness Equipment,Zenith,769.82,403,3.6
PROD03633,Product_03633,Electronics,Smartwatch,Zenith,253.96,445,4.2
PROD03634,Product_03634,Books,Academic,PrimeTech,342.79,229,3.5
PROD03635,Product_03635,Sports,Running Gear,Nova,264.42,241,2.9
PROD03636,Product_03636,Books,Academic,Nova,397.32,24,5.0
PROD03637,Product_03637,Sports,Fitness Equipment,PrimeTech,1413.36,360,4.2
PROD03638,Product_03638,Books,Academic,Zenith,400.1,225,2.7
PROD03639,Product_03639,Sports,Outdoor Gear,Vertex,562.41,148,3.4
PROD03640,Product_03640,Home,Lamp,UrbanX,373.03,164,4.1
PROD03641,Product_03641,Sports,Running Gear,PrimeTech,820.35,470,3.9
PROD03642,Product_03642,Beauty,Haircare,Nova,1019.88,25,4.8
PROD03643,Product_03643,Fashion,T-Shirt,PrimeTech,820.16,85,4.4
PROD03644,Product_03644,Home,Chair,UrbanX,1851.6,164,2.9
PROD03645,Product_03645,Sports,Sportswear,Apex,745.79,376,3.6
PROD03646,Product_03646,Sports,Running Gear,Orion,829.44,239,3.3
PROD03647,Product_03647,Electronics,Headphones,Orion,3216.63,158,3.6
PROD03648,Product_03648,Beauty,Fragrance,Nova,291.28,191,2.6
PROD03649,Product_03649,Books,Academic,Vertex,818.49,90,4.8
PROD03650,Product_03650,Beauty,Haircare,Nova,1000.98,125,3.8
PROD03651,Product_03651,Sports,Running Gear,PrimeTech,629.38,367,4.1
PROD03652,Product_03652,Books,Non-Fiction,Vertex,1093.32,275,4.1
PROD03653,Product_03653,Sports,Sportswear,Orion,1241.17,274,3.0
PROD03654,Product_03654,Beauty,Haircare,Apex,318.7,317,4.7
PROD03655,Product_03655,Beauty,Skincare,Apex,1259.6,140,3.3
PROD03656,Product_03656,Home,Chair,Zenith,1506.49,469,4.4
PROD03657,Product_03657,Home,Lamp,Vertex,127.99,495,4.3
PROD03658,Product_03658,Beauty,Haircare,Nova,2047.44,316,3.8
PROD03659,Product_03659,Books,Non-Fiction,Vertex,544.24,333,3.2
PROD03660,Product_03660,Fashion,T-Shirt,Apex,235.38,88,4.8
PROD03661,Product_03661,Home,Chair,Zenith,392.71,405,4.0
PROD03662,Product_03662,Beauty,Haircare,Orion,446.57,300,2.8
PROD03663,Product_03663,Home,Chair,Nova,1189.13,348,4.7
PROD03664,Product_03664,Books,Comics,Nova,374.35,275,3.9
PROD03665,Product_03665,Sports,Running Gear,Nova,374.1,460,3.9
PROD03666,Product_03666,Books,Comics,Vertex,383.94,387,3.7
PROD03667,Product_03667,Sports,Fitness Equipment,PrimeTech,363.43,314,3.0
PROD03668,Product_03668,Home,Chair,Vertex,380.51,485,3.3
PROD03669,Product_03669,Electronics,Laptop,Apex,421.65,323,3.5
PROD03670,Product_03670,Sports,Fitness Equipment,UrbanX,364.58,292,4.1
PROD03671,Product_03671,Beauty,Haircare,Zenith,99.0,127,4.1
PROD03672,Product_03672,Home,Table,Vertex,443.43,466,2.9
PROD03673,Product_03673,Books,Non-Fiction,UrbanX,866.75,296,4.7
PROD03674,Product_03674,Books,Comics,UrbanX,671.92,460,4.1
PROD03675,Product_03675,Home,Kitchen Appliance,Apex,156.82,330,4.1
PROD03676,Product_03676,Electronics,Smartphone,Orion,99.0,142,2.8
PROD03677,Product_03677,Electronics,Headphones,Nova,407.14,44,4.7
PROD03678,Product_03678,Fashion,Jeans,Zenith,690.38,493,2.8
PROD03679,Product_03679,Books,Non-Fiction,Apex,395.72,59,4.7
PROD03680,Product_03680,Home,Table,Vertex,1978.13,175,3.5
PROD03681,Product_03681,Home,Chair,PrimeTech,413.76,497,3.8
PROD03682,Product_03682,Books,Comics,Zenith,1313.2,235,3.5
PROD03683,Product_03683,Sports,Running Gear,Zenith,349.12,174,3.9
PROD03684,Product_03684,Sports,Running Gear,PrimeTech,426.26,160,2.6
PROD03685,Product_03685,Sports,Sportswear,Apex,685.49,217,4.8
PROD03686,Product_03686,Home,Chair,Zenith,423.03,395,3.3
PROD03687,Product_03687,Sports,Running Gear,PrimeTech,370.2,428,4.7
PROD03688,Product_03688,Sports,Outdoor Gear,Vertex,201.79,471,4.2
PROD03689,Product_03689,Books,Comics,UrbanX,1669.2,141,3.2
PROD03690,Product_03690,Sports,Sportswear,PrimeTech,1355.88,46,2.9
PROD03691,Product_03691,Books,Academic,Nova,853.38,411,3.6
PROD03692,Product_03692,Books,Academic,PrimeTech,317.1,145,3.1
PROD03693,Product_03693,Electronics,Headphones,UrbanX,672.7,244,3.2
PROD03694,Product_03694,Sports,Running Gear,Nova,201.87,221,2.8
PROD03695,Product_03695,Books,Non-Fiction,PrimeTech,1032.89,344,4.0
PROD03696,Product_03696,Fashion,Shoes,Apex,786.99,358,4.7
PROD03697,Product_03697,Sports,Outdoor Gear,PrimeTech,691.08,121,4.9
PROD03698,Product_03698,Books,Fiction,PrimeTech,695.49,216,4.6
PROD03699,Product_03699,Electronics,Headphones,Vertex,223.1,301,2.7
PROD03700,Product_03700,Beauty,Skincare,Nova,1586.7,164,3.5
PROD03701,Product_03701,Books,Non-Fiction,Orion,862.42,434,3.0
PROD03702,Product_03702,Fashion,Shoes,PrimeTech,785.5,291,2.7
PROD03703,Product_03703,Home,Lamp,PrimeTech,251.61,361,3.3
PROD03704,Product_03704,Home,Table,Apex,507.96,256,4.8
PROD03705,Product_03705,Fashion,Jacket,Orion,1548.44,280,2.6
PROD03706,Product_03706,Sports,Outdoor Gear,Vertex,553.76,186,3.9
PROD03707,Product_03707,Books,Academic,Nova,686.49,437,2.6
PROD03708,Product_03708,Sports,Fitness Equipment,PrimeTech,367.71,425,4.6
PROD03709,Product_03709,Sports,Running Gear,Apex,641.4,248,4.4
PROD03710,Product_03710,Sports,Fitness Equipment,Orion,681.29,57,2.7
PROD03711,Product_03711,Books,Non-Fiction,Zenith,3760.14,334,4.7
PROD03712,Product_03712,Beauty,Makeup,Apex,375.41,51,4.3
PROD03713,Product_03713,Beauty,Haircare,PrimeTech,284.48,116,4.1
PROD03714,Product_03714,Electronics,Smartphone,PrimeTech,99.0,191,2.9
PROD03715,Product_03715,Electronics,Laptop,Apex,881.03,312,4.0
PROD03716,Product_03716,Beauty,Haircare,Vertex,1294.57,87,3.8
PROD03717,Product_03717,Sports,Running Gear,Apex,749.01,249,3.1
PROD03718,Product_03718,Home,Kitchen Appliance,Apex,3359.13,481,2.5
PROD03719,Product_03719,Home,Lamp,Nova,420.9,205,4.6
PROD03720,Product_03720,Home,Table,UrbanX,419.06,461,3.1
PROD03721,Product_03721,Sports,Sportswear,Zenith,447.38,6,4.7
PROD03722,Product_03722,Books,Fiction,Vertex,304.3,56,4.3
PROD03723,Product_03723,Home,Chair,UrbanX,294.8,112,2.9
PROD03724,Product_03724,Home,Kitchen Appliance,UrbanX,2219.89,277,3.1
PROD03725,Product_03725,Sports,Fitness Equipment,Nova,522.0,470,2.7
PROD03726,Product_03726,Beauty,Fragrance,Zenith,704.4,419,2.9
PROD03727,Product_03727,Electronics,Laptop,Zenith,355.15,160,3.3
PROD03728,Product_03728,Home,Lamp,Apex,2757.84,64,2.8
PROD03729,Product_03729,Beauty,Haircare,PrimeTech,1484.8,361,3.2
PROD03730,Product_03730,Electronics,Smartwatch,Orion,833.21,470,4.8
PROD03731,Product_03731,Books,Academic,Orion,384.87,497,5.0
PROD03732,Product_03732,Beauty,Fragrance,UrbanX,1681.27,64,4.0
PROD03733,Product_03733,Fashion,Jeans,Nova,507.04,341,4.9
PROD03734,Product_03734,Beauty,Haircare,UrbanX,1125.8,442,3.4
PROD03735,Product_03735,Beauty,Skincare,Apex,274.22,326,2.9
PROD03736,Product_03736,Home,Table,Apex,409.94,145,4.7
PROD03737,Product_03737,Beauty,Makeup,Vertex,399.43,386,3.9
PROD03738,Product_03738,Beauty,Makeup,UrbanX,1579.13,204,4.8
PROD03739,Product_03739,Electronics,Smartwatch,PrimeTech,332.38,497,3.7
PROD03740,Product_03740,Electronics,Headphones,UrbanX,979.44,42,4.4
PROD03741,Product_03741,Beauty,Fragrance,Apex,893.3,284,4.1
PROD03742,Product_03742,Books,Academic,Orion,405.09,89,4.0
PROD03743,Product_03743,Electronics,Smartwatch,Vertex,384.06,325,4.8
PROD03744,Product_03744,Beauty,Skincare,PrimeTech,268.35,249,4.4
PROD03745,Product_03745,Home,Table,Vertex,1136.29,2,4.4
PROD03746,Product_03746,Sports,Sportswear,UrbanX,313.36,287,3.3
PROD03747,Product_03747,Beauty,Haircare,Nova,380.3,240,4.7
PROD03748,Product_03748,Electronics,Headphones,UrbanX,99.0,417,3.2
PROD03749,Product_03749,Fashion,Jacket,UrbanX,345.62,383,4.0
PROD03750,Product_03750,Sports,Outdoor Gear,Orion,722.13,14,4.2
PROD03751,Product_03751,Fashion,Jacket,Zenith,421.12,314,3.3
PROD03752,Product_03752,Books,Academic,UrbanX,199.88,420,4.7
PROD03753,Product_03753,Electronics,Headphones,Orion,160.33,92,4.7
PROD03754,Product_03754,Fashion,Jacket,Vertex,868.04,63,3.2
PROD03755,Product_03755,Home,Lamp,PrimeTech,226.02,180,3.2
PROD03756,Product_03756,Fashion,Shoes,UrbanX,448.3,8,5.0
PROD03757,Product_03757,Sports,Fitness Equipment,Vertex,315.83,180,4.8
PROD03758,Product_03758,Sports,Outdoor Gear,Orion,782.66,489,3.2
PROD03759,Product_03759,Beauty,Makeup,PrimeTech,154.77,304,4.5
PROD03760,Product_03760,Books,Non-Fiction,Zenith,261.57,292,3.8
PROD03761,Product_03761,Sports,Outdoor Gear,Zenith,405.24,483,3.7
PROD03762,Product_03762,Electronics,Laptop,Orion,307.29,436,4.0
PROD03763,Product_03763,Fashion,Jeans,PrimeTech,384.01,272,4.5
PROD03764,Product_03764,Fashion,Jeans,Vertex,461.09,423,4.1
PROD03765,Product_03765,Sports,Outdoor Gear,Vertex,492.83,415,3.9
PROD03766,Product_03766,Home,Kitchen Appliance,UrbanX,646.14,52,4.0
PROD03767,Product_03767,Sports,Fitness Equipment,UrbanX,2063.92,180,3.3
PROD03768,Product_03768,Home,Chair,PrimeTech,128.93,340,4.8
PROD03769,Product_03769,Books,Academic,Apex,621.79,359,4.7
PROD03770,Product_03770,Sports,Outdoor Gear,Orion,926.71,307,3.8
PROD03771,Product_03771,Books,Non-Fiction,Zenith,138.53,358,4.1
PROD03772,Product_03772,Electronics,Smartwatch,Nova,241.0,385,4.0
PROD03773,Product_03773,Fashion,T-Shirt,PrimeTech,247.83,326,3.7
PROD03774,Product_03774,Fashion,Jeans,UrbanX,367.47,16,3.2
PROD03775,Product_03775,Sports,Running Gear,UrbanX,351.79,283,4.5
PROD03776,Product_03776,Beauty,Skincare,Apex,780.48,28,4.2
PROD03777,Product_03777,Beauty,Fragrance,Zenith,1998.83,62,2.7
PROD03778,Product_03778,Home,Lamp,Apex,913.59,55,4.5
PROD03779,Product_03779,Beauty,Skincare,Orion,681.75,23,3.4
PROD03780,Product_03780,Sports,Fitness Equipment,Apex,888.4,358,2.9
PROD03781,Product_03781,Books,Academic,Apex,218.52,110,4.5
PROD03782,Product_03782,Fashion,Jacket,Zenith,306.7,222,3.7
PROD03783,Product_03783,Books,Fiction,Nova,1241.56,460,4.4
PROD03784,Product_03784,Beauty,Makeup,Nova,883.81,264,2.7
PROD03785,Product_03785,Books,Academic,Orion,448.2,162,2.9
PROD03786,Product_03786,Sports,Fitness Equipment,Apex,522.91,324,4.2
PROD03787,Product_03787,Sports,Running Gear,Vertex,389.62,486,2.5
PROD03788,Product_03788,Sports,Outdoor Gear,Apex,1107.42,401,4.1
PROD03789,Product_03789,Sports,Running Gear,Nova,816.64,265,3.2
PROD03790,Product_03790,Books,Academic,Orion,413.63,142,4.0
PROD03791,Product_03791,Home,Chair,Nova,1375.0,67,3.6
PROD03792,Product_03792,Fashion,Shoes,Orion,911.79,169,5.0
PROD03793,Product_03793,Books,Comics,Zenith,476.86,27,2.5
PROD03794,Product_03794,Home,Lamp,Zenith,383.7,393,4.8
PROD03795,Product_03795,Beauty,Haircare,Vertex,1721.2,27,4.5
PROD03796,Product_03796,Fashion,Shoes,Vertex,182.79,139,2.9
PROD03797,Product_03797,Fashion,T-Shirt,Orion,241.7,224,5.0
PROD03798,Product_03798,Electronics,Smartphone,PrimeTech,593.7,168,4.3
PROD03799,Product_03799,Beauty,Skincare,Nova,379.64,237,4.1
PROD03800,Product_03800,Fashion,Jacket,Apex,632.01,478,4.4
PROD03801,Product_03801,Beauty,Makeup,Apex,320.92,298,3.0
PROD03802,Product_03802,Sports,Running Gear,Apex,2342.25,246,4.8
PROD03803,Product_03803,Electronics,Headphones,Orion,251.93,234,3.2
PROD03804,Product_03804,Home,Lamp,Vertex,162.72,498,3.9
PROD03805,Product_03805,Sports,Fitness Equipment,Nova,1489.31,208,4.0
PROD03806,Product_03806,Books,Academic,UrbanX,1008.43,364,3.6
PROD03807,Product_03807,Beauty,Haircare,Vertex,626.45,144,3.4
PROD03808,Product_03808,Beauty,Fragrance,Orion,1158.7,217,4.0
PROD03809,Product_03809,Books,Fiction,Orion,882.98,145,3.2
PROD03810,Product_03810,Fashion,Shoes,PrimeTech,2353.06,224,3.1
PROD03811,Product_03811,Beauty,Fragrance,Vertex,303.97,260,2.9
PROD03812,Product_03812,Fashion,Jacket,Orion,348.45,292,3.6
PROD03813,Product_03813,Beauty,Makeup,Vertex,1573.22,454,4.6
PROD03814,Product_03814,Home,Kitchen Appliance,Zenith,568.48,309,3.2
PROD03815,Product_03815,Beauty,Fragrance,Orion,1642.1,204,4.3
PROD03816,Product_03816,Sports,Fitness Equipment,Vertex,330.75,432,4.5
PROD03817,Product_03817,Beauty,Haircare,UrbanX,263.31,412,3.8
PROD03818,Product_03818,Beauty,Skincare,Nova,208.92,497,3.2
PROD03819,Product_03819,Sports,Running Gear,Apex,230.44,281,4.3
PROD03820,Product_03820,Books,Comics,Zenith,945.71,385,4.9
PROD03821,Product_03821,Fashion,T-Shirt,Apex,240.69,382,2.7
PROD03822,Product_03822,Beauty,Haircare,Nova,2049.66,132,4.9
PROD03823,Product_03823,Electronics,Smartwatch,Vertex,99.0,276,2.6
PROD03824,Product_03824,Beauty,Makeup,PrimeTech,769.93,420,2.9
PROD03825,Product_03825,Sports,Sportswear,PrimeTech,403.24,457,3.0
PROD03826,Product_03826,Beauty,Makeup,PrimeTech,497.74,163,4.7
PROD03827,Product_03827,Home,Kitchen Appliance,Apex,418.46,298,3.3
PROD03828,Product_03828,Beauty,Makeup,Apex,343.66,116,3.0
PROD03829,Product_03829,Home,Table,Apex,436.94,188,4.2
PROD03830,Product_03830,Sports,Running Gear,Vertex,890.02,495,4.7
PROD03831,Product_03831,Books,Academic,PrimeTech,239.9,416,3.3
PROD03832,Product_03832,Books,Comics,Vertex,2384.46,1,4.1
PROD03833,Product_03833,Home,Kitchen Appliance,UrbanX,442.09,85,2.8
PROD03834,Product_03834,Fashion,Jeans,Nova,680.36,445,4.5
PROD03835,Product_03835,Home,Table,Orion,554.77,225,4.4
PROD03836,Product_03836,Electronics,Smartphone,Zenith,3349.16,81,3.4
PROD03837,Product_03837,Beauty,Haircare,Zenith,2151.36,7,4.0
PROD03838,Product_03838,Books,Academic,PrimeTech,762.56,229,3.5
PROD03839,Product_03839,Electronics,Laptop,Apex,483.22,304,3.5
PROD03840,Product_03840,Sports,Outdoor Gear,UrbanX,468.52,196,3.0
PROD03841,Product_03841,Fashion,Jacket,Vertex,341.71,52,3.2
PROD03842,Product_03842,Beauty,Skincare,Orion,661.72,6,3.8
PROD03843,Product_03843,Beauty,Skincare,UrbanX,286.69,44,3.3
PROD03844,Product_03844,Books,Academic,UrbanX,589.03,191,3.8
PROD03845,Product_03845,Sports,Sportswear,PrimeTech,1509.24,100,4.8
PROD03846,Product_03846,Beauty,Fragrance,Nova,434.64,405,3.6
PROD03847,Product_03847,Sports,Outdoor Gear,UrbanX,200.18,383,2.9
PROD03848,Product_03848,Books,Academic,UrbanX,611.57,411,2.7
PROD03849,Product_03849,Books,Non-Fiction,Vertex,1693.93,404,3.7
PROD03850,Product_03850,Fashion,T-Shirt,Orion,331.4,130,2.7
PROD03851,Product_03851,Fashion,Jacket,PrimeTech,833.01,112,4.7
PROD03852,Product_03852,Beauty,Makeup,Nova,1267.9,334,4.5
PROD03853,Product_03853,Books,Non-Fiction,Vertex,1231.54,285,3.3
PROD03854,Product_03854,Books,Fiction,Orion,1193.07,410,3.3
PROD03855,Product_03855,Books,Fiction,Apex,302.0,192,4.0
PROD03856,Product_03856,Fashion,Shoes,Zenith,683.21,449,2.5
PROD03857,Product_03857,Electronics,Smartwatch,Apex,1854.84,442,3.4
PROD03858,Product_03858,Sports,Sportswear,Zenith,1125.01,170,4.5
PROD03859,Product_03859,Electronics,Laptop,Nova,1030.36,366,3.1
PROD03860,Product_03860,Fashion,Shoes,Vertex,432.62,222,3.8
PROD03861,Product_03861,Fashion,Jacket,Vertex,420.3,199,3.6
PROD03862,Product_03862,Beauty,Skincare,Orion,404.07,130,2.7
PROD03863,Product_03863,Beauty,Makeup,Zenith,258.21,302,4.5
PROD03864,Product_03864,Home,Table,PrimeTech,1246.54,197,4.1
PROD03865,Product_03865,Home,Kitchen Appliance,UrbanX,197.98,91,3.1
PROD03866,Product_03866,Electronics,Laptop,Apex,371.15,145,4.8
PROD03867,Product_03867,Beauty,Haircare,Nova,207.02,29,3.3
PROD03868,Product_03868,Books,Fiction,Apex,1524.93,474,3.7
PROD03869,Product_03869,Books,Fiction,Vertex,633.81,27,3.4
PROD03870,Product_03870,Books,Fiction,Apex,576.99,400,3.7
PROD03871,Product_03871,Books,Fiction,Zenith,226.94,208,3.3
PROD03872,Product_03872,Books,Comics,Vertex,810.61,313,4.1
PROD03873,Product_03873,Fashion,Jacket,PrimeTech,741.66,137,3.9
PROD03874,Product_03874,Books,Comics,PrimeTech,350.76,430,4.3
PROD03875,Product_03875,Sports,Running Gear,Vertex,705.79,370,3.8
PROD03876,Product_03876,Beauty,Makeup,Zenith,207.55,173,4.3
PROD03877,Product_03877,Fashion,Shoes,UrbanX,602.41,378,3.8
PROD03878,Product_03878,Sports,Sportswear,UrbanX,287.63,235,2.8
PROD03879,Product_03879,Home,Lamp,Orion,826.04,376,4.8
PROD03880,Product_03880,Books,Non-Fiction,Zenith,399.0,217,2.6
PROD03881,Product_03881,Books,Fiction,Nova,189.11,478,3.1
PROD03882,Product_03882,Beauty,Skincare,UrbanX,697.58,20,4.3
PROD03883,Product_03883,Sports,Sportswear,PrimeTech,1274.8,465,3.8
PROD03884,Product_03884,Beauty,Haircare,PrimeTech,1372.2,340,4.5
PROD03885,Product_03885,Electronics,Smartwatch,PrimeTech,196.83,161,3.2
PROD03886,Product_03886,Beauty,Skincare,Vertex,1546.2,68,3.1
PROD03887,Product_03887,Beauty,Fragrance,Orion,198.44,319,2.7
PROD03888,Product_03888,Books,Non-Fiction,Vertex,396.68,410,2.8
PROD03889,Product_03889,Home,Kitchen Appliance,PrimeTech,230.82,223,3.7
PROD03890,Product_03890,Sports,Sportswear,Orion,130.28,344,3.3
PROD03891,Product_03891,Electronics,Smartwatch,Vertex,623.09,382,4.0
PROD03892,Product_03892,Home,Table,PrimeTech,623.58,176,3.1
PROD03893,Product_03893,Electronics,Smartwatch,Vertex,241.03,290,4.9
PROD03894,Product_03894,Books,Non-Fiction,Nova,996.69,255,4.7
PROD03895,Product_03895,Fashion,Shoes,Orion,2563.47,73,3.5
PROD03896,Product_03896,Books,Fiction,Apex,170.13,219,4.6
PROD03897,Product_03897,Sports,Fitness Equipment,Orion,415.78,65,2.9
PROD03898,Product_03898,Home,Table,Vertex,1101.88,41,4.2
PROD03899,Product_03899,Sports,Fitness Equipment,Apex,348.32,418,4.6
PROD03900,Product_03900,Sports,Running Gear,Zenith,1917.42,376,3.1
PROD03901,Product_03901,Beauty,Makeup,Nova,856.34,269,4.2
PROD03902,Product_03902,Electronics,Laptop,Nova,185.42,239,4.0
PROD03903,Product_03903,Books,Non-Fiction,UrbanX,1060.14,168,2.9
PROD03904,Product_03904,Electronics,Laptop,Apex,352.54,483,4.6
PROD03905,Product_03905,Electronics,Headphones,Vertex,1320.0,97,4.9
PROD03906,Product_03906,Electronics,Smartphone,Zenith,284.47,251,4.0
PROD03907,Product_03907,Books,Non-Fiction,Vertex,1204.24,110,4.5
PROD03908,Product_03908,Sports,Running Gear,Apex,591.76,316,3.2
PROD03909,Product_03909,Home,Kitchen Appliance,Zenith,377.38,448,3.4
PROD03910,Product_03910,Sports,Sportswear,Nova,1021.79,327,4.4
PROD03911,Product_03911,Beauty,Makeup,Apex,1266.21,310,4.9
PROD03912,Product_03912,Home,Table,Apex,941.3,475,3.6
PROD03913,Product_03913,Beauty,Skincare,Vertex,796.06,357,3.4
PROD03914,Product_03914,Books,Comics,Nova,151.61,139,3.1
PROD03915,Product_03915,Sports,Fitness Equipment,Vertex,304.5,114,4.1
PROD03916,Product_03916,Home,Table,Nova,708.55,437,3.9
PROD03917,Product_03917,Electronics,Headphones,Apex,396.23,144,4.4
PROD03918,Product_03918,Electronics,Smartwatch,Apex,372.87,154,4.9
PROD03919,Product_03919,Fashion,Jeans,Zenith,609.75,409,3.1
PROD03920,Product_03920,Electronics,Headphones,Zenith,198.54,398,4.7
PROD03921,Product_03921,Books,Comics,Vertex,710.33,281,4.3
PROD03922,Product_03922,Electronics,Laptop,Vertex,4167.34,58,4.1
PROD03923,Product_03923,Home,Lamp,Vertex,331.31,361,4.1
PROD03924,Product_03924,Electronics,Smartphone,Zenith,946.52,341,3.9
PROD03925,Product_03925,Home,Kitchen Appliance,PrimeTech,629.24,191,4.0
PROD03926,Product_03926,Books,Fiction,Vertex,734.47,430,3.5
PROD03927,Product_03927,Sports,Outdoor Gear,Orion,285.59,353,4.5
PROD03928,Product_03928,Books,Academic,Vertex,641.52,282,4.8
PROD03929,Product_03929,Books,Fiction,Zenith,382.24,288,4.3
PROD03930,Product_03930,Home,Chair,Vertex,220.75,344,4.6
PROD03931,Product_03931,Books,Academic,Orion,1385.05,200,4.2
PROD03932,Product_03932,Fashion,Jeans,UrbanX,813.84,491,3.2
PROD03933,Product_03933,Sports,Sportswear,Nova,969.37,7,4.3
PROD03934,Product_03934,Fashion,Shoes,UrbanX,171.57,473,3.0
PROD03935,Product_03935,Beauty,Haircare,Zenith,99.0,468,4.0
PROD03936,Product_03936,Beauty,Skincare,PrimeTech,169.73,80,3.9
PROD03937,Product_03937,Fashion,Jacket,PrimeTech,203.87,181,2.6
PROD03938,Product_03938,Home,Chair,Zenith,167.82,225,2.9
PROD03939,Product_03939,Electronics,Headphones,Vertex,1274.9,293,4.0
PROD03940,Product_03940,Electronics,Headphones,Orion,165.3,431,4.4
PROD03941,Product_03941,Home,Chair,Nova,507.64,393,5.0
PROD03942,Product_03942,Beauty,Haircare,Vertex,920.13,308,3.3
PROD03943,Product_03943,Books,Fiction,Orion,404.78,469,3.6
PROD03944,Product_03944,Electronics,Smartwatch,Nova,2022.84,183,3.2
PROD03945,Product_03945,Books,Comics,PrimeTech,311.22,159,4.5
PROD03946,Product_03946,Home,Chair,PrimeTech,617.7,170,2.7
PROD03947,Product_03947,Sports,Sportswear,Apex,1488.45,280,3.1
PROD03948,Product_03948,Books,Fiction,Orion,438.16,157,3.1
PROD03949,Product_03949,Sports,Fitness Equipment,Orion,125.22,448,2.7
PROD03950,Product_03950,Books,Non-Fiction,UrbanX,319.76,194,3.7
PROD03951,Product_03951,Books,Non-Fiction,Apex,683.38,239,3.7
PROD03952,Product_03952,Books,Fiction,UrbanX,476.42,432,2.8
PROD03953,Product_03953,Electronics,Smartwatch,Vertex,664.76,116,4.4
PROD03954,Product_03954,Sports,Running Gear,Orion,785.68,311,3.9
PROD03955,Product_03955,Home,Chair,Zenith,224.23,164,4.5
PROD03956,Product_03956,Electronics,Smartphone,Nova,380.15,470,4.9
PROD03957,Product_03957,Electronics,Laptop,Zenith,304.23,115,3.0
PROD03958,Product_03958,Books,Fiction,Zenith,738.8,96,3.1
PROD03959,Product_03959,Sports,Fitness Equipment,Apex,793.62,213,3.7
PROD03960,Product_03960,Beauty,Makeup,Orion,479.31,292,2.9
PROD03961,Product_03961,Fashion,T-Shirt,Nova,302.42,198,3.6
PROD03962,Product_03962,Home,Table,PrimeTech,715.33,186,4.7
PROD03963,Product_03963,Electronics,Headphones,Apex,271.53,449,4.4
PROD03964,Product_03964,Fashion,Jacket,UrbanX,887.21,477,4.0
PROD03965,Product_03965,Electronics,Smartphone,Apex,227.69,303,3.0
PROD03966,Product_03966,Fashion,Shoes,Nova,156.42,397,4.9
PROD03967,Product_03967,Sports,Outdoor Gear,Nova,5560.14,234,3.7
PROD03968,Product_03968,Electronics,Smartwatch,Nova,543.83,421,4.1
PROD03969,Product_03969,Electronics,Smartphone,Apex,428.24,248,3.1
PROD03970,Product_03970,Beauty,Makeup,Orion,260.92,447,3.9
PROD03971,Product_03971,Beauty,Haircare,Apex,347.03,337,4.8
PROD03972,Product_03972,Electronics,Headphones,UrbanX,1057.3,240,2.6
PROD03973,Product_03973,Electronics,Smartphone,Nova,475.22,479,4.9
PROD03974,Product_03974,Beauty,Makeup,Nova,677.33,325,3.9
PROD03975,Product_03975,Electronics,Smartwatch,Zenith,217.98,389,4.4
PROD03976,Product_03976,Beauty,Makeup,Vertex,382.93,414,4.6
PROD03977,Product_03977,Electronics,Smartphone,Apex,1316.91,229,3.8
PROD03978,Product_03978,Beauty,Makeup,Orion,363.03,212,2.9
PROD03979,Product_03979,Home,Table,Nova,201.77,309,3.2
PROD03980,Product_03980,Beauty,Skincare,Vertex,817.38,373,4.3
PROD03981,Product_03981,Fashion,Shoes,Orion,515.77,402,3.9
PROD03982,Product_03982,Electronics,Smartphone,Apex,277.4,292,2.5
PROD03983,Product_03983,Electronics,Laptop,Vertex,878.31,279,3.9
PROD03984,Product_03984,Sports,Running Gear,Nova,378.76,133,4.8
PROD03985,Product_03985,Electronics,Laptop,Vertex,416.15,43,3.0
PROD03986,Product_03986,Beauty,Makeup,Nova,156.99,84,4.1
PROD03987,Product_03987,Beauty,Fragrance,PrimeTech,1479.39,463,4.2
PROD03988,Product_03988,Home,Lamp,Orion,560.36,482,4.1
PROD03989,Product_03989,Sports,Running Gear,Nova,636.12,372,2.5
PROD03990,Product_03990,Home,Lamp,Nova,230.64,271,3.3
PROD03991,Product_03991,Home,Table,Zenith,1417.47,276,3.6
PROD03992,Product_03992,Beauty,Haircare,Vertex,397.28,179,4.7
PROD03993,Product_03993,Home,Table,Nova,1792.92,154,3.4
PROD03994,Product_03994,Fashion,Jacket,Vertex,648.37,418,4.8
PROD03995,Product_03995,Fashion,T-Shirt,Zenith,932.63,156,2.9
PROD03996,Product_03996,Sports,Running Gear,Nova,429.76,163,3.8
PROD03997,Product_03997,Beauty,Haircare,Orion,356.24,431,4.3
PROD03998,Product_03998,Books,Fiction,Apex,187.2,220,3.4
PROD03999,Product_03999,Fashion,Jeans,UrbanX,1195.79,60,2.6
PROD04000,Product_04000,Sports,Running Gear,PrimeTech,3450.1,129,3.3
PROD04001,Product_04001,Sports,Running Gear,UrbanX,1252.82,251,4.4
PROD04002,Product_04002,Sports,Running Gear,Zenith,1063.9,8,4.0
PROD04003,Product_04003,Home,Chair,Apex,339.42,430,3.5
PROD04004,Product_04004,Fashion,Jeans,Zenith,348.96,447,3.5
PROD04005,Product_04005,Fashion,T-Shirt,Apex,563.36,28,2.6
PROD04006,Product_04006,Books,Fiction,UrbanX,279.53,426,4.1
PROD04007,Product_04007,Beauty,Makeup,Orion,359.74,427,4.6
PROD04008,Product_04008,Electronics,Smartphone,Orion,699.85,17,4.6
PROD04009,Product_04009,Home,Chair,Nova,583.93,484,4.1
PROD04010,Product_04010,Sports,Sportswear,Orion,885.7,383,4.7
PROD04011,Product_04011,Electronics,Headphones,Vertex,274.27,280,4.7
PROD04012,Product_04012,Books,Fiction,UrbanX,2006.49,317,2.9
PROD04013,Product_04013,Electronics,Smartwatch,PrimeTech,2231.3,138,3.8
PROD04014,Product_04014,Home,Table,Vertex,643.72,250,4.6
PROD04015,Product_04015,Books,Fiction,Zenith,1271.77,157,2.9
PROD04016,Product_04016,Books,Academic,Orion,3131.65,347,3.3
PROD04017,Product_04017,Fashion,Shoes,UrbanX,403.85,311,4.3
PROD04018,Product_04018,Beauty,Makeup,Nova,567.97,40,3.3
PROD04019,Product_04019,Sports,Fitness Equipment,UrbanX,1701.03,28,3.1
PROD04020,Product_04020,Sports,Fitness Equipment,Vertex,2365.01,80,3.9
PROD04021,Product_04021,Home,Lamp,Orion,480.25,330,4.9
PROD04022,Product_04022,Sports,Sportswear,Orion,237.42,302,2.9
PROD04023,Product_04023,Sports,Sportswear,Vertex,261.66,214,4.1
PROD04024,Product_04024,Fashion,Shoes,Orion,1923.53,232,2.8
PROD04025,Product_04025,Electronics,Headphones,Zenith,628.83,497,3.6
PROD04026,Product_04026,Books,Academic,PrimeTech,879.24,121,2.9
PROD04027,Product_04027,Books,Non-Fiction,Apex,871.16,218,4.1
PROD04028,Product_04028,Fashion,Jacket,Zenith,237.85,258,2.7
PROD04029,Product_04029,Books,Academic,UrbanX,486.21,312,4.7
PROD04030,Product_04030,Sports,Outdoor Gear,Orion,351.84,185,2.8
PROD04031,Product_04031,Books,Non-Fiction,Apex,434.32,462,2.5
PROD04032,Product_04032,Home,Lamp,PrimeTech,431.79,83,3.3
PROD04033,Product_04033,Beauty,Skincare,PrimeTech,303.45,487,4.4
PROD04034,Product_04034,Books,Non-Fiction,Nova,990.15,137,4.2
PROD04035,Product_04035,Fashion,Shoes,Orion,1302.62,192,3.5
PROD04036,Product_04036,Fashion,Shoes,PrimeTech,434.74,292,3.6
PROD04037,Product_04037,Fashion,Shoes,Nova,325.89,414,2.6
PROD04038,Product_04038,Books,Non-Fiction,Vertex,284.09,116,4.0
PROD04039,Product_04039,Home,Lamp,Orion,422.07,190,3.9
PROD04040,Product_04040,Fashion,Jeans,Nova,264.02,260,5.0
PROD04041,Product_04041,Home,Chair,UrbanX,596.79,463,4.5
PROD04042,Product_04042,Home,Table,Zenith,433.29,219,4.8
PROD04043,Product_04043,Beauty,Haircare,Vertex,99.0,424,4.8
PROD04044,Product_04044,Sports,Sportswear,Orion,525.22,287,3.5
PROD04045,Product_04045,Fashion,Shoes,Vertex,448.78,455,4.5
PROD04046,Product_04046,Electronics,Smartphone,Zenith,109.06,58,4.8
PROD04047,Product_04047,Electronics,Laptop,Apex,299.09,25,2.9
PROD04048,Product_04048,Fashion,Jeans,Vertex,1053.56,478,4.8
PROD04049,Product_04049,Beauty,Makeup,Vertex,412.34,73,3.8
PROD04050,Product_04050,Home,Kitchen Appliance,Zenith,355.19,340,2.9
PROD04051,Product_04051,Beauty,Fragrance,Zenith,410.93,227,4.9
PROD04052,Product_04052,Sports,Fitness Equipment,UrbanX,573.65,394,4.8
PROD04053,Product_04053,Books,Fiction,UrbanX,105.04,313,4.1
PROD04054,Product_04054,Sports,Running Gear,Nova,317.61,500,4.0
PROD04055,Product_04055,Fashion,Jeans,Vertex,318.73,35,3.2
PROD04056,Product_04056,Home,Chair,Nova,1051.64,374,3.1
PROD04057,Product_04057,Sports,Outdoor Gear,Orion,382.16,25,2.7
PROD04058,Product_04058,Books,Fiction,Nova,806.19,145,4.0
PROD04059,Product_04059,Home,Lamp,PrimeTech,149.73,57,3.9
PROD04060,Product_04060,Sports,Sportswear,PrimeTech,1580.33,364,4.6
PROD04061,Product_04061,Fashion,T-Shirt,Orion,1350.86,84,3.4
PROD04062,Product_04062,Home,Kitchen Appliance,Apex,340.13,317,3.5
PROD04063,Product_04063,Electronics,Smartwatch,Vertex,416.19,421,3.9
PROD04064,Product_04064,Books,Non-Fiction,UrbanX,300.83,275,3.4
PROD04065,Product_04065,Electronics,Headphones,Nova,1163.57,221,3.5
PROD04066,Product_04066,Sports,Outdoor Gear,UrbanX,562.28,38,4.6
PROD04067,Product_04067,Electronics,Smartphone,Nova,249.13,348,4.0
PROD04068,Product_04068,Books,Comics,Orion,2199.68,316,2.9
PROD04069,Product_04069,Books,Academic,Zenith,379.75,382,4.1
PROD04070,Product_04070,Sports,Sportswear,Vertex,1267.68,377,4.2
PROD04071,Product_04071,Beauty,Makeup,Apex,621.26,186,4.7
PROD04072,Product_04072,Books,Fiction,Zenith,255.71,39,4.2
PROD04073,Product_04073,Fashion,Jacket,Nova,1960.43,115,4.7
PROD04074,Product_04074,Electronics,Laptop,Apex,1533.09,206,2.8
PROD04075,Product_04075,Home,Lamp,Nova,238.44,444,4.6
PROD04076,Product_04076,Home,Kitchen Appliance,UrbanX,1524.37,398,3.0
PROD04077,Product_04077,Home,Chair,PrimeTech,1082.32,143,4.1
PROD04078,Product_04078,Books,Academic,Apex,422.0,376,3.3
PROD04079,Product_04079,Fashion,Jacket,Zenith,217.05,143,2.7
PROD04080,Product_04080,Books,Academic,Nova,399.38,374,3.3
PROD04081,Product_04081,Sports,Fitness Equipment,Nova,375.32,259,4.6
PROD04082,Product_04082,Electronics,Smartwatch,Orion,670.42,305,4.6
PROD04083,Product_04083,Books,Comics,UrbanX,3562.15,46,4.2
PROD04084,Product_04084,Electronics,Smartphone,UrbanX,1270.7,209,4.4
PROD04085,Product_04085,Home,Lamp,UrbanX,267.77,172,2.8
PROD04086,Product_04086,Books,Academic,Orion,744.25,367,3.7
PROD04087,Product_04087,Sports,Sportswear,Apex,351.09,63,3.0
PROD04088,Product_04088,Books,Academic,Orion,626.61,432,4.3
PROD04089,Product_04089,Home,Lamp,UrbanX,753.31,304,4.9
PROD04090,Product_04090,Home,Chair,Nova,1069.5,268,3.3
PROD04091,Product_04091,Books,Comics,Nova,169.96,101,3.9
PROD04092,Product_04092,Home,Chair,Vertex,1082.5,332,3.3
PROD04093,Product_04093,Electronics,Smartphone,UrbanX,198.94,274,2.6
PROD04094,Product_04094,Fashion,T-Shirt,Zenith,334.32,177,4.0
PROD04095,Product_04095,Beauty,Haircare,UrbanX,150.09,69,4.5
PROD04096,Product_04096,Home,Lamp,Orion,711.16,470,3.6
PROD04097,Product_04097,Books,Comics,Nova,757.42,133,2.8
PROD04098,Product_04098,Fashion,Jeans,UrbanX,196.39,222,2.7
PROD04099,Product_04099,Home,Kitchen Appliance,Vertex,710.04,483,4.2
PROD04100,Product_04100,Fashion,T-Shirt,Apex,1259.59,145,2.8
PROD04101,Product_04101,Home,Kitchen Appliance,UrbanX,181.11,248,4.5
PROD04102,Product_04102,Home,Chair,PrimeTech,483.98,92,4.1
PROD04103,Product_04103,Beauty,Skincare,Zenith,1773.68,245,4.8
PROD04104,Product_04104,Books,Comics,UrbanX,907.42,230,3.5
PROD04105,Product_04105,Beauty,Haircare,Nova,361.61,177,5.0
PROD04106,Product_04106,Beauty,Haircare,Nova,3678.13,479,2.7
PROD04107,Product_04107,Beauty,Makeup,Vertex,394.44,307,3.7
PROD04108,Product_04108,Books,Academic,Nova,135.67,87,3.1
PROD04109,Product_04109,Books,Fiction,Zenith,848.79,36,3.9
PROD04110,Product_04110,Beauty,Makeup,UrbanX,228.96,82,4.8
PROD04111,Product_04111,Electronics,Headphones,PrimeTech,1324.49,469,3.3
PROD04112,Product_04112,Electronics,Headphones,UrbanX,215.46,384,2.9
PROD04113,Product_04113,Electronics,Smartphone,Vertex,3403.65,71,3.7
PROD04114,Product_04114,Sports,Outdoor Gear,Orion,230.5,478,3.6
PROD04115,Product_04115,Books,Non-Fiction,Apex,322.47,228,3.2
PROD04116,Product_04116,Sports,Outdoor Gear,UrbanX,342.33,61,4.7
PROD04117,Product_04117,Fashion,Jeans,Vertex,636.67,231,4.2
PROD04118,Product_04118,Home,Lamp,Apex,769.93,436,3.0
PROD04119,Product_04119,Electronics,Smartphone,Apex,1867.71,79,3.6
PROD04120,Product_04120,Books,Non-Fiction,Zenith,874.37,475,2.9
PROD04121,Product_04121,Fashion,T-Shirt,PrimeTech,331.65,327,2.6
PROD04122,Product_04122,Fashion,Jacket,Orion,790.85,387,3.0
PROD04123,Product_04123,Sports,Running Gear,Nova,776.04,238,4.8
PROD04124,Product_04124,Sports,Outdoor Gear,UrbanX,180.46,6,2.5
PROD04125,Product_04125,Fashion,Jeans,Zenith,726.83,242,3.9
PROD04126,Product_04126,Fashion,Jeans,Apex,1337.31,410,4.8
PROD04127,Product_04127,Fashion,Jacket,UrbanX,816.9,414,3.4
PROD04128,Product_04128,Beauty,Haircare,PrimeTech,99.0,207,4.2
PROD04129,Product_04129,Electronics,Smartwatch,PrimeTech,162.64,370,3.0
PROD04130,Product_04130,Fashion,Jacket,Vertex,322.02,158,4.4
PROD04131,Product_04131,Home,Kitchen Appliance,Orion,403.33,331,4.6
PROD04132,Product_04132,Fashion,Shoes,PrimeTech,173.09,410,3.4
PROD04133,Product_04133,Home,Table,Zenith,287.48,402,3.2
PROD04134,Product_04134,Fashion,T-Shirt,PrimeTech,1321.87,173,4.0
PROD04135,Product_04135,Fashion,Shoes,Orion,2364.42,99,3.0
PROD04136,Product_04136,Home,Chair,UrbanX,273.56,165,3.8
PROD04137,Product_04137,Fashion,T-Shirt,PrimeTech,159.08,351,4.3
PROD04138,Product_04138,Fashion,Jacket,Zenith,243.47,265,4.1
PROD04139,Product_04139,Books,Academic,Orion,481.48,133,3.3
PROD04140,Product_04140,Books,Fiction,Apex,1663.57,366,3.8
PROD04141,Product_04141,Books,Fiction,Zenith,1153.24,224,3.2
PROD04142,Product_04142,Fashion,Jeans,Nova,3180.8,191,4.8
PROD04143,Product_04143,Home,Kitchen Appliance,Nova,1304.55,251,3.8
PROD04144,Product_04144,Home,Kitchen Appliance,PrimeTech,1139.5,338,2.7
PROD04145,Product_04145,Electronics,Headphones,Apex,167.88,449,4.4
PROD04146,Product_04146,Fashion,Shoes,UrbanX,625.87,496,2.7
PROD04147,Product_04147,Beauty,Fragrance,Zenith,684.92,78,3.4
PROD04148,Product_04148,Home,Chair,Zenith,378.46,67,4.1
PROD04149,Product_04149,Electronics,Smartwatch,UrbanX,722.74,148,2.8
PROD04150,Product_04150,Books,Academic,Zenith,1172.75,46,3.2
PROD04151,Product_04151,Home,Kitchen Appliance,Nova,677.62,107,4.4
PROD04152,Product_04152,Books,Academic,Zenith,372.27,29,4.5
PROD04153,Product_04153,Sports,Sportswear,UrbanX,1282.47,318,2.7
PROD04154,Product_04154,Books,Fiction,Orion,256.62,255,4.2
PROD04155,Product_04155,Beauty,Fragrance,PrimeTech,371.67,215,2.5
PROD04156,Product_04156,Electronics,Headphones,Zenith,1618.49,8,4.8
PROD04157,Product_04157,Sports,Outdoor Gear,Vertex,99.0,270,4.9
PROD04158,Product_04158,Books,Non-Fiction,Nova,2198.06,32,3.5
PROD04159,Product_04159,Books,Academic,Vertex,391.33,144,4.0
PROD04160,Product_04160,Beauty,Skincare,Apex,1166.38,450,3.5
PROD04161,Product_04161,Sports,Running Gear,PrimeTech,761.89,399,2.7
PROD04162,Product_04162,Home,Table,Nova,451.23,353,3.0
PROD04163,Product_04163,Home,Lamp,PrimeTech,1166.21,444,4.9
PROD04164,Product_04164,Home,Lamp,Orion,495.23,9,4.1
PROD04165,Product_04165,Sports,Running Gear,Zenith,366.9,179,3.2
PROD04166,Product_04166,Fashion,Jeans,Vertex,308.4,273,4.2
PROD04167,Product_04167,Home,Table,Apex,398.13,292,3.8
PROD04168,Product_04168,Electronics,Headphones,UrbanX,2277.4,41,3.1
PROD04169,Product_04169,Beauty,Makeup,Nova,995.44,265,3.4
PROD04170,Product_04170,Electronics,Laptop,Orion,413.15,394,2.8
PROD04171,Product_04171,Fashion,Jeans,Nova,433.38,150,4.9
PROD04172,Product_04172,Home,Table,Zenith,756.28,9,2.9
PROD04173,Product_04173,Books,Academic,Zenith,929.39,103,2.9
PROD04174,Product_04174,Beauty,Haircare,PrimeTech,1123.32,459,4.3
PROD04175,Product_04175,Books,Fiction,Vertex,187.39,444,3.6
PROD04176,Product_04176,Sports,Sportswear,Nova,255.93,357,4.1
PROD04177,Product_04177,Books,Non-Fiction,Orion,520.25,5,3.5
PROD04178,Product_04178,Beauty,Makeup,Apex,151.67,346,3.4
PROD04179,Product_04179,Sports,Outdoor Gear,Apex,1258.16,243,2.5
PROD04180,Product_04180,Books,Fiction,UrbanX,355.14,116,4.5
PROD04181,Product_04181,Sports,Sportswear,Nova,224.74,138,3.7
PROD04182,Product_04182,Books,Non-Fiction,PrimeTech,563.87,486,4.5
PROD04183,Product_04183,Home,Lamp,Nova,1081.28,468,3.4
PROD04184,Product_04184,Fashion,T-Shirt,Apex,129.15,380,4.2
PROD04185,Product_04185,Fashion,Shoes,Vertex,166.95,208,3.4
PROD04186,Product_04186,Home,Chair,PrimeTech,2856.03,39,2.8
PROD04187,Product_04187,Fashion,Shoes,Nova,182.52,42,4.4
PROD04188,Product_04188,Home,Table,UrbanX,1554.82,254,4.2
PROD04189,Product_04189,Sports,Sportswear,Vertex,649.17,372,3.1
PROD04190,Product_04190,Sports,Sportswear,Zenith,2217.97,470,4.5
PROD04191,Product_04191,Electronics,Laptop,Apex,155.19,429,3.1
PROD04192,Product_04192,Beauty,Skincare,PrimeTech,146.16,114,2.5
PROD04193,Product_04193,Home,Chair,Zenith,2211.56,2,3.5
PROD04194,Product_04194,Books,Fiction,UrbanX,465.53,216,3.3
PROD04195,Product_04195,Books,Comics,PrimeTech,314.04,313,3.0
PROD04196,Product_04196,Home,Kitchen Appliance,Apex,364.26,56,3.0
PROD04197,Product_04197,Sports,Running Gear,Vertex,769.13,198,4.0
PROD04198,Product_04198,Sports,Outdoor Gear,UrbanX,345.99,412,3.2
PROD04199,Product_04199,Home,Kitchen Appliance,Nova,818.08,484,3.6
PROD04200,Product_04200,Home,Lamp,Zenith,553.74,500,5.0
PROD04201,Product_04201,Sports,Sportswear,Orion,488.1,154,4.2
PROD04202,Product_04202,Fashion,Jeans,PrimeTech,514.67,87,3.4
PROD04203,Product_04203,Electronics,Laptop,PrimeTech,431.1,273,2.8
PROD04204,Product_04204,Home,Chair,Orion,376.14,286,3.7
PROD04205,Product_04205,Electronics,Smartwatch,Orion,277.9,133,4.7
PROD04206,Product_04206,Books,Fiction,Nova,915.71,285,4.7
PROD04207,Product_04207,Electronics,Smartwatch,Nova,285.24,229,4.6
PROD04208,Product_04208,Fashion,Jacket,Apex,167.88,53,2.9
PROD04209,Product_04209,Electronics,Laptop,Apex,683.32,98,4.3
PROD04210,Product_04210,Home,Chair,Zenith,400.38,299,2.6
PROD04211,Product_04211,Sports,Outdoor Gear,PrimeTech,1912.43,421,2.8
PROD04212,Product_04212,Electronics,Smartwatch,UrbanX,496.77,366,2.9
PROD04213,Product_04213,Home,Kitchen Appliance,UrbanX,2557.17,51,4.9
PROD04214,Product_04214,Fashion,Jacket,Zenith,2621.79,206,3.3
PROD04215,Product_04215,Electronics,Smartwatch,Vertex,1197.5,225,3.5
PROD04216,Product_04216,Beauty,Haircare,Nova,1095.44,239,3.7
PROD04217,Product_04217,Fashion,T-Shirt,Orion,522.35,26,2.6
PROD04218,Product_04218,Fashion,T-Shirt,Nova,1041.77,412,3.7
PROD04219,Product_04219,Home,Lamp,UrbanX,336.56,256,2.7
PROD04220,Product_04220,Home,Table,Apex,692.63,35,3.3
PROD04221,Product_04221,Sports,Outdoor Gear,PrimeTech,276.24,306,4.2
PROD04222,Product_04222,Home,Kitchen Appliance,Zenith,1774.4,211,3.7
PROD04223,Product_04223,Sports,Sportswear,Nova,806.45,80,3.6
PROD04224,Product_04224,Electronics,Laptop,Zenith,791.27,26,5.0
PROD04225,Product_04225,Electronics,Headphones,Orion,608.88,389,3.1
PROD04226,Product_04226,Sports,Outdoor Gear,Nova,1619.29,260,4.3
PROD04227,Product_04227,Fashion,T-Shirt,Nova,589.05,451,3.7
PROD04228,Product_04228,Sports,Sportswear,PrimeTech,405.61,418,3.9
PROD04229,Product_04229,Sports,Sportswear,Apex,1044.21,475,3.6
PROD04230,Product_04230,Electronics,Laptop,Zenith,807.63,45,3.6
PROD04231,Product_04231,Sports,Outdoor Gear,Zenith,492.48,182,4.2
PROD04232,Product_04232,Beauty,Fragrance,Nova,584.54,478,4.5
PROD04233,Product_04233,Sports,Outdoor Gear,Zenith,1174.8,147,3.3
PROD04234,Product_04234,Beauty,Makeup,PrimeTech,495.77,302,4.6
PROD04235,Product_04235,Books,Comics,Zenith,562.92,383,3.3
PROD04236,Product_04236,Sports,Outdoor Gear,UrbanX,251.2,15,3.0
PROD04237,Product_04237,Fashion,Jacket,Vertex,602.25,62,3.8
PROD04238,Product_04238,Fashion,Shoes,Nova,617.05,380,3.1
PROD04239,Product_04239,Books,Comics,Vertex,747.69,67,3.0
PROD04240,Product_04240,Electronics,Headphones,PrimeTech,477.38,44,3.6
PROD04241,Product_04241,Electronics,Smartphone,Apex,466.19,376,3.3
PROD04242,Product_04242,Beauty,Fragrance,Orion,112.95,264,3.5
PROD04243,Product_04243,Home,Lamp,Vertex,2152.09,433,2.6
PROD04244,Product_04244,Beauty,Makeup,PrimeTech,182.27,313,3.7
PROD04245,Product_04245,Fashion,Jacket,Nova,911.15,433,4.3
PROD04246,Product_04246,Beauty,Haircare,PrimeTech,1415.32,376,3.7
PROD04247,Product_04247,Sports,Sportswear,UrbanX,249.0,489,3.1
PROD04248,Product_04248,Home,Kitchen Appliance,Zenith,710.83,243,3.2
PROD04249,Product_04249,Home,Lamp,UrbanX,461.44,457,3.2
PROD04250,Product_04250,Books,Comics,UrbanX,1143.15,87,4.2
PROD04251,Product_04251,Fashion,Jeans,UrbanX,1187.23,171,3.7
PROD04252,Product_04252,Beauty,Fragrance,Apex,935.33,312,4.6
PROD04253,Product_04253,Home,Table,Zenith,217.33,449,3.0
PROD04254,Product_04254,Books,Academic,Apex,1218.68,177,3.0
PROD04255,Product_04255,Books,Comics,Zenith,1142.67,392,3.0
PROD04256,Product_04256,Electronics,Laptop,Zenith,822.93,435,3.9
PROD04257,Product_04257,Sports,Outdoor Gear,PrimeTech,479.69,403,3.9
PROD04258,Product_04258,Beauty,Haircare,Vertex,396.57,382,4.4
PROD04259,Product_04259,Fashion,Jacket,Apex,440.0,350,3.0
PROD04260,Product_04260,Electronics,Smartphone,PrimeTech,374.82,275,3.9
PROD04261,Product_04261,Beauty,Fragrance,Nova,137.71,423,2.8
PROD04262,Product_04262,Beauty,Haircare,Zenith,1260.88,265,3.9
PROD04263,Product_04263,Electronics,Headphones,Zenith,487.63,183,4.0
PROD04264,Product_04264,Home,Chair,Apex,590.43,322,3.9
PROD04265,Product_04265,Beauty,Haircare,Vertex,1805.08,132,4.5
PROD04266,Product_04266,Home,Chair,Apex,345.09,338,4.4
PROD04267,Product_04267,Sports,Fitness Equipment,Zenith,1923.63,200,4.9
PROD04268,Product_04268,Books,Fiction,Orion,753.07,269,3.1
PROD04269,Product_04269,Electronics,Laptop,PrimeTech,450.17,209,4.5
PROD04270,Product_04270,Fashion,Shoes,UrbanX,394.86,165,4.8
PROD04271,Product_04271,Home,Chair,Zenith,578.48,94,4.7
PROD04272,Product_04272,Books,Fiction,Apex,242.33,243,4.5
PROD04273,Product_04273,Home,Table,Apex,1186.12,87,3.0
PROD04274,Product_04274,Books,Fiction,Zenith,581.13,400,4.9
PROD04275,Product_04275,Books,Comics,Orion,330.91,141,3.4
PROD04276,Product_04276,Beauty,Skincare,Orion,601.57,397,2.7
PROD04277,Product_04277,Home,Kitchen Appliance,Nova,255.18,104,2.8
PROD04278,Product_04278,Beauty,Haircare,Vertex,243.73,52,2.9
PROD04279,Product_04279,Sports,Outdoor Gear,Vertex,229.12,262,3.0
PROD04280,Product_04280,Sports,Sportswear,Zenith,769.15,421,4.4
PROD04281,Product_04281,Sports,Outdoor Gear,PrimeTech,797.5,243,3.6
PROD04282,Product_04282,Books,Academic,Apex,156.63,410,2.9
PROD04283,Product_04283,Books,Comics,Zenith,3222.72,330,2.6
PROD04284,Product_04284,Beauty,Skincare,UrbanX,298.29,301,3.2
PROD04285,Product_04285,Electronics,Headphones,Nova,242.62,49,4.2
PROD04286,Product_04286,Electronics,Smartwatch,Zenith,282.68,106,4.1
PROD04287,Product_04287,Home,Lamp,UrbanX,445.49,123,3.3
PROD04288,Product_04288,Fashion,Jeans,Nova,120.17,85,3.9
PROD04289,Product_04289,Books,Non-Fiction,Nova,271.61,57,3.8
PROD04290,Product_04290,Fashion,T-Shirt,Nova,1475.93,414,3.6
PROD04291,Product_04291,Home,Table,Apex,626.49,285,3.6
PROD04292,Product_04292,Beauty,Haircare,Nova,597.74,221,2.9
PROD04293,Product_04293,Home,Kitchen Appliance,Apex,356.52,53,4.7
PROD04294,Product_04294,Home,Kitchen Appliance,Orion,487.3,164,4.0
PROD04295,Product_04295,Beauty,Haircare,Nova,202.28,254,3.1
PROD04296,Product_04296,Beauty,Haircare,UrbanX,618.93,81,3.6
PROD04297,Product_04297,Home,Kitchen Appliance,Orion,266.06,117,2.8
PROD04298,Product_04298,Beauty,Haircare,Apex,568.83,119,4.6
PROD04299,Product_04299,Fashion,Jacket,Vertex,290.89,223,3.6
PROD04300,Product_04300,Home,Kitchen Appliance,Zenith,99.0,341,3.4
PROD04301,Product_04301,Electronics,Headphones,Zenith,441.95,299,4.2
PROD04302,Product_04302,Sports,Running Gear,UrbanX,181.94,181,4.0
PROD04303,Product_04303,Sports,Outdoor Gear,Nova,564.11,244,3.2
PROD04304,Product_04304,Sports,Outdoor Gear,UrbanX,780.53,463,4.9
PROD04305,Product_04305,Books,Comics,Nova,120.64,71,4.8
PROD04306,Product_04306,Sports,Running Gear,Apex,974.38,375,3.6
PROD04307,Product_04307,Electronics,Laptop,Apex,925.38,450,4.4
PROD04308,Product_04308,Fashion,Jeans,UrbanX,556.19,19,2.6
PROD04309,Product_04309,Books,Fiction,PrimeTech,265.1,36,3.2
PROD04310,Product_04310,Sports,Sportswear,UrbanX,1524.34,464,2.7
PROD04311,Product_04311,Home,Chair,Apex,184.55,198,4.3
PROD04312,Product_04312,Beauty,Fragrance,PrimeTech,565.79,89,3.9
PROD04313,Product_04313,Sports,Sportswear,Zenith,673.14,341,3.6
PROD04314,Product_04314,Books,Non-Fiction,Nova,1403.76,375,4.3
PROD04315,Product_04315,Books,Fiction,PrimeTech,1279.95,349,4.2
PROD04316,Product_04316,Electronics,Laptop,UrbanX,712.91,25,4.8
PROD04317,Product_04317,Beauty,Fragrance,UrbanX,2641.24,448,3.5
PROD04318,Product_04318,Sports,Running Gear,PrimeTech,1452.21,175,3.6
PROD04319,Product_04319,Home,Table,Apex,1519.37,218,3.2
PROD04320,Product_04320,Beauty,Fragrance,Apex,248.78,443,5.0
PROD04321,Product_04321,Beauty,Haircare,Apex,460.95,78,3.1
PROD04322,Product_04322,Sports,Running Gear,Nova,787.64,402,3.6
PROD04323,Product_04323,Beauty,Makeup,Apex,802.3,481,3.9
PROD04324,Product_04324,Fashion,Jacket,Vertex,949.77,296,3.2
PROD04325,Product_04325,Sports,Sportswear,Orion,733.47,85,3.0
PROD04326,Product_04326,Fashion,Shoes,Orion,1195.35,278,4.5
PROD04327,Product_04327,Home,Chair,Orion,272.9,418,4.5
PROD04328,Product_04328,Books,Non-Fiction,Nova,1017.37,172,3.1
PROD04329,Product_04329,Fashion,T-Shirt,Nova,352.96,182,4.6
PROD04330,Product_04330,Sports,Fitness Equipment,Apex,1141.7,168,3.6
PROD04331,Product_04331,Beauty,Haircare,UrbanX,185.6,386,3.9
PROD04332,Product_04332,Home,Lamp,PrimeTech,258.06,231,4.5
PROD04333,Product_04333,Sports,Fitness Equipment,Vertex,1403.05,333,2.7
PROD04334,Product_04334,Beauty,Skincare,Apex,1484.02,160,2.5
PROD04335,Product_04335,Books,Comics,UrbanX,121.23,462,4.6
PROD04336,Product_04336,Books,Non-Fiction,Vertex,1457.69,173,3.8
PROD04337,Product_04337,Sports,Fitness Equipment,Orion,584.69,15,3.7
PROD04338,Product_04338,Beauty,Haircare,Vertex,948.64,268,2.5
PROD04339,Product_04339,Electronics,Laptop,PrimeTech,1057.03,458,3.9
PROD04340,Product_04340,Books,Academic,Nova,171.38,345,3.6
PROD04341,Product_04341,Books,Fiction,Apex,306.24,192,4.1
PROD04342,Product_04342,Beauty,Haircare,Zenith,857.43,233,2.8
PROD04343,Product_04343,Sports,Outdoor Gear,PrimeTech,763.04,17,4.0
PROD04344,Product_04344,Books,Fiction,Zenith,373.45,413,3.6
PROD04345,Product_04345,Sports,Outdoor Gear,Orion,969.44,424,3.3
PROD04346,Product_04346,Home,Table,Apex,698.34,432,4.6
PROD04347,Product_04347,Beauty,Fragrance,Nova,479.74,56,4.7
PROD04348,Product_04348,Books,Comics,Zenith,783.84,401,2.8
PROD04349,Product_04349,Books,Fiction,Vertex,329.25,282,4.3
PROD04350,Product_04350,Beauty,Haircare,Orion,1152.66,349,3.2
PROD04351,Product_04351,Sports,Sportswear,Zenith,2015.76,231,3.7
PROD04352,Product_04352,Beauty,Fragrance,Vertex,421.38,420,4.8
PROD04353,Product_04353,Fashion,T-Shirt,Nova,710.45,276,3.4
PROD04354,Product_04354,Books,Non-Fiction,Orion,449.95,342,3.7
PROD04355,Product_04355,Sports,Running Gear,PrimeTech,300.14,234,4.9
PROD04356,Product_04356,Sports,Running Gear,Vertex,3417.25,65,4.5
PROD04357,Product_04357,Fashion,Jeans,Vertex,399.82,391,4.0
PROD04358,Product_04358,Books,Comics,Orion,722.01,296,4.2
PROD04359,Product_04359,Beauty,Makeup,Nova,216.12,78,2.6
PROD04360,Product_04360,Beauty,Makeup,PrimeTech,401.68,316,2.9
PROD04361,Product_04361,Electronics,Laptop,Zenith,1290.2,239,3.3
PROD04362,Product_04362,Home,Lamp,Vertex,697.22,95,3.1
PROD04363,Product_04363,Books,Fiction,Zenith,1162.41,8,3.7
PROD04364,Product_04364,Books,Non-Fiction,UrbanX,247.83,13,3.4
PROD04365,Product_04365,Electronics,Smartwatch,Orion,268.62,309,3.9
PROD04366,Product_04366,Fashion,Jacket,Nova,386.47,289,3.9
PROD04367,Product_04367,Fashion,Shoes,Vertex,166.96,343,4.2
PROD04368,Product_04368,Books,Academic,Nova,407.25,365,3.9
PROD04369,Product_04369,Books,Fiction,PrimeTech,618.48,260,4.9
PROD04370,Product_04370,Books,Fiction,Apex,687.99,388,4.0
PROD04371,Product_04371,Beauty,Fragrance,Zenith,1032.8,288,4.0
PROD04372,Product_04372,Beauty,Makeup,UrbanX,938.67,422,2.7
PROD04373,Product_04373,Fashion,T-Shirt,PrimeTech,834.21,367,4.0
PROD04374,Product_04374,Sports,Fitness Equipment,Nova,650.81,463,2.6
PROD04375,Product_04375,Electronics,Smartwatch,PrimeTech,401.26,278,2.8
PROD04376,Product_04376,Beauty,Fragrance,Apex,423.56,257,4.1
PROD04377,Product_04377,Electronics,Laptop,Nova,331.96,314,2.6
PROD04378,Product_04378,Sports,Outdoor Gear,Zenith,159.21,33,4.5
PROD04379,Product_04379,Books,Academic,Vertex,259.44,357,2.5
PROD04380,Product_04380,Sports,Sportswear,Nova,393.93,241,2.6
PROD04381,Product_04381,Books,Fiction,Orion,538.05,159,3.3
PROD04382,Product_04382,Home,Kitchen Appliance,Orion,324.36,312,4.5
PROD04383,Product_04383,Home,Chair,Nova,1157.44,235,4.1
PROD04384,Product_04384,Beauty,Haircare,Orion,530.04,412,3.5
PROD04385,Product_04385,Fashion,Jacket,Zenith,2744.91,474,4.5
PROD04386,Product_04386,Home,Kitchen Appliance,Orion,458.26,386,3.4
PROD04387,Product_04387,Home,Chair,UrbanX,186.35,87,4.0
PROD04388,Product_04388,Books,Comics,Zenith,1132.74,404,4.7
PROD04389,Product_04389,Sports,Outdoor Gear,UrbanX,280.51,156,3.3
PROD04390,Product_04390,Fashion,Jeans,Nova,215.13,365,4.5
PROD04391,Product_04391,Home,Chair,Vertex,845.24,114,4.2
PROD04392,Product_04392,Sports,Fitness Equipment,Nova,228.89,440,4.1
PROD04393,Product_04393,Home,Table,PrimeTech,1206.74,371,2.7
PROD04394,Product_04394,Home,Table,Orion,983.36,155,3.2
PROD04395,Product_04395,Home,Chair,PrimeTech,1074.46,348,3.7
PROD04396,Product_04396,Home,Chair,Apex,272.34,440,4.9
PROD04397,Product_04397,Beauty,Skincare,PrimeTech,2048.19,254,4.7
PROD04398,Product_04398,Fashion,Jacket,UrbanX,340.68,179,3.7
PROD04399,Product_04399,Beauty,Skincare,PrimeTech,245.83,29,3.0
PROD04400,Product_04400,Fashion,Jeans,Vertex,166.9,58,3.6
PROD04401,Product_04401,Beauty,Skincare,UrbanX,335.61,46,4.9
PROD04402,Product_04402,Sports,Sportswear,Nova,474.35,119,4.6
PROD04403,Product_04403,Beauty,Fragrance,UrbanX,906.77,62,4.3
PROD04404,Product_04404,Books,Fiction,UrbanX,630.5,436,3.5
PROD04405,Product_04405,Sports,Fitness Equipment,Orion,689.11,273,2.5
PROD04406,Product_04406,Books,Comics,Zenith,578.66,416,4.0
PROD04407,Product_04407,Fashion,Jeans,Vertex,272.02,97,5.0
PROD04408,Product_04408,Fashion,Jacket,Nova,1184.09,441,2.6
PROD04409,Product_04409,Fashion,Shoes,Apex,457.6,202,3.9
PROD04410,Product_04410,Home,Kitchen Appliance,Nova,1845.7,20,2.8
PROD04411,Product_04411,Fashion,Jacket,PrimeTech,231.28,178,2.8
PROD04412,Product_04412,Sports,Outdoor Gear,Apex,562.01,418,3.6
PROD04413,Product_04413,Sports,Sportswear,PrimeTech,539.52,284,3.7
PROD04414,Product_04414,Beauty,Fragrance,UrbanX,620.35,418,4.4
PROD04415,Product_04415,Electronics,Headphones,Nova,260.15,425,3.5
PROD04416,Product_04416,Electronics,Headphones,PrimeTech,837.97,282,4.1
PROD04417,Product_04417,Books,Academic,Vertex,775.18,411,3.5
PROD04418,Product_04418,Electronics,Laptop,Vertex,507.61,69,3.6
PROD04419,Product_04419,Electronics,Headphones,Orion,673.77,220,4.4
PROD04420,Product_04420,Beauty,Haircare,Orion,444.89,341,3.6
PROD04421,Product_04421,Home,Lamp,Orion,468.14,172,2.9
PROD04422,Product_04422,Beauty,Skincare,UrbanX,1327.81,472,4.7
PROD04423,Product_04423,Sports,Fitness Equipment,Apex,363.42,132,4.3
PROD04424,Product_04424,Fashion,Jeans,Zenith,1402.03,138,4.9
PROD04425,Product_04425,Beauty,Fragrance,Orion,446.82,301,4.2
PROD04426,Product_04426,Home,Chair,Zenith,226.88,433,4.1
PROD04427,Product_04427,Sports,Sportswear,Vertex,272.68,82,4.1
PROD04428,Product_04428,Electronics,Laptop,Zenith,370.38,136,4.4
PROD04429,Product_04429,Beauty,Skincare,Nova,785.58,54,3.0
PROD04430,Product_04430,Sports,Outdoor Gear,Vertex,500.04,264,2.9
PROD04431,Product_04431,Electronics,Laptop,Apex,1596.66,38,3.2
PROD04432,Product_04432,Sports,Running Gear,Zenith,1150.06,138,4.5
PROD04433,Product_04433,Beauty,Makeup,PrimeTech,136.07,318,2.5
PROD04434,Product_04434,Fashion,Jeans,UrbanX,363.1,297,4.1
PROD04435,Product_04435,Books,Comics,Vertex,634.36,152,2.7
PROD04436,Product_04436,Books,Non-Fiction,PrimeTech,849.11,237,4.7
PROD04437,Product_04437,Fashion,Shoes,Zenith,1252.16,249,3.4
PROD04438,Product_04438,Beauty,Haircare,Zenith,1033.93,276,4.7
PROD04439,Product_04439,Sports,Outdoor Gear,Orion,298.67,213,4.4
PROD04440,Product_04440,Fashion,Jacket,Vertex,601.9,41,4.3
PROD04441,Product_04441,Home,Lamp,Zenith,1151.79,265,2.8
PROD04442,Product_04442,Home,Lamp,Orion,184.64,74,3.9
PROD04443,Product_04443,Beauty,Haircare,Zenith,1795.62,82,3.4
PROD04444,Product_04444,Home,Kitchen Appliance,UrbanX,894.23,45,3.6
PROD04445,Product_04445,Books,Fiction,Vertex,301.65,225,3.2
PROD04446,Product_04446,Books,Non-Fiction,UrbanX,473.73,336,2.7
PROD04447,Product_04447,Home,Lamp,PrimeTech,238.88,308,4.6
PROD04448,Product_04448,Home,Kitchen Appliance,Vertex,198.71,330,5.0
PROD04449,Product_04449,Electronics,Laptop,UrbanX,627.2,371,3.4
PROD04450,Product_04450,Beauty,Makeup,PrimeTech,341.61,380,4.4
PROD04451,Product_04451,Sports,Outdoor Gear,Nova,359.4,107,2.7
PROD04452,Product_04452,Sports,Sportswear,Nova,550.81,482,2.6
PROD04453,Product_04453,Sports,Outdoor Gear,Orion,439.32,94,2.8
PROD04454,Product_04454,Electronics,Smartphone,Vertex,823.23,408,3.4
PROD04455,Product_04455,Sports,Sportswear,Nova,327.24,299,4.1
PROD04456,Product_04456,Home,Kitchen Appliance,Nova,2006.15,394,4.0
PROD04457,Product_04457,Beauty,Haircare,PrimeTech,99.0,88,4.7
PROD04458,Product_04458,Sports,Running Gear,Zenith,494.17,128,3.2
PROD04459,Product_04459,Books,Non-Fiction,Orion,720.49,463,2.9
PROD04460,Product_04460,Beauty,Haircare,Zenith,1021.13,308,4.2
PROD04461,Product_04461,Beauty,Fragrance,Vertex,645.7,474,4.7
PROD04462,Product_04462,Fashion,Shoes,Vertex,371.32,173,4.7
PROD04463,Product_04463,Books,Comics,Zenith,1410.66,181,4.2
PROD04464,Product_04464,Electronics,Smartphone,Orion,741.02,45,4.0
PROD04465,Product_04465,Sports,Fitness Equipment,Orion,631.74,363,2.5
PROD04466,Product_04466,Beauty,Skincare,PrimeTech,987.06,197,3.9
PROD04467,Product_04467,Beauty,Fragrance,Zenith,706.5,202,3.4
PROD04468,Product_04468,Home,Chair,Orion,99.0,169,4.8
PROD04469,Product_04469,Books,Academic,Apex,957.69,299,4.5
PROD04470,Product_04470,Beauty,Haircare,PrimeTech,221.69,122,3.0
PROD04471,Product_04471,Electronics,Headphones,Orion,343.87,373,2.6
PROD04472,Product_04472,Electronics,Smartphone,PrimeTech,679.96,259,2.9
PROD04473,Product_04473,Fashion,Jeans,PrimeTech,644.39,393,4.4
PROD04474,Product_04474,Fashion,Jeans,Orion,1155.51,453,2.8
PROD04475,Product_04475,Home,Chair,Nova,349.74,225,2.5
PROD04476,Product_04476,Electronics,Headphones,Zenith,735.73,391,4.5
PROD04477,Product_04477,Electronics,Smartphone,Zenith,332.0,29,3.3
PROD04478,Product_04478,Electronics,Headphones,Orion,1637.0,327,3.5
PROD04479,Product_04479,Home,Lamp,Orion,1074.9,261,4.7
PROD04480,Product_04480,Sports,Sportswear,Nova,539.48,234,4.0
PROD04481,Product_04481,Sports,Running Gear,UrbanX,1808.7,230,4.6
PROD04482,Product_04482,Fashion,Jeans,Apex,1252.79,10,2.6
PROD04483,Product_04483,Home,Lamp,Apex,1005.95,468,3.3
PROD04484,Product_04484,Electronics,Smartwatch,UrbanX,177.44,127,4.0
PROD04485,Product_04485,Fashion,Shoes,Nova,499.51,85,2.5
PROD04486,Product_04486,Home,Table,PrimeTech,359.85,71,4.4
PROD04487,Product_04487,Sports,Running Gear,UrbanX,478.82,381,2.6
PROD04488,Product_04488,Home,Kitchen Appliance,Apex,250.58,381,3.2
PROD04489,Product_04489,Fashion,Jeans,Nova,336.19,223,4.0
PROD04490,Product_04490,Fashion,Jeans,Vertex,582.46,66,3.0
PROD04491,Product_04491,Beauty,Fragrance,UrbanX,864.2,38,4.4
PROD04492,Product_04492,Sports,Running Gear,PrimeTech,643.6,44,3.3
PROD04493,Product_04493,Sports,Outdoor Gear,Apex,262.78,369,4.3
PROD04494,Product_04494,Beauty,Skincare,UrbanX,754.99,446,4.9
PROD04495,Product_04495,Sports,Outdoor Gear,Nova,825.41,131,4.2
PROD04496,Product_04496,Fashion,T-Shirt,Vertex,1650.03,27,2.8
PROD04497,Product_04497,Books,Fiction,Nova,1755.33,438,2.6
PROD04498,Product_04498,Sports,Sportswear,Vertex,482.87,336,2.6
PROD04499,Product_04499,Home,Lamp,Apex,1018.91,329,4.4
PROD04500,Product_04500,Sports,Sportswear,Zenith,2062.09,390,3.9
PROD04501,Product_04501,Fashion,Jacket,Zenith,1846.72,259,4.4
PROD04502,Product_04502,Home,Chair,Vertex,301.78,171,3.9
PROD04503,Product_04503,Beauty,Skincare,UrbanX,237.61,308,3.8
PROD04504,Product_04504,Home,Table,Nova,303.23,345,4.7
PROD04505,Product_04505,Home,Lamp,PrimeTech,410.75,235,5.0
PROD04506,Product_04506,Electronics,Headphones,Apex,520.79,216,3.6
PROD04507,Product_04507,Beauty,Skincare,Zenith,278.47,290,4.9
PROD04508,Product_04508,Books,Academic,Vertex,654.25,88,4.6
PROD04509,Product_04509,Books,Non-Fiction,Orion,430.03,287,4.8
PROD04510,Product_04510,Sports,Running Gear,Vertex,164.98,223,3.6
PROD04511,Product_04511,Fashion,T-Shirt,Zenith,966.08,489,3.2
PROD04512,Product_04512,Electronics,Smartwatch,PrimeTech,407.73,155,4.2
PROD04513,Product_04513,Sports,Sportswear,Nova,891.51,171,2.9
PROD04514,Product_04514,Home,Chair,Vertex,493.42,127,3.9
PROD04515,Product_04515,Electronics,Smartphone,Nova,610.53,316,3.8
PROD04516,Product_04516,Home,Table,UrbanX,586.65,116,4.4
PROD04517,Product_04517,Electronics,Laptop,Orion,464.52,73,3.5
PROD04518,Product_04518,Beauty,Skincare,Zenith,217.63,396,3.7
PROD04519,Product_04519,Beauty,Haircare,Apex,498.7,495,4.7
PROD04520,Product_04520,Beauty,Haircare,Nova,1309.62,8,4.5
PROD04521,Product_04521,Electronics,Smartphone,PrimeTech,168.2,373,4.9
PROD04522,Product_04522,Sports,Running Gear,PrimeTech,376.71,466,3.8
PROD04523,Product_04523,Electronics,Smartphone,UrbanX,254.66,383,3.2
PROD04524,Product_04524,Electronics,Smartwatch,Vertex,785.46,223,3.1
PROD04525,Product_04525,Books,Comics,Zenith,121.29,424,4.7
PROD04526,Product_04526,Books,Fiction,UrbanX,236.0,36,2.7
PROD04527,Product_04527,Books,Fiction,Nova,781.26,265,3.4
PROD04528,Product_04528,Home,Lamp,Nova,672.41,424,4.1
PROD04529,Product_04529,Books,Non-Fiction,Orion,1097.92,25,4.1
PROD04530,Product_04530,Sports,Running Gear,UrbanX,957.3,108,4.0
PROD04531,Product_04531,Electronics,Smartphone,PrimeTech,656.01,316,2.8
PROD04532,Product_04532,Home,Kitchen Appliance,Orion,200.8,276,3.5
PROD04533,Product_04533,Fashion,Shoes,Apex,179.08,57,3.2
PROD04534,Product_04534,Electronics,Laptop,Zenith,1449.39,57,3.5
PROD04535,Product_04535,Electronics,Laptop,Apex,1085.79,455,2.9
PROD04536,Product_04536,Books,Non-Fiction,Nova,1660.04,249,4.1
PROD04537,Product_04537,Sports,Outdoor Gear,Apex,489.89,130,4.4
PROD04538,Product_04538,Books,Academic,PrimeTech,565.67,200,3.3
PROD04539,Product_04539,Beauty,Skincare,Orion,717.56,101,3.5
PROD04540,Product_04540,Beauty,Skincare,Apex,685.72,121,4.5
PROD04541,Product_04541,Electronics,Smartwatch,Apex,414.1,426,4.8
PROD04542,Product_04542,Sports,Sportswear,Nova,381.49,148,3.9
PROD04543,Product_04543,Fashion,Jeans,Apex,282.77,124,3.7
PROD04544,Product_04544,Sports,Running Gear,Zenith,689.53,430,3.1
PROD04545,Product_04545,Sports,Running Gear,Orion,778.72,389,3.0
PROD04546,Product_04546,Fashion,Jacket,UrbanX,406.91,382,4.9
PROD04547,Product_04547,Books,Comics,UrbanX,1158.22,29,2.9
PROD04548,Product_04548,Home,Chair,UrbanX,1115.28,56,4.2
PROD04549,Product_04549,Fashion,Jeans,Apex,254.52,34,3.5
PROD04550,Product_04550,Home,Table,Zenith,972.1,227,3.3
PROD04551,Product_04551,Electronics,Smartwatch,Vertex,227.57,143,4.0
PROD04552,Product_04552,Sports,Running Gear,UrbanX,287.42,36,3.2
PROD04553,Product_04553,Beauty,Makeup,Zenith,621.64,401,3.9
PROD04554,Product_04554,Fashion,Jeans,UrbanX,511.99,22,3.7
PROD04555,Product_04555,Beauty,Makeup,Orion,974.34,406,3.6
PROD04556,Product_04556,Beauty,Fragrance,Orion,852.33,31,4.4
PROD04557,Product_04557,Sports,Sportswear,Vertex,922.54,118,4.5
PROD04558,Product_04558,Sports,Running Gear,Orion,493.94,270,4.7
PROD04559,Product_04559,Electronics,Headphones,Orion,702.71,274,4.0
PROD04560,Product_04560,Home,Table,Apex,348.78,124,4.5
PROD04561,Product_04561,Beauty,Makeup,PrimeTech,478.77,284,4.7
PROD04562,Product_04562,Electronics,Laptop,Apex,455.64,322,4.7
PROD04563,Product_04563,Fashion,Shoes,Orion,157.56,448,4.6
PROD04564,Product_04564,Books,Comics,PrimeTech,756.89,399,4.1
PROD04565,Product_04565,Books,Fiction,Vertex,99.0,101,4.5
PROD04566,Product_04566,Sports,Sportswear,Apex,436.38,448,3.7
PROD04567,Product_04567,Beauty,Skincare,Nova,385.69,476,4.5
PROD04568,Product_04568,Electronics,Headphones,Nova,233.83,7,2.9
PROD04569,Product_04569,Electronics,Smartwatch,PrimeTech,969.58,427,4.8
PROD04570,Product_04570,Sports,Sportswear,UrbanX,180.74,173,3.0
PROD04571,Product_04571,Home,Table,Orion,1294.94,276,3.1
PROD04572,Product_04572,Beauty,Haircare,Vertex,397.16,151,3.0
PROD04573,Product_04573,Home,Lamp,UrbanX,482.8,29,4.3
PROD04574,Product_04574,Electronics,Headphones,Apex,592.42,118,3.1
PROD04575,Product_04575,Electronics,Smartwatch,Orion,204.25,61,4.0
PROD04576,Product_04576,Home,Kitchen Appliance,Apex,778.38,51,3.4
PROD04577,Product_04577,Fashion,Jeans,Vertex,180.0,449,3.3
PROD04578,Product_04578,Books,Academic,Zenith,1254.2,215,2.6
PROD04579,Product_04579,Electronics,Smartphone,PrimeTech,833.09,303,3.3
PROD04580,Product_04580,Books,Fiction,Orion,469.03,496,2.8
PROD04581,Product_04581,Books,Fiction,Apex,161.13,308,3.0
PROD04582,Product_04582,Home,Kitchen Appliance,PrimeTech,1239.49,59,3.2
PROD04583,Product_04583,Fashion,T-Shirt,PrimeTech,438.05,219,3.6
PROD04584,Product_04584,Electronics,Smartphone,Apex,562.63,290,3.9
PROD04585,Product_04585,Books,Non-Fiction,Apex,690.23,90,3.5
PROD04586,Product_04586,Home,Lamp,Vertex,287.47,475,4.7
PROD04587,Product_04587,Home,Chair,Nova,346.69,429,4.4
PROD04588,Product_04588,Fashion,Jeans,Nova,632.87,311,2.5
PROD04589,Product_04589,Electronics,Headphones,Apex,334.78,294,3.5
PROD04590,Product_04590,Books,Fiction,Apex,676.32,157,4.4
PROD04591,Product_04591,Home,Kitchen Appliance,Apex,675.31,286,4.5
PROD04592,Product_04592,Fashion,T-Shirt,UrbanX,235.53,321,3.5
PROD04593,Product_04593,Books,Comics,Vertex,944.99,151,4.7
PROD04594,Product_04594,Books,Comics,Vertex,1944.92,479,3.3
PROD04595,Product_04595,Home,Table,PrimeTech,380.26,437,4.0
PROD04596,Product_04596,Fashion,T-Shirt,Apex,2428.86,384,4.4
PROD04597,Product_04597,Fashion,Jacket,Zenith,2945.98,89,2.7
PROD04598,Product_04598,Books,Comics,Zenith,351.95,414,2.8
PROD04599,Product_04599,Fashion,Shoes,UrbanX,322.14,302,3.7
PROD04600,Product_04600,Fashion,T-Shirt,Orion,1751.98,483,4.5
PROD04601,Product_04601,Beauty,Haircare,UrbanX,126.87,307,2.6
PROD04602,Product_04602,Sports,Fitness Equipment,Vertex,618.21,242,3.5
PROD04603,Product_04603,Beauty,Fragrance,Zenith,597.68,44,4.2
PROD04604,Product_04604,Sports,Sportswear,PrimeTech,915.08,69,4.9
PROD04605,Product_04605,Books,Academic,Orion,576.22,337,4.9
PROD04606,Product_04606,Books,Fiction,Vertex,529.75,112,4.1
PROD04607,Product_04607,Books,Non-Fiction,Orion,285.47,466,2.9
PROD04608,Product_04608,Books,Fiction,Nova,1573.36,154,3.5
PROD04609,Product_04609,Fashion,Shoes,Vertex,982.05,149,4.5
PROD04610,Product_04610,Fashion,Jeans,Orion,193.08,226,3.3
PROD04611,Product_04611,Sports,Fitness Equipment,Nova,1036.63,100,3.1
PROD04612,Product_04612,Home,Table,PrimeTech,4821.25,194,4.8
PROD04613,Product_04613,Sports,Outdoor Gear,UrbanX,109.55,278,4.3
PROD04614,Product_04614,Books,Non-Fiction,Zenith,1069.58,308,3.9
PROD04615,Product_04615,Home,Lamp,UrbanX,1633.25,337,3.6
PROD04616,Product_04616,Sports,Running Gear,Orion,1013.22,289,3.9
PROD04617,Product_04617,Electronics,Smartwatch,PrimeTech,627.08,179,4.3
PROD04618,Product_04618,Home,Kitchen Appliance,Zenith,1072.17,87,2.9
PROD04619,Product_04619,Electronics,Laptop,PrimeTech,692.06,134,2.9
PROD04620,Product_04620,Sports,Sportswear,Apex,283.05,419,4.3
PROD04621,Product_04621,Beauty,Skincare,Zenith,1063.02,6,4.0
PROD04622,Product_04622,Sports,Sportswear,UrbanX,424.05,116,2.7
PROD04623,Product_04623,Books,Academic,PrimeTech,903.2,116,4.6
PROD04624,Product_04624,Home,Kitchen Appliance,Vertex,530.89,147,3.9
PROD04625,Product_04625,Beauty,Makeup,Zenith,819.25,438,3.0
PROD04626,Product_04626,Beauty,Haircare,PrimeTech,761.42,475,4.8
PROD04627,Product_04627,Sports,Outdoor Gear,Orion,584.75,357,4.0
PROD04628,Product_04628,Electronics,Smartphone,PrimeTech,365.02,244,5.0
PROD04629,Product_04629,Home,Lamp,Apex,1029.43,43,3.3
PROD04630,Product_04630,Sports,Fitness Equipment,Vertex,267.66,14,3.7
PROD04631,Product_04631,Books,Comics,Vertex,521.78,458,2.9
PROD04632,Product_04632,Fashion,Jeans,Apex,662.65,221,4.5
PROD04633,Product_04633,Sports,Running Gear,PrimeTech,1073.82,100,2.9
PROD04634,Product_04634,Home,Kitchen Appliance,PrimeTech,524.48,352,3.4
PROD04635,Product_04635,Fashion,Shoes,Nova,559.94,276,3.3
PROD04636,Product_04636,Books,Fiction,Apex,483.95,241,4.2
PROD04637,Product_04637,Home,Table,Nova,263.79,292,3.0
PROD04638,Product_04638,Home,Table,PrimeTech,1253.39,300,4.1
PROD04639,Product_04639,Fashion,Shoes,Zenith,99.0,49,4.8
PROD04640,Product_04640,Books,Comics,Nova,1046.31,326,4.6
PROD04641,Product_04641,Fashion,Jacket,Vertex,637.77,372,3.7
PROD04642,Product_04642,Beauty,Skincare,Apex,431.6,112,3.2
PROD04643,Product_04643,Fashion,Jeans,Orion,138.55,191,2.8
PROD04644,Product_04644,Electronics,Laptop,Zenith,430.72,187,4.0
PROD04645,Product_04645,Fashion,Jacket,PrimeTech,1104.06,432,3.8
PROD04646,Product_04646,Books,Comics,PrimeTech,283.29,178,3.4
PROD04647,Product_04647,Sports,Fitness Equipment,PrimeTech,338.87,371,4.3
PROD04648,Product_04648,Sports,Sportswear,Orion,220.28,469,2.9
PROD04649,Product_04649,Sports,Sportswear,Apex,1176.71,78,4.0
PROD04650,Product_04650,Electronics,Smartphone,Apex,868.52,492,2.7
PROD04651,Product_04651,Fashion,Jeans,Vertex,320.06,500,2.9
PROD04652,Product_04652,Home,Kitchen Appliance,PrimeTech,99.0,89,4.8
PROD04653,Product_04653,Fashion,Jacket,Vertex,99.0,308,3.5
PROD04654,Product_04654,Electronics,Headphones,Zenith,334.62,370,3.9
PROD04655,Product_04655,Home,Kitchen Appliance,Apex,642.03,237,4.4
PROD04656,Product_04656,Fashion,Jacket,UrbanX,3499.77,92,2.8
PROD04657,Product_04657,Electronics,Laptop,Orion,427.23,476,4.4
PROD04658,Product_04658,Beauty,Makeup,Orion,138.56,396,2.6
PROD04659,Product_04659,Books,Comics,Orion,99.0,119,5.0
PROD04660,Product_04660,Books,Non-Fiction,Vertex,150.97,254,4.6
PROD04661,Product_04661,Home,Chair,Vertex,391.14,94,4.3
PROD04662,Product_04662,Books,Comics,UrbanX,468.18,434,3.8
PROD04663,Product_04663,Home,Chair,Orion,209.26,411,4.5
PROD04664,Product_04664,Sports,Sportswear,Orion,352.26,100,3.7
PROD04665,Product_04665,Books,Non-Fiction,UrbanX,257.75,321,2.8
PROD04666,Product_04666,Fashion,Shoes,PrimeTech,323.57,143,4.4
PROD04667,Product_04667,Home,Lamp,Apex,969.34,113,4.7
PROD04668,Product_04668,Electronics,Laptop,Zenith,536.02,373,3.2
PROD04669,Product_04669,Books,Academic,Orion,559.8,371,3.6
PROD04670,Product_04670,Fashion,T-Shirt,Zenith,738.39,265,2.7
PROD04671,Product_04671,Sports,Running Gear,Orion,317.45,6,2.7
PROD04672,Product_04672,Beauty,Skincare,PrimeTech,1468.11,385,3.7
PROD04673,Product_04673,Electronics,Laptop,PrimeTech,1398.13,228,4.7
PROD04674,Product_04674,Books,Non-Fiction,Nova,293.39,212,3.3
PROD04675,Product_04675,Electronics,Laptop,PrimeTech,1153.02,125,3.1
PROD04676,Product_04676,Fashion,Jacket,PrimeTech,245.45,282,2.9
PROD04677,Product_04677,Electronics,Laptop,Orion,1545.27,207,5.0
PROD04678,Product_04678,Books,Non-Fiction,Nova,683.99,164,2.8
PROD04679,Product_04679,Books,Fiction,Apex,1458.75,331,4.7
PROD04680,Product_04680,Beauty,Skincare,Zenith,666.47,160,3.2
PROD04681,Product_04681,Home,Chair,Nova,1317.07,484,4.9
PROD04682,Product_04682,Beauty,Makeup,Vertex,1214.66,242,3.3
PROD04683,Product_04683,Fashion,Shoes,Zenith,166.39,469,3.2
PROD04684,Product_04684,Electronics,Headphones,Orion,387.07,413,4.9
PROD04685,Product_04685,Beauty,Fragrance,UrbanX,254.01,133,4.0
PROD04686,Product_04686,Home,Kitchen Appliance,Apex,705.52,61,3.7
PROD04687,Product_04687,Fashion,Jeans,Nova,1313.79,260,2.8
PROD04688,Product_04688,Books,Academic,Nova,453.5,44,4.0
PROD04689,Product_04689,Electronics,Laptop,Apex,491.1,425,3.0
PROD04690,Product_04690,Sports,Fitness Equipment,Apex,140.54,235,4.7
PROD04691,Product_04691,Fashion,Jacket,Zenith,298.75,302,3.1
PROD04692,Product_04692,Electronics,Smartphone,Apex,535.12,202,4.6
PROD04693,Product_04693,Sports,Sportswear,UrbanX,922.24,348,2.9
PROD04694,Product_04694,Fashion,Jeans,Zenith,569.55,418,2.9
PROD04695,Product_04695,Home,Table,Vertex,395.86,91,2.6
PROD04696,Product_04696,Books,Non-Fiction,Zenith,670.69,250,3.2
PROD04697,Product_04697,Home,Table,PrimeTech,424.65,460,3.0
PROD04698,Product_04698,Home,Kitchen Appliance,Orion,289.71,134,3.0
PROD04699,Product_04699,Books,Comics,Orion,438.25,382,3.1
PROD04700,Product_04700,Beauty,Fragrance,PrimeTech,372.36,88,3.0
PROD04701,Product_04701,Fashion,T-Shirt,Vertex,2164.6,203,3.1
PROD04702,Product_04702,Fashion,T-Shirt,UrbanX,183.94,42,3.8
PROD04703,Product_04703,Sports,Fitness Equipment,UrbanX,280.03,8,2.5
PROD04704,Product_04704,Home,Chair,Apex,514.82,217,4.1
PROD04705,Product_04705,Sports,Sportswear,Vertex,337.28,137,3.4
PROD04706,Product_04706,Fashion,Shoes,Apex,254.14,261,3.9
PROD04707,Product_04707,Electronics,Smartwatch,Zenith,114.81,492,4.2
PROD04708,Product_04708,Books,Comics,PrimeTech,684.72,255,3.4
PROD04709,Product_04709,Electronics,Headphones,Zenith,1409.13,79,3.4
PROD04710,Product_04710,Fashion,Jeans,Vertex,380.8,161,3.9
PROD04711,Product_04711,Books,Non-Fiction,Apex,458.92,279,4.9
PROD04712,Product_04712,Home,Chair,Orion,436.67,123,2.9
PROD04713,Product_04713,Sports,Fitness Equipment,Nova,595.27,17,3.9
PROD04714,Product_04714,Books,Comics,UrbanX,434.39,157,3.3
PROD04715,Product_04715,Books,Fiction,Apex,472.65,228,2.6
PROD04716,Product_04716,Beauty,Fragrance,PrimeTech,435.05,239,3.8
PROD04717,Product_04717,Books,Comics,Apex,231.42,313,3.6
PROD04718,Product_04718,Sports,Sportswear,Zenith,663.69,339,4.8
PROD04719,Product_04719,Fashion,Jeans,Apex,544.74,195,2.7
PROD04720,Product_04720,Beauty,Haircare,Apex,628.67,254,2.5
PROD04721,Product_04721,Sports,Sportswear,Apex,1048.88,326,4.9
PROD04722,Product_04722,Electronics,Headphones,Zenith,466.77,476,3.1
PROD04723,Product_04723,Beauty,Makeup,Vertex,363.47,105,2.6
PROD04724,Product_04724,Fashion,T-Shirt,Nova,575.01,313,4.5
PROD04725,Product_04725,Electronics,Laptop,UrbanX,740.03,296,3.3
PROD04726,Product_04726,Fashion,Jeans,UrbanX,681.04,51,3.2
PROD04727,Product_04727,Books,Academic,Apex,531.29,119,4.5
PROD04728,Product_04728,Electronics,Laptop,Zenith,307.93,411,4.6
PROD04729,Product_04729,Fashion,Jeans,Apex,382.62,330,2.7
PROD04730,Product_04730,Fashion,Jacket,PrimeTech,891.55,341,4.0
PROD04731,Product_04731,Electronics,Headphones,Zenith,375.3,85,3.1
PROD04732,Product_04732,Electronics,Smartwatch,UrbanX,125.78,207,4.8
PROD04733,Product_04733,Home,Kitchen Appliance,Vertex,1116.54,467,3.5
PROD04734,Product_04734,Fashion,Jacket,UrbanX,354.73,209,3.5
PROD04735,Product_04735,Books,Fiction,Zenith,528.74,447,4.2
PROD04736,Product_04736,Fashion,Shoes,Apex,461.14,49,2.8
PROD04737,Product_04737,Home,Table,Zenith,471.85,100,3.5
PROD04738,Product_04738,Electronics,Headphones,Zenith,553.98,344,4.2
PROD04739,Product_04739,Home,Chair,UrbanX,298.6,354,2.5
PROD04740,Product_04740,Fashion,Shoes,Apex,665.0,58,4.0
PROD04741,Product_04741,Sports,Running Gear,Orion,320.86,427,4.4
PROD04742,Product_04742,Fashion,Jacket,Vertex,759.15,210,3.1
PROD04743,Product_04743,Sports,Running Gear,Apex,292.45,349,3.1
PROD04744,Product_04744,Books,Non-Fiction,Zenith,492.55,88,3.0
PROD04745,Product_04745,Home,Kitchen Appliance,Vertex,1234.79,222,3.3
PROD04746,Product_04746,Fashion,Jeans,Orion,420.66,384,4.9
PROD04747,Product_04747,Electronics,Smartphone,Apex,671.23,423,3.2
PROD04748,Product_04748,Books,Academic,Zenith,343.95,130,2.9
PROD04749,Product_04749,Home,Kitchen Appliance,Orion,364.64,121,2.9
PROD04750,Product_04750,Home,Chair,PrimeTech,1362.21,359,4.7
PROD04751,Product_04751,Electronics,Laptop,UrbanX,529.85,161,3.1
PROD04752,Product_04752,Fashion,Jacket,Vertex,120.53,196,2.8
PROD04753,Product_04753,Books,Non-Fiction,Apex,444.34,407,3.5
PROD04754,Product_04754,Sports,Outdoor Gear,Zenith,1187.74,98,4.4
PROD04755,Product_04755,Beauty,Fragrance,Nova,2642.26,185,3.5
PROD04756,Product_04756,Beauty,Makeup,UrbanX,289.51,156,3.8
PROD04757,Product_04757,Fashion,Jacket,Vertex,1593.89,163,3.7
PROD04758,Product_04758,Sports,Outdoor Gear,UrbanX,169.99,10,2.6
PROD04759,Product_04759,Beauty,Haircare,Zenith,594.19,205,4.5
PROD04760,Product_04760,Sports,Outdoor Gear,Vertex,932.08,463,4.5
PROD04761,Product_04761,Sports,Fitness Equipment,Zenith,878.32,218,2.8
PROD04762,Product_04762,Fashion,Jeans,Apex,3310.12,70,4.7
PROD04763,Product_04763,Electronics,Smartwatch,Apex,288.73,195,4.8
PROD04764,Product_04764,Fashion,Jeans,UrbanX,290.0,196,4.8
PROD04765,Product_04765,Home,Kitchen Appliance,UrbanX,561.37,162,3.2
PROD04766,Product_04766,Home,Kitchen Appliance,Apex,753.44,476,4.5
PROD04767,Product_04767,Fashion,Jacket,Orion,161.03,417,2.7
PROD04768,Product_04768,Beauty,Fragrance,Apex,200.19,316,3.7
PROD04769,Product_04769,Sports,Outdoor Gear,UrbanX,1005.71,428,3.7
PROD04770,Product_04770,Sports,Sportswear,Zenith,1073.33,32,4.7
PROD04771,Product_04771,Sports,Outdoor Gear,Nova,1380.22,47,3.7
PROD04772,Product_04772,Books,Fiction,Vertex,707.58,29,4.6
PROD04773,Product_04773,Home,Chair,Nova,694.98,367,3.7
PROD04774,Product_04774,Home,Chair,Zenith,271.45,168,4.6
PROD04775,Product_04775,Electronics,Headphones,UrbanX,1015.28,222,2.7
PROD04776,Product_04776,Beauty,Skincare,Apex,831.53,99,2.5
PROD04777,Product_04777,Home,Table,UrbanX,744.2,439,4.5
PROD04778,Product_04778,Home,Lamp,Apex,204.83,354,3.1
PROD04779,Product_04779,Books,Non-Fiction,UrbanX,1785.83,132,4.3
PROD04780,Product_04780,Fashion,Jacket,Nova,268.06,236,4.3
PROD04781,Product_04781,Home,Kitchen Appliance,Apex,330.92,282,5.0
PROD04782,Product_04782,Books,Academic,PrimeTech,359.71,94,4.3
PROD04783,Product_04783,Sports,Sportswear,Orion,541.87,13,3.4
PROD04784,Product_04784,Fashion,Jacket,Zenith,219.62,98,4.3
PROD04785,Product_04785,Home,Lamp,Vertex,343.84,68,4.1
PROD04786,Product_04786,Fashion,Jacket,Apex,368.0,303,3.4
PROD04787,Product_04787,Electronics,Smartwatch,UrbanX,685.68,477,4.0
PROD04788,Product_04788,Home,Chair,Vertex,590.87,394,4.4
PROD04789,Product_04789,Fashion,Jeans,Apex,712.91,228,4.3
PROD04790,Product_04790,Fashion,T-Shirt,UrbanX,632.25,26,4.7
PROD04791,Product_04791,Sports,Outdoor Gear,Zenith,632.81,360,2.9
PROD04792,Product_04792,Books,Fiction,UrbanX,269.81,475,3.1
PROD04793,Product_04793,Beauty,Makeup,Apex,644.72,53,4.3
PROD04794,Product_04794,Sports,Sportswear,Zenith,310.66,69,3.5
PROD04795,Product_04795,Electronics,Smartwatch,Zenith,1187.07,402,3.0
PROD04796,Product_04796,Home,Lamp,Vertex,628.79,419,3.7
PROD04797,Product_04797,Sports,Fitness Equipment,UrbanX,262.39,18,3.1
PROD04798,Product_04798,Sports,Outdoor Gear,UrbanX,244.55,30,4.7
PROD04799,Product_04799,Books,Non-Fiction,Zenith,150.48,205,3.5
PROD04800,Product_04800,Home,Kitchen Appliance,Orion,483.14,141,3.5
PROD04801,Product_04801,Books,Fiction,Vertex,268.17,306,3.5
PROD04802,Product_04802,Beauty,Skincare,Orion,361.28,126,4.2
PROD04803,Product_04803,Books,Fiction,PrimeTech,541.4,363,3.6
PROD04804,Product_04804,Home,Chair,Vertex,815.5,188,3.1
PROD04805,Product_04805,Books,Academic,Zenith,727.34,361,3.0
PROD04806,Product_04806,Beauty,Skincare,UrbanX,1715.92,283,4.6
PROD04807,Product_04807,Sports,Running Gear,Zenith,768.4,7,3.5
PROD04808,Product_04808,Beauty,Makeup,Zenith,797.85,393,3.3
PROD04809,Product_04809,Sports,Fitness Equipment,Apex,321.22,30,4.8
PROD04810,Product_04810,Beauty,Fragrance,Orion,420.93,129,4.1
PROD04811,Product_04811,Electronics,Smartphone,Nova,1810.08,280,4.8
PROD04812,Product_04812,Electronics,Laptop,Orion,670.79,111,4.4
PROD04813,Product_04813,Fashion,Jeans,UrbanX,724.49,60,4.7
PROD04814,Product_04814,Books,Academic,Orion,3590.83,243,4.8
PROD04815,Product_04815,Electronics,Smartwatch,PrimeTech,890.58,301,4.5
PROD04816,Product_04816,Home,Table,Zenith,1286.25,117,4.9
PROD04817,Product_04817,Beauty,Haircare,Zenith,529.41,310,4.0
PROD04818,Product_04818,Beauty,Haircare,Vertex,3518.01,363,4.0
PROD04819,Product_04819,Books,Comics,PrimeTech,567.54,204,3.4
PROD04820,Product_04820,Home,Chair,Nova,481.54,20,4.5
PROD04821,Product_04821,Home,Lamp,Nova,301.67,121,3.8
PROD04822,Product_04822,Fashion,Shoes,Nova,271.36,296,2.9
PROD04823,Product_04823,Home,Table,Apex,642.07,260,3.4
PROD04824,Product_04824,Home,Table,PrimeTech,1424.45,404,4.6
PROD04825,Product_04825,Sports,Outdoor Gear,Zenith,1232.21,159,4.8
PROD04826,Product_04826,Home,Lamp,Zenith,1083.97,278,3.2
PROD04827,Product_04827,Sports,Sportswear,Orion,422.59,99,2.9
PROD04828,Product_04828,Sports,Fitness Equipment,Nova,526.8,482,4.6
PROD04829,Product_04829,Home,Lamp,Zenith,792.68,454,4.2
PROD04830,Product_04830,Books,Comics,Orion,821.65,429,2.7
PROD04831,Product_04831,Electronics,Headphones,Orion,1096.81,459,3.4
PROD04832,Product_04832,Home,Table,Vertex,337.95,124,2.7
PROD04833,Product_04833,Sports,Fitness Equipment,Orion,819.93,113,4.5
PROD04834,Product_04834,Home,Lamp,Nova,570.24,193,4.9
PROD04835,Product_04835,Books,Fiction,Nova,687.19,126,2.6
PROD04836,Product_04836,Fashion,Jacket,PrimeTech,1793.14,36,2.8
PROD04837,Product_04837,Books,Non-Fiction,PrimeTech,135.06,129,3.4
PROD04838,Product_04838,Books,Academic,PrimeTech,606.57,20,2.8
PROD04839,Product_04839,Home,Kitchen Appliance,Vertex,331.06,192,2.7
PROD04840,Product_04840,Sports,Outdoor Gear,Vertex,1095.02,496,3.9
PROD04841,Product_04841,Beauty,Haircare,PrimeTech,1207.08,163,3.5
PROD04842,Product_04842,Books,Non-Fiction,Zenith,231.85,303,3.8
PROD04843,Product_04843,Beauty,Fragrance,Zenith,443.62,372,4.8
PROD04844,Product_04844,Fashion,T-Shirt,Vertex,271.2,198,5.0
PROD04845,Product_04845,Beauty,Fragrance,Orion,650.95,179,4.8
PROD04846,Product_04846,Home,Kitchen Appliance,Apex,279.95,89,3.1
PROD04847,Product_04847,Sports,Outdoor Gear,Orion,2141.34,88,5.0
PROD04848,Product_04848,Home,Kitchen Appliance,Nova,222.51,246,4.8
PROD04849,Product_04849,Beauty,Haircare,PrimeTech,129.33,195,4.9
PROD04850,Product_04850,Books,Academic,Apex,998.8,279,4.2
PROD04851,Product_04851,Sports,Running Gear,Zenith,751.81,252,4.7
PROD04852,Product_04852,Electronics,Smartphone,Nova,401.71,426,3.3
PROD04853,Product_04853,Home,Kitchen Appliance,Vertex,200.3,423,3.6
PROD04854,Product_04854,Electronics,Smartphone,UrbanX,139.6,63,3.9
PROD04855,Product_04855,Fashion,Jacket,Zenith,469.88,398,4.7
PROD04856,Product_04856,Books,Fiction,PrimeTech,1481.38,322,4.5
PROD04857,Product_04857,Sports,Sportswear,Zenith,958.63,5,3.5
PROD04858,Product_04858,Sports,Outdoor Gear,Vertex,199.27,403,2.7
PROD04859,Product_04859,Home,Table,Zenith,158.32,495,3.2
PROD04860,Product_04860,Books,Academic,Zenith,223.17,60,5.0
PROD04861,Product_04861,Fashion,Jeans,Nova,325.28,324,4.0
PROD04862,Product_04862,Electronics,Smartwatch,Vertex,1448.04,103,2.5
PROD04863,Product_04863,Beauty,Skincare,UrbanX,295.61,178,2.8
PROD04864,Product_04864,Beauty,Fragrance,Nova,532.85,469,2.7
PROD04865,Product_04865,Fashion,Jacket,Orion,977.81,222,4.0
PROD04866,Product_04866,Sports,Outdoor Gear,Apex,2742.52,497,2.6
PROD04867,Product_04867,Fashion,Shoes,Vertex,849.05,347,4.1
PROD04868,Product_04868,Books,Comics,Apex,99.0,69,3.0
PROD04869,Product_04869,Home,Lamp,Orion,656.91,384,4.0
PROD04870,Product_04870,Home,Lamp,Apex,942.4,287,2.9
PROD04871,Product_04871,Books,Academic,Apex,319.27,404,2.9
PROD04872,Product_04872,Fashion,T-Shirt,PrimeTech,1100.89,207,2.6
PROD04873,Product_04873,Sports,Running Gear,PrimeTech,222.07,318,4.4
PROD04874,Product_04874,Electronics,Headphones,Zenith,463.27,413,3.7
PROD04875,Product_04875,Fashion,Jacket,PrimeTech,866.39,85,3.8
PROD04876,Product_04876,Electronics,Smartphone,Orion,139.98,387,4.3
PROD04877,Product_04877,Fashion,Jeans,Apex,302.36,46,4.1
PROD04878,Product_04878,Electronics,Smartphone,Apex,557.07,276,3.0
PROD04879,Product_04879,Electronics,Smartwatch,Vertex,287.55,160,3.2
PROD04880,Product_04880,Books,Non-Fiction,Orion,318.42,449,4.7
PROD04881,Product_04881,Home,Kitchen Appliance,PrimeTech,794.43,385,3.6
PROD04882,Product_04882,Books,Comics,UrbanX,1056.12,355,2.6
PROD04883,Product_04883,Beauty,Fragrance,PrimeTech,1207.53,74,4.2
PROD04884,Product_04884,Sports,Running Gear,Apex,450.44,263,2.8
PROD04885,Product_04885,Sports,Sportswear,Orion,1088.12,333,3.3
PROD04886,Product_04886,Books,Non-Fiction,Apex,767.53,274,2.7
PROD04887,Product_04887,Electronics,Laptop,Apex,235.01,50,3.8
PROD04888,Product_04888,Books,Academic,Zenith,310.44,239,3.9
PROD04889,Product_04889,Sports,Outdoor Gear,UrbanX,1535.84,427,3.8
PROD04890,Product_04890,Books,Non-Fiction,Nova,621.82,65,2.6
PROD04891,Product_04891,Books,Academic,Nova,868.14,11,2.6
PROD04892,Product_04892,Fashion,T-Shirt,Apex,1891.39,313,3.4
PROD04893,Product_04893,Books,Fiction,UrbanX,2370.02,232,4.8
PROD04894,Product_04894,Books,Fiction,Apex,825.19,269,4.0
PROD04895,Product_04895,Books,Non-Fiction,Vertex,682.75,362,4.2
PROD04896,Product_04896,Beauty,Makeup,Zenith,579.52,275,3.0
PROD04897,Product_04897,Fashion,Jacket,PrimeTech,1355.97,422,4.1
PROD04898,Product_04898,Sports,Outdoor Gear,Orion,349.21,449,4.0
PROD04899,Product_04899,Home,Kitchen Appliance,Apex,380.34,93,3.8
PROD04900,Product_04900,Books,Comics,Orion,345.52,205,4.3
PROD04901,Product_04901,Sports,Sportswear,Apex,162.69,263,3.9
PROD04902,Product_04902,Beauty,Fragrance,Vertex,146.35,24,2.8
PROD04903,Product_04903,Home,Table,Zenith,535.27,72,3.2
PROD04904,Product_04904,Fashion,Shoes,Orion,452.83,2,4.8
PROD04905,Product_04905,Books,Academic,Vertex,291.95,178,2.8
PROD04906,Product_04906,Sports,Running Gear,Vertex,818.45,249,3.1
PROD04907,Product_04907,Electronics,Laptop,PrimeTech,149.28,325,3.6
PROD04908,Product_04908,Sports,Outdoor Gear,Nova,315.09,434,3.0
PROD04909,Product_04909,Books,Comics,Vertex,99.0,35,3.4
PROD04910,Product_04910,Sports,Running Gear,UrbanX,1436.32,161,3.6
PROD04911,Product_04911,Books,Academic,Vertex,426.88,173,2.7
PROD04912,Product_04912,Sports,Fitness Equipment,Zenith,351.55,15,3.6
PROD04913,Product_04913,Sports,Sportswear,Nova,263.69,283,3.7
PROD04914,Product_04914,Sports,Outdoor Gear,UrbanX,160.85,275,2.9
PROD04915,Product_04915,Beauty,Makeup,Vertex,1271.79,458,4.5
PROD04916,Product_04916,Beauty,Skincare,PrimeTech,118.48,17,4.8
PROD04917,Product_04917,Fashion,Jacket,Zenith,654.18,290,2.6
PROD04918,Product_04918,Sports,Running Gear,UrbanX,745.2,231,3.6
PROD04919,Product_04919,Books,Academic,Apex,1147.3,418,4.0
PROD04920,Product_04920,Home,Table,Orion,446.07,70,3.6
PROD04921,Product_04921,Home,Kitchen Appliance,Orion,195.01,286,4.7
PROD04922,Product_04922,Sports,Running Gear,PrimeTech,990.07,463,4.1
PROD04923,Product_04923,Home,Table,Apex,1110.74,279,2.9
PROD04924,Product_04924,Fashion,Jacket,Nova,622.13,0,4.9
PROD04925,Product_04925,Beauty,Fragrance,PrimeTech,396.85,479,4.3
PROD04926,Product_04926,Books,Academic,Orion,2040.18,285,2.6
PROD04927,Product_04927,Books,Non-Fiction,Vertex,210.48,16,4.6
PROD04928,Product_04928,Books,Comics,Orion,432.12,191,3.8
PROD04929,Product_04929,Fashion,Jacket,PrimeTech,419.0,196,4.4
PROD04930,Product_04930,Electronics,Smartphone,Apex,2111.06,371,4.5
PROD04931,Product_04931,Home,Lamp,Vertex,201.43,182,3.1
PROD04932,Product_04932,Electronics,Smartphone,Zenith,449.15,23,4.9
PROD04933,Product_04933,Fashion,Jeans,UrbanX,323.55,303,3.9
PROD04934,Product_04934,Fashion,T-Shirt,Vertex,265.95,465,4.5
PROD04935,Product_04935,Electronics,Smartwatch,Zenith,1116.48,340,4.9
PROD04936,Product_04936,Home,Table,Orion,248.65,493,4.8
PROD04937,Product_04937,Books,Fiction,Apex,3397.05,322,3.1
PROD04938,Product_04938,Fashion,Jeans,Orion,358.25,69,3.1
PROD04939,Product_04939,Fashion,Jacket,PrimeTech,1138.69,237,3.0
PROD04940,Product_04940,Sports,Running Gear,UrbanX,195.62,398,2.8
PROD04941,Product_04941,Electronics,Smartphone,Nova,319.97,477,2.6
PROD04942,Product_04942,Home,Chair,Orion,216.02,112,4.8
PROD04943,Product_04943,Books,Non-Fiction,Vertex,731.73,140,2.8
PROD04944,Product_04944,Fashion,Jeans,Apex,1500.19,416,4.2
PROD04945,Product_04945,Home,Lamp,Vertex,508.43,267,3.0
PROD04946,Product_04946,Electronics,Headphones,Zenith,2621.65,280,4.7
PROD04947,Product_04947,Fashion,Jeans,Apex,145.91,176,3.4
PROD04948,Product_04948,Beauty,Makeup,Vertex,569.92,115,4.5
PROD04949,Product_04949,Home,Chair,UrbanX,267.98,192,4.9
PROD04950,Product_04950,Fashion,Jacket,Zenith,596.92,160,3.2
PROD04951,Product_04951,Home,Lamp,UrbanX,701.4,473,2.8
PROD04952,Product_04952,Books,Comics,PrimeTech,310.67,310,4.7
PROD04953,Product_04953,Sports,Fitness Equipment,Orion,877.44,483,3.9
PROD04954,Product_04954,Beauty,Haircare,Vertex,365.97,34,3.7
PROD04955,Product_04955,Fashion,Jacket,Nova,119.03,261,3.1
PROD04956,Product_04956,Electronics,Smartwatch,Orion,873.91,157,3.5
PROD04957,Product_04957,Books,Academic,UrbanX,430.23,430,4.7
PROD04958,Product_04958,Home,Table,Zenith,471.6,139,4.0
PROD04959,Product_04959,Home,Lamp,Vertex,2377.13,257,3.9
PROD04960,Product_04960,Electronics,Smartphone,Orion,1029.22,187,2.6
PROD04961,Product_04961,Books,Academic,Orion,916.23,463,3.3
PROD04962,Product_04962,Fashion,T-Shirt,Orion,568.43,463,4.7
PROD04963,Product_04963,Fashion,Shoes,Apex,287.88,103,4.6
PROD04964,Product_04964,Fashion,Shoes,Nova,339.82,133,4.0
PROD04965,Product_04965,Home,Table,Orion,437.07,451,2.8
PROD04966,Product_04966,Beauty,Haircare,Apex,1015.53,244,4.7
PROD04967,Product_04967,Sports,Running Gear,Zenith,423.95,241,4.2
PROD04968,Product_04968,Beauty,Haircare,PrimeTech,370.02,422,4.9
PROD04969,Product_04969,Electronics,Smartwatch,Vertex,1871.85,229,4.8
PROD04970,Product_04970,Electronics,Laptop,Zenith,663.81,357,3.1
PROD04971,Product_04971,Home,Kitchen Appliance,Apex,427.75,290,3.8
PROD04972,Product_04972,Home,Lamp,Nova,347.58,97,3.7
PROD04973,Product_04973,Beauty,Makeup,Apex,819.16,120,3.1
PROD04974,Product_04974,Electronics,Smartwatch,Nova,396.87,268,3.3
PROD04975,Product_04975,Books,Comics,Apex,731.79,105,4.9
PROD04976,Product_04976,Sports,Sportswear,Apex,1010.22,171,2.6
PROD04977,Product_04977,Beauty,Haircare,PrimeTech,315.21,349,4.6
PROD04978,Product_04978,Electronics,Smartwatch,Vertex,788.09,495,4.3
PROD04979,Product_04979,Beauty,Makeup,Apex,384.61,19,2.7
PROD04980,Product_04980,Home,Table,UrbanX,142.89,12,3.7
PROD04981,Product_04981,Home,Lamp,Orion,578.67,398,3.4
PROD04982,Product_04982,Beauty,Skincare,UrbanX,854.04,433,3.6
PROD04983,Product_04983,Home,Kitchen Appliance,Apex,375.71,6,3.6
PROD04984,Product_04984,Fashion,T-Shirt,Vertex,1058.83,371,3.4
PROD04985,Product_04985,Beauty,Makeup,Orion,456.03,51,3.1
PROD04986,Product_04986,Sports,Outdoor Gear,Zenith,901.77,496,4.4
PROD04987,Product_04987,Sports,Sportswear,PrimeTech,570.63,395,2.7
PROD04988,Product_04988,Home,Lamp,Zenith,230.87,391,4.9
PROD04989,Product_04989,Home,Chair,PrimeTech,1702.72,255,4.7
PROD04990,Product_04990,Beauty,Skincare,Vertex,233.2,407,2.7
PROD04991,Product_04991,Home,Lamp,UrbanX,381.16,17,3.5
PROD04992,Product_04992,Fashion,Shoes,Zenith,576.11,338,4.5
PROD04993,Product_04993,Home,Kitchen Appliance,Zenith,407.29,380,4.3
PROD04994,Product_04994,Sports,Sportswear,Nova,216.84,196,4.1
PROD04995,Product_04995,Electronics,Headphones,Nova,184.23,372,3.4
PROD04996,Product_04996,Books,Academic,Nova,281.77,103,3.8
PROD04997,Product_04997,Beauty,Makeup,Vertex,394.75,285,4.1
PROD04998,Product_04998,Fashion,Shoes,Vertex,2124.59,359,2.7
PROD04999,Product_04999,Sports,Sportswear,Orion,857.06,331,3.0
PROD05000,Product_05000,Beauty,Makeup,Orion,514.22,159,2.7
PROD05001,Product_05001,Home,Chair,UrbanX,1261.29,344,2.9
PROD05002,Product_05002,Electronics,Laptop,Orion,307.08,438,5.0
PROD05003,Product_05003,Electronics,Smartphone,UrbanX,786.98,374,4.3
PROD05004,Product_05004,Sports,Outdoor Gear,Vertex,1751.02,363,5.0
PROD05005,Product_05005,Beauty,Haircare,Vertex,1128.53,120,3.1
PROD05006,Product_05006,Home,Chair,Zenith,901.92,19,3.0
PROD05007,Product_05007,Electronics,Smartwatch,Zenith,1731.08,101,4.4
PROD05008,Product_05008,Home,Table,Zenith,666.93,185,4.5
PROD05009,Product_05009,Home,Chair,Vertex,685.71,212,4.6
PROD05010,Product_05010,Books,Non-Fiction,Orion,216.95,79,4.9
PROD05011,Product_05011,Beauty,Fragrance,Nova,306.36,355,3.0
PROD05012,Product_05012,Sports,Outdoor Gear,PrimeTech,568.92,305,4.8
PROD05013,Product_05013,Books,Fiction,Zenith,447.88,106,3.6
PROD05014,Product_05014,Home,Table,PrimeTech,559.46,176,3.9
PROD05015,Product_05015,Sports,Sportswear,Vertex,780.39,207,4.8
PROD05016,Product_05016,Books,Comics,Nova,423.24,36,3.4
PROD05017,Product_05017,Electronics,Headphones,Nova,990.78,59,4.7
PROD05018,Product_05018,Books,Non-Fiction,UrbanX,169.25,375,3.7
PROD05019,Product_05019,Electronics,Smartphone,Orion,249.91,111,3.3
PROD05020,Product_05020,Electronics,Smartphone,Zenith,664.18,436,3.0
PROD05021,Product_05021,Books,Non-Fiction,PrimeTech,131.17,500,4.8
PROD05022,Product_05022,Books,Fiction,PrimeTech,258.27,357,2.8
PROD05023,Product_05023,Beauty,Haircare,PrimeTech,402.06,421,2.6
PROD05024,Product_05024,Beauty,Haircare,Nova,1795.24,13,4.5
PROD05025,Product_05025,Sports,Fitness Equipment,PrimeTech,415.16,59,2.8
PROD05026,Product_05026,Books,Non-Fiction,Orion,271.54,129,2.9
PROD05027,Product_05027,Sports,Fitness Equipment,PrimeTech,449.32,144,4.3
PROD05028,Product_05028,Home,Table,Zenith,657.06,215,3.8
PROD05029,Product_05029,Home,Table,Zenith,595.34,142,3.1
PROD05030,Product_05030,Fashion,Shoes,PrimeTech,253.03,280,4.4
PROD05031,Product_05031,Home,Table,UrbanX,2280.67,86,3.2
PROD05032,Product_05032,Home,Chair,PrimeTech,1142.24,2,4.3
PROD05033,Product_05033,Sports,Running Gear,Orion,1215.87,239,4.4
PROD05034,Product_05034,Books,Non-Fiction,Nova,294.01,385,4.2
PROD05035,Product_05035,Home,Kitchen Appliance,Vertex,302.06,343,2.7
PROD05036,Product_05036,Fashion,Shoes,Orion,397.94,355,3.8
PROD05037,Product_05037,Electronics,Smartphone,Orion,307.46,7,2.8
PROD05038,Product_05038,Sports,Outdoor Gear,Vertex,553.77,447,4.0
PROD05039,Product_05039,Home,Table,Orion,1151.57,260,3.9
PROD05040,Product_05040,Electronics,Smartphone,Orion,686.19,299,3.1
PROD05041,Product_05041,Books,Comics,Vertex,766.2,302,4.9
PROD05042,Product_05042,Books,Non-Fiction,Zenith,460.7,140,4.8
PROD05043,Product_05043,Beauty,Haircare,Nova,294.15,228,4.6
PROD05044,Product_05044,Books,Comics,Orion,797.2,462,4.0
PROD05045,Product_05045,Sports,Running Gear,UrbanX,530.48,488,4.0
PROD05046,Product_05046,Beauty,Makeup,Nova,641.82,245,2.9
PROD05047,Product_05047,Electronics,Smartwatch,Zenith,1366.21,385,4.9
PROD05048,Product_05048,Fashion,Shoes,Nova,528.68,1,5.0
PROD05049,Product_05049,Electronics,Laptop,PrimeTech,1333.57,73,4.4
PROD05050,Product_05050,Fashion,Jeans,Vertex,927.86,372,4.9
PROD05051,Product_05051,Beauty,Haircare,Zenith,712.46,204,3.3
PROD05052,Product_05052,Electronics,Laptop,Vertex,280.9,244,4.7
PROD05053,Product_05053,Electronics,Laptop,Zenith,765.25,57,2.5
PROD05054,Product_05054,Home,Kitchen Appliance,UrbanX,907.1,255,4.7
PROD05055,Product_05055,Beauty,Makeup,Orion,254.51,295,3.2
PROD05056,Product_05056,Electronics,Headphones,UrbanX,1035.79,0,4.2
PROD05057,Product_05057,Books,Comics,Vertex,1514.67,79,4.2
PROD05058,Product_05058,Beauty,Haircare,Vertex,783.21,457,2.8
PROD05059,Product_05059,Sports,Sportswear,Zenith,329.9,257,3.0
PROD05060,Product_05060,Fashion,Shoes,Nova,850.37,82,3.2
PROD05061,Product_05061,Fashion,Jacket,Apex,363.4,169,4.2
PROD05062,Product_05062,Electronics,Smartwatch,Apex,744.38,25,4.9
PROD05063,Product_05063,Home,Lamp,Vertex,827.68,88,3.9
PROD05064,Product_05064,Sports,Outdoor Gear,PrimeTech,192.3,189,3.2
PROD05065,Product_05065,Beauty,Skincare,Zenith,396.73,193,2.7
PROD05066,Product_05066,Home,Table,PrimeTech,246.47,403,3.4
PROD05067,Product_05067,Electronics,Laptop,Orion,225.96,332,3.0
PROD05068,Product_05068,Sports,Fitness Equipment,Nova,292.64,292,3.7
PROD05069,Product_05069,Sports,Outdoor Gear,UrbanX,181.69,268,4.2
PROD05070,Product_05070,Electronics,Smartphone,Nova,405.71,41,3.5
PROD05071,Product_05071,Home,Lamp,PrimeTech,670.11,48,3.4
PROD05072,Product_05072,Beauty,Fragrance,Zenith,718.95,404,4.4
PROD05073,Product_05073,Home,Table,Zenith,410.52,6,4.3
PROD05074,Product_05074,Electronics,Headphones,Vertex,573.98,281,3.7
PROD05075,Product_05075,Books,Non-Fiction,Apex,2019.96,235,4.5
PROD05076,Product_05076,Fashion,Jeans,Vertex,682.04,294,3.9
PROD05077,Product_05077,Books,Non-Fiction,Orion,1138.87,227,3.5
PROD05078,Product_05078,Fashion,Shoes,PrimeTech,863.72,141,4.9
PROD05079,Product_05079,Sports,Outdoor Gear,Apex,1171.47,362,3.1
PROD05080,Product_05080,Home,Table,Vertex,526.38,185,3.2
PROD05081,Product_05081,Fashion,Shoes,Vertex,609.88,11,2.6
PROD05082,Product_05082,Beauty,Skincare,Apex,489.92,96,4.3
PROD05083,Product_05083,Sports,Sportswear,Vertex,644.98,51,2.7
PROD05084,Product_05084,Sports,Outdoor Gear,Zenith,570.17,300,4.9
PROD05085,Product_05085,Books,Non-Fiction,Apex,1051.78,332,3.9
PROD05086,Product_05086,Beauty,Fragrance,Vertex,713.18,24,3.3
PROD05087,Product_05087,Books,Comics,Orion,935.65,321,3.2
PROD05088,Product_05088,Electronics,Smartwatch,UrbanX,397.09,57,4.3
PROD05089,Product_05089,Beauty,Fragrance,Vertex,1312.0,285,4.8
PROD05090,Product_05090,Electronics,Laptop,UrbanX,298.42,47,3.2
PROD05091,Product_05091,Sports,Sportswear,UrbanX,308.46,186,3.9
PROD05092,Product_05092,Home,Kitchen Appliance,Zenith,1028.8,45,2.9
PROD05093,Product_05093,Electronics,Headphones,Orion,600.46,217,3.8
PROD05094,Product_05094,Fashion,Jacket,Nova,246.36,254,2.5
PROD05095,Product_05095,Beauty,Skincare,Vertex,880.15,420,3.6
PROD05096,Product_05096,Beauty,Fragrance,UrbanX,476.26,349,4.4
PROD05097,Product_05097,Books,Non-Fiction,PrimeTech,573.64,258,4.6
PROD05098,Product_05098,Home,Chair,Orion,153.55,77,4.0
PROD05099,Product_05099,Beauty,Skincare,Apex,1211.36,193,4.7
PROD05100,Product_05100,Sports,Sportswear,UrbanX,622.78,325,4.6
PROD05101,Product_05101,Fashion,Jacket,PrimeTech,492.84,45,4.0
PROD05102,Product_05102,Sports,Running Gear,Apex,99.0,222,4.3
PROD05103,Product_05103,Home,Lamp,Vertex,472.9,119,3.0
PROD05104,Product_05104,Sports,Outdoor Gear,Nova,1107.01,409,3.7
PROD05105,Product_05105,Electronics,Smartphone,PrimeTech,351.94,304,3.7
PROD05106,Product_05106,Books,Fiction,Orion,673.87,343,4.0
PROD05107,Product_05107,Books,Non-Fiction,Orion,151.12,374,3.6
PROD05108,Product_05108,Home,Lamp,PrimeTech,708.93,263,3.2
PROD05109,Product_05109,Fashion,Jacket,Vertex,403.86,345,3.8
PROD05110,Product_05110,Beauty,Fragrance,PrimeTech,2535.15,140,3.0
PROD05111,Product_05111,Home,Kitchen Appliance,Zenith,737.74,214,4.8
PROD05112,Product_05112,Sports,Outdoor Gear,Orion,346.5,430,4.9
PROD05113,Product_05113,Fashion,Jeans,PrimeTech,241.44,88,5.0
PROD05114,Product_05114,Fashion,T-Shirt,Orion,1147.41,192,3.5
PROD05115,Product_05115,Fashion,Jacket,Vertex,326.48,232,3.8
PROD05116,Product_05116,Books,Academic,Apex,393.79,484,3.3
PROD05117,Product_05117,Beauty,Skincare,UrbanX,351.99,81,3.1
PROD05118,Product_05118,Books,Comics,Apex,301.07,80,4.4
PROD05119,Product_05119,Sports,Sportswear,Nova,537.95,310,4.4
PROD05120,Product_05120,Fashion,Jacket,PrimeTech,289.43,245,4.2
PROD05121,Product_05121,Beauty,Fragrance,UrbanX,285.26,148,4.0
PROD05122,Product_05122,Electronics,Laptop,Zenith,647.94,433,2.5
PROD05123,Product_05123,Electronics,Laptop,Apex,116.58,63,4.8
PROD05124,Product_05124,Electronics,Smartphone,Vertex,279.33,359,4.8
PROD05125,Product_05125,Beauty,Fragrance,Zenith,696.22,139,4.2
PROD05126,Product_05126,Sports,Sportswear,Zenith,4741.03,383,4.6
PROD05127,Product_05127,Electronics,Laptop,Vertex,834.55,103,2.7
PROD05128,Product_05128,Fashion,T-Shirt,UrbanX,219.05,292,4.6
PROD05129,Product_05129,Fashion,Jacket,PrimeTech,235.34,111,4.4
PROD05130,Product_05130,Beauty,Skincare,UrbanX,772.51,411,3.1
PROD05131,Product_05131,Books,Academic,Apex,956.74,410,4.3
PROD05132,Product_05132,Beauty,Makeup,Orion,138.36,466,2.9
PROD05133,Product_05133,Sports,Sportswear,Orion,175.66,435,2.9
PROD05134,Product_05134,Beauty,Skincare,Zenith,2259.04,284,3.0
PROD05135,Product_05135,Fashion,Shoes,UrbanX,727.3,82,3.7
PROD05136,Product_05136,Electronics,Smartphone,Zenith,608.88,426,3.4
PROD05137,Product_05137,Electronics,Headphones,Zenith,327.67,117,4.7
PROD05138,Product_05138,Books,Non-Fiction,Apex,305.21,55,2.8
PROD05139,Product_05139,Books,Fiction,Apex,540.75,13,4.1
PROD05140,Product_05140,Fashion,T-Shirt,Apex,518.63,358,3.0
PROD05141,Product_05141,Fashion,T-Shirt,Nova,564.34,443,4.7
PROD05142,Product_05142,Electronics,Smartphone,Nova,600.23,355,3.4
PROD05143,Product_05143,Electronics,Laptop,Apex,165.79,280,4.6
PROD05144,Product_05144,Electronics,Smartphone,PrimeTech,1146.22,316,3.0
PROD05145,Product_05145,Electronics,Laptop,Vertex,505.75,47,3.1
PROD05146,Product_05146,Home,Lamp,Nova,777.52,311,2.7
PROD05147,Product_05147,Beauty,Fragrance,PrimeTech,564.15,122,2.6
PROD05148,Product_05148,Home,Table,Vertex,179.75,5,4.7
PROD05149,Product_05149,Books,Comics,Orion,361.68,15,4.8
PROD05150,Product_05150,Electronics,Smartwatch,PrimeTech,1109.31,46,2.7
PROD05151,Product_05151,Fashion,Jacket,Vertex,99.0,183,2.6
PROD05152,Product_05152,Fashion,T-Shirt,UrbanX,504.62,326,4.4
PROD05153,Product_05153,Home,Lamp,Vertex,1010.57,325,2.6
PROD05154,Product_05154,Books,Non-Fiction,Nova,1870.27,295,3.2
PROD05155,Product_05155,Fashion,Jacket,PrimeTech,873.46,400,2.9
PROD05156,Product_05156,Books,Academic,PrimeTech,609.3,248,3.7
PROD05157,Product_05157,Beauty,Fragrance,Zenith,1046.18,468,2.9
PROD05158,Product_05158,Books,Non-Fiction,UrbanX,831.83,124,4.0
PROD05159,Product_05159,Home,Chair,Zenith,663.91,448,3.2
PROD05160,Product_05160,Sports,Outdoor Gear,Vertex,453.64,135,4.3
PROD05161,Product_05161,Books,Comics,Apex,436.99,23,3.3
PROD05162,Product_05162,Beauty,Skincare,Apex,448.13,123,2.6
PROD05163,Product_05163,Electronics,Headphones,Nova,213.96,414,4.7
PROD05164,Product_05164,Electronics,Smartwatch,Zenith,392.24,261,3.1
PROD05165,Product_05165,Sports,Running Gear,Vertex,458.6,387,2.6
PROD05166,Product_05166,Sports,Running Gear,Apex,1191.25,214,3.8
PROD05167,Product_05167,Beauty,Makeup,PrimeTech,355.3,286,4.5
PROD05168,Product_05168,Beauty,Skincare,UrbanX,378.39,227,3.5
PROD05169,Product_05169,Home,Chair,UrbanX,450.72,407,2.7
PROD05170,Product_05170,Sports,Fitness Equipment,Orion,1270.23,205,3.8
PROD05171,Product_05171,Fashion,Jacket,Orion,324.16,125,3.4
PROD05172,Product_05172,Fashion,T-Shirt,Nova,611.37,212,2.5
PROD05173,Product_05173,Beauty,Makeup,Nova,428.54,164,3.1
PROD05174,Product_05174,Home,Lamp,Vertex,835.54,50,4.8
PROD05175,Product_05175,Books,Non-Fiction,Orion,342.19,429,2.6
PROD05176,Product_05176,Beauty,Haircare,UrbanX,511.97,352,4.8
PROD05177,Product_05177,Home,Table,Orion,259.49,207,4.2
PROD05178,Product_05178,Fashion,Jeans,Apex,375.49,328,3.5
PROD05179,Product_05179,Fashion,T-Shirt,Vertex,347.13,301,3.3
PROD05180,Product_05180,Electronics,Laptop,Orion,343.54,300,4.6
PROD05181,Product_05181,Beauty,Fragrance,Zenith,783.84,476,5.0
PROD05182,Product_05182,Sports,Sportswear,UrbanX,457.99,387,3.9
PROD05183,Product_05183,Fashion,T-Shirt,Apex,667.79,170,3.3
PROD05184,Product_05184,Beauty,Haircare,Orion,769.63,252,4.2
PROD05185,Product_05185,Fashion,T-Shirt,Zenith,506.64,223,4.5
PROD05186,Product_05186,Sports,Running Gear,PrimeTech,965.02,230,4.1
PROD05187,Product_05187,Fashion,Jacket,PrimeTech,1331.26,95,2.5
PROD05188,Product_05188,Sports,Running Gear,UrbanX,447.67,47,3.3
PROD05189,Product_05189,Sports,Outdoor Gear,Nova,4937.61,383,2.9
PROD05190,Product_05190,Books,Academic,Apex,424.29,384,4.7
PROD05191,Product_05191,Fashion,Shoes,Zenith,467.53,317,3.2
PROD05192,Product_05192,Electronics,Laptop,Zenith,951.08,212,3.2
PROD05193,Product_05193,Sports,Running Gear,PrimeTech,1191.72,386,4.6
PROD05194,Product_05194,Books,Comics,Zenith,364.52,453,4.9
PROD05195,Product_05195,Sports,Sportswear,UrbanX,301.18,188,4.0
PROD05196,Product_05196,Home,Kitchen Appliance,PrimeTech,161.92,336,3.1
PROD05197,Product_05197,Home,Kitchen Appliance,Nova,140.47,126,3.3
PROD05198,Product_05198,Books,Academic,UrbanX,632.86,243,4.5
PROD05199,Product_05199,Sports,Running Gear,Apex,2826.57,36,4.0
PROD05200,Product_05200,Sports,Outdoor Gear,Nova,361.79,172,3.3
PROD05201,Product_05201,Books,Fiction,Apex,2079.36,327,4.8
PROD05202,Product_05202,Electronics,Laptop,Vertex,209.97,290,3.5
PROD05203,Product_05203,Home,Kitchen Appliance,Zenith,451.65,101,2.8
PROD05204,Product_05204,Electronics,Smartphone,Nova,981.89,370,3.2
PROD05205,Product_05205,Beauty,Haircare,UrbanX,164.65,77,2.6
PROD05206,Product_05206,Books,Non-Fiction,Zenith,976.25,267,3.9
PROD05207,Product_05207,Sports,Sportswear,Nova,429.47,376,4.2
PROD05208,Product_05208,Sports,Outdoor Gear,Apex,1295.35,353,3.5
PROD05209,Product_05209,Beauty,Fragrance,UrbanX,687.12,366,3.4
PROD05210,Product_05210,Books,Fiction,Nova,362.17,183,4.9
PROD05211,Product_05211,Electronics,Headphones,Vertex,582.73,467,3.4
PROD05212,Product_05212,Sports,Running Gear,Orion,752.15,204,4.1
PROD05213,Product_05213,Books,Academic,Zenith,1140.43,482,4.5
PROD05214,Product_05214,Sports,Outdoor Gear,Orion,852.24,223,3.4
PROD05215,Product_05215,Books,Non-Fiction,PrimeTech,441.48,86,4.8
PROD05216,Product_05216,Fashion,Jeans,Vertex,1733.39,425,4.3
PROD05217,Product_05217,Fashion,T-Shirt,UrbanX,463.15,353,3.5
PROD05218,Product_05218,Sports,Sportswear,Zenith,515.58,224,4.1
PROD05219,Product_05219,Electronics,Smartphone,UrbanX,1436.61,26,4.2
PROD05220,Product_05220,Electronics,Laptop,Zenith,602.56,413,4.8
PROD05221,Product_05221,Books,Non-Fiction,PrimeTech,544.15,123,4.1
PROD05222,Product_05222,Books,Fiction,UrbanX,1710.07,489,4.3
PROD05223,Product_05223,Electronics,Headphones,Apex,412.03,378,3.4
PROD05224,Product_05224,Electronics,Headphones,PrimeTech,524.73,108,3.3
PROD05225,Product_05225,Books,Comics,Vertex,247.06,321,4.0
PROD05226,Product_05226,Beauty,Skincare,PrimeTech,1035.82,44,4.5
PROD05227,Product_05227,Electronics,Smartwatch,Zenith,531.67,83,3.2
PROD05228,Product_05228,Books,Non-Fiction,Nova,801.83,168,3.4
PROD05229,Product_05229,Fashion,Jacket,Apex,456.15,297,4.8
PROD05230,Product_05230,Sports,Outdoor Gear,Vertex,564.95,40,2.9
PROD05231,Product_05231,Sports,Fitness Equipment,Orion,611.81,7,3.2
PROD05232,Product_05232,Home,Kitchen Appliance,PrimeTech,677.82,119,4.6
PROD05233,Product_05233,Home,Lamp,PrimeTech,196.86,323,2.7
PROD05234,Product_05234,Books,Non-Fiction,UrbanX,352.09,133,2.6
PROD05235,Product_05235,Home,Table,Nova,295.35,283,3.5
PROD05236,Product_05236,Electronics,Laptop,PrimeTech,465.03,440,5.0
PROD05237,Product_05237,Fashion,T-Shirt,UrbanX,592.21,23,3.6
PROD05238,Product_05238,Electronics,Smartwatch,Nova,863.31,442,2.5
PROD05239,Product_05239,Home,Chair,UrbanX,952.19,220,3.8
PROD05240,Product_05240,Electronics,Laptop,Vertex,2381.81,294,3.3
PROD05241,Product_05241,Electronics,Smartwatch,UrbanX,1247.87,403,4.4
PROD05242,Product_05242,Electronics,Laptop,PrimeTech,160.37,18,2.8
PROD05243,Product_05243,Books,Comics,Orion,318.86,186,3.1
PROD05244,Product_05244,Home,Kitchen Appliance,UrbanX,248.62,461,4.8
PROD05245,Product_05245,Fashion,Jacket,Vertex,1708.13,121,2.8
PROD05246,Product_05246,Books,Non-Fiction,Zenith,283.97,135,4.1
PROD05247,Product_05247,Beauty,Skincare,Vertex,143.85,475,3.8
PROD05248,Product_05248,Fashion,Shoes,UrbanX,1612.06,316,3.3
PROD05249,Product_05249,Sports,Running Gear,Apex,1318.14,394,4.1
PROD05250,Product_05250,Electronics,Smartphone,Vertex,3978.65,105,3.5
PROD05251,Product_05251,Books,Comics,Zenith,1311.05,130,3.0
PROD05252,Product_05252,Books,Non-Fiction,Vertex,1033.03,26,4.0
PROD05253,Product_05253,Sports,Fitness Equipment,Vertex,385.22,349,4.4
PROD05254,Product_05254,Beauty,Skincare,Vertex,485.68,76,4.9
PROD05255,Product_05255,Sports,Fitness Equipment,UrbanX,879.8,449,4.1
PROD05256,Product_05256,Beauty,Fragrance,Orion,666.27,431,3.9
PROD05257,Product_05257,Fashion,Jacket,PrimeTech,534.64,414,4.2
PROD05258,Product_05258,Beauty,Haircare,Orion,1399.32,17,4.5
PROD05259,Product_05259,Beauty,Skincare,Zenith,1573.21,490,4.3
PROD05260,Product_05260,Fashion,Jeans,Apex,543.83,69,2.8
PROD05261,Product_05261,Books,Non-Fiction,Apex,141.95,187,3.2
PROD05262,Product_05262,Books,Fiction,Zenith,236.88,35,3.1
PROD05263,Product_05263,Books,Comics,Orion,1449.39,26,2.8
PROD05264,Product_05264,Books,Fiction,Apex,386.68,294,3.0
PROD05265,Product_05265,Fashion,T-Shirt,Nova,2303.98,199,4.6
PROD05266,Product_05266,Fashion,T-Shirt,PrimeTech,500.9,470,4.6
PROD05267,Product_05267,Sports,Running Gear,Vertex,178.41,439,3.1
PROD05268,Product_05268,Electronics,Laptop,Vertex,239.83,234,3.0
PROD05269,Product_05269,Fashion,Jeans,Orion,198.42,175,3.7
PROD05270,Product_05270,Books,Fiction,UrbanX,757.73,7,2.6
PROD05271,Product_05271,Beauty,Fragrance,Nova,492.59,5,4.2
PROD05272,Product_05272,Electronics,Smartphone,Zenith,217.3,34,3.9
PROD05273,Product_05273,Beauty,Fragrance,Zenith,657.34,421,4.6
PROD05274,Product_05274,Books,Comics,Apex,138.87,112,3.5
PROD05275,Product_05275,Home,Lamp,Nova,770.17,164,3.6
PROD05276,Product_05276,Sports,Sportswear,Nova,1323.93,423,3.7
PROD05277,Product_05277,Books,Comics,Orion,510.92,49,3.5
PROD05278,Product_05278,Electronics,Headphones,UrbanX,429.39,44,4.7
PROD05279,Product_05279,Home,Lamp,UrbanX,635.85,487,4.9
PROD05280,Product_05280,Fashion,Jeans,UrbanX,570.19,202,4.8
PROD05281,Product_05281,Electronics,Laptop,Zenith,568.07,195,2.8
PROD05282,Product_05282,Home,Chair,UrbanX,722.74,405,4.8
PROD05283,Product_05283,Books,Academic,Zenith,225.9,134,4.8
PROD05284,Product_05284,Books,Comics,Apex,154.26,339,3.8
PROD05285,Product_05285,Sports,Sportswear,Apex,708.9,73,4.8
PROD05286,Product_05286,Electronics,Smartphone,Zenith,227.31,119,3.1
PROD05287,Product_05287,Sports,Running Gear,Apex,533.52,157,2.6
PROD05288,Product_05288,Fashion,T-Shirt,Apex,262.62,378,3.3
PROD05289,Product_05289,Fashion,Jacket,PrimeTech,1799.41,289,2.8
PROD05290,Product_05290,Electronics,Smartwatch,UrbanX,609.47,487,2.6
PROD05291,Product_05291,Fashion,Jacket,Apex,293.04,14,2.8
PROD05292,Product_05292,Fashion,Jeans,Apex,473.89,43,2.7
PROD05293,Product_05293,Electronics,Headphones,PrimeTech,1946.74,367,4.1
PROD05294,Product_05294,Books,Fiction,Zenith,666.53,29,3.0
PROD05295,Product_05295,Sports,Fitness Equipment,PrimeTech,1686.11,299,4.0
PROD05296,Product_05296,Home,Kitchen Appliance,Vertex,2081.23,304,3.9
PROD05297,Product_05297,Sports,Running Gear,Vertex,966.56,64,3.7
PROD05298,Product_05298,Books,Comics,Zenith,894.15,206,3.0
PROD05299,Product_05299,Beauty,Fragrance,Apex,814.52,243,3.9
PROD05300,Product_05300,Electronics,Smartphone,UrbanX,166.84,476,4.2
PROD05301,Product_05301,Sports,Sportswear,PrimeTech,817.3,371,3.7
PROD05302,Product_05302,Home,Kitchen Appliance,Vertex,989.48,190,2.8
PROD05303,Product_05303,Home,Table,Nova,1412.52,181,4.1
PROD05304,Product_05304,Fashion,T-Shirt,Vertex,136.69,71,4.3
PROD05305,Product_05305,Beauty,Haircare,Orion,2543.38,88,3.4
PROD05306,Product_05306,Books,Academic,Vertex,402.6,100,3.3
PROD05307,Product_05307,Beauty,Makeup,Orion,419.2,441,3.6
PROD05308,Product_05308,Home,Kitchen Appliance,UrbanX,548.25,284,4.1
PROD05309,Product_05309,Beauty,Haircare,UrbanX,999.72,46,4.9
PROD05310,Product_05310,Sports,Fitness Equipment,Nova,1237.31,305,3.5
PROD05311,Product_05311,Books,Comics,Nova,1467.92,204,2.7
PROD05312,Product_05312,Books,Non-Fiction,Orion,1008.06,43,2.7
PROD05313,Product_05313,Fashion,Jeans,PrimeTech,559.44,484,4.5
PROD05314,Product_05314,Home,Chair,Zenith,572.86,355,2.9
PROD05315,Product_05315,Sports,Fitness Equipment,PrimeTech,305.03,359,4.0
PROD05316,Product_05316,Fashion,T-Shirt,PrimeTech,453.08,51,3.0
PROD05317,Product_05317,Home,Lamp,Zenith,372.99,228,4.1
PROD05318,Product_05318,Sports,Sportswear,Orion,653.97,56,3.7
PROD05319,Product_05319,Sports,Outdoor Gear,UrbanX,177.21,235,3.0
PROD05320,Product_05320,Beauty,Haircare,Vertex,710.11,428,3.3
PROD05321,Product_05321,Fashion,Jeans,UrbanX,1259.06,33,3.5
PROD05322,Product_05322,Fashion,T-Shirt,PrimeTech,616.55,253,4.6
PROD05323,Product_05323,Books,Non-Fiction,Orion,400.9,127,2.9
PROD05324,Product_05324,Books,Fiction,Zenith,1066.12,414,3.9
PROD05325,Product_05325,Electronics,Smartwatch,Nova,464.16,409,4.7
PROD05326,Product_05326,Home,Lamp,UrbanX,207.17,101,4.1
PROD05327,Product_05327,Sports,Running Gear,Apex,442.85,412,3.2
PROD05328,Product_05328,Home,Chair,Zenith,1268.99,53,2.9
PROD05329,Product_05329,Sports,Outdoor Gear,Nova,2102.56,427,2.9
PROD05330,Product_05330,Home,Kitchen Appliance,Orion,278.92,348,3.2
PROD05331,Product_05331,Sports,Fitness Equipment,Orion,172.52,293,4.7
PROD05332,Product_05332,Electronics,Smartwatch,PrimeTech,502.5,36,4.1
PROD05333,Product_05333,Home,Kitchen Appliance,Zenith,1217.7,122,3.7
PROD05334,Product_05334,Beauty,Makeup,Vertex,401.23,308,3.4
PROD05335,Product_05335,Beauty,Skincare,Apex,283.52,81,3.1
PROD05336,Product_05336,Beauty,Fragrance,PrimeTech,136.46,138,2.8
PROD05337,Product_05337,Home,Chair,Nova,708.48,341,3.2
PROD05338,Product_05338,Books,Comics,Zenith,152.08,89,4.8
PROD05339,Product_05339,Electronics,Smartphone,Apex,210.91,16,2.6
PROD05340,Product_05340,Home,Chair,Zenith,387.08,149,4.9
PROD05341,Product_05341,Sports,Running Gear,Vertex,267.41,377,2.5
PROD05342,Product_05342,Books,Academic,Zenith,481.73,427,4.8
PROD05343,Product_05343,Home,Lamp,Apex,390.68,200,3.0
PROD05344,Product_05344,Home,Chair,UrbanX,1355.54,181,2.9
PROD05345,Product_05345,Beauty,Fragrance,UrbanX,727.74,24,4.3
PROD05346,Product_05346,Books,Non-Fiction,Nova,472.84,57,3.9
PROD05347,Product_05347,Sports,Sportswear,PrimeTech,404.78,404,4.6
PROD05348,Product_05348,Books,Academic,Orion,542.21,370,4.3
PROD05349,Product_05349,Fashion,Shoes,Apex,389.72,282,4.1
PROD05350,Product_05350,Sports,Fitness Equipment,Nova,121.44,486,4.1
PROD05351,Product_05351,Home,Kitchen Appliance,Apex,1741.65,405,2.9
PROD05352,Product_05352,Fashion,Jeans,Zenith,886.16,346,4.1
PROD05353,Product_05353,Books,Comics,Apex,483.84,25,3.9
PROD05354,Product_05354,Fashion,Jacket,Vertex,1084.83,243,3.5
PROD05355,Product_05355,Electronics,Headphones,Zenith,488.06,193,4.7
PROD05356,Product_05356,Sports,Running Gear,UrbanX,600.82,201,4.3
PROD05357,Product_05357,Home,Table,Nova,540.78,321,3.6
PROD05358,Product_05358,Fashion,Jacket,Zenith,509.32,2,4.8
PROD05359,Product_05359,Home,Table,UrbanX,255.86,282,3.2
PROD05360,Product_05360,Home,Table,Orion,854.94,50,2.8
PROD05361,Product_05361,Electronics,Smartwatch,Zenith,262.39,108,3.3
PROD05362,Product_05362,Fashion,Jeans,UrbanX,337.9,18,3.4
PROD05363,Product_05363,Home,Chair,Apex,1880.21,473,4.1
PROD05364,Product_05364,Electronics,Laptop,Apex,1257.84,187,4.7
PROD05365,Product_05365,Electronics,Smartphone,Zenith,690.24,262,4.0
PROD05366,Product_05366,Sports,Running Gear,PrimeTech,555.26,241,3.1
PROD05367,Product_05367,Sports,Running Gear,UrbanX,438.6,382,2.8
PROD05368,Product_05368,Beauty,Fragrance,Nova,648.32,306,3.0
PROD05369,Product_05369,Books,Academic,Nova,782.94,476,4.7
PROD05370,Product_05370,Electronics,Headphones,Orion,701.9,437,4.2
PROD05371,Product_05371,Sports,Fitness Equipment,Vertex,1251.48,28,3.5
PROD05372,Product_05372,Beauty,Makeup,PrimeTech,273.1,146,3.1
PROD05373,Product_05373,Fashion,Shoes,Orion,353.06,236,4.6
PROD05374,Product_05374,Home,Kitchen Appliance,UrbanX,436.61,406,2.8
PROD05375,Product_05375,Books,Non-Fiction,PrimeTech,287.25,365,3.2
PROD05376,Product_05376,Electronics,Smartwatch,Nova,482.8,1,3.1
PROD05377,Product_05377,Electronics,Headphones,Nova,416.19,418,4.6
PROD05378,Product_05378,Electronics,Laptop,Apex,615.42,106,4.7
PROD05379,Product_05379,Fashion,Jacket,Orion,699.3,412,4.4
PROD05380,Product_05380,Beauty,Fragrance,Nova,141.73,227,4.2
PROD05381,Product_05381,Sports,Outdoor Gear,PrimeTech,1463.47,383,4.6
PROD05382,Product_05382,Beauty,Makeup,UrbanX,486.72,431,3.6
PROD05383,Product_05383,Fashion,Jacket,Apex,167.65,214,3.9
PROD05384,Product_05384,Fashion,Shoes,Apex,275.57,459,3.7
PROD05385,Product_05385,Electronics,Laptop,Nova,2864.82,449,3.8
PROD05386,Product_05386,Beauty,Makeup,Apex,353.12,269,3.5
PROD05387,Product_05387,Sports,Running Gear,Orion,317.49,226,4.0
PROD05388,Product_05388,Home,Chair,Apex,351.41,225,3.9
PROD05389,Product_05389,Books,Academic,Vertex,698.11,434,2.8
PROD05390,Product_05390,Fashion,Jacket,Orion,730.59,417,3.0
PROD05391,Product_05391,Electronics,Smartphone,Zenith,366.59,294,3.7
PROD05392,Product_05392,Beauty,Fragrance,Orion,209.12,87,3.2
PROD05393,Product_05393,Electronics,Laptop,Nova,1044.23,127,3.6
PROD05394,Product_05394,Beauty,Makeup,Nova,7163.28,480,3.1
PROD05395,Product_05395,Beauty,Fragrance,Vertex,2072.83,98,3.3
PROD05396,Product_05396,Beauty,Skincare,UrbanX,542.09,110,3.5
PROD05397,Product_05397,Fashion,Jacket,Zenith,99.0,109,2.8
PROD05398,Product_05398,Books,Non-Fiction,PrimeTech,739.2,114,3.2
PROD05399,Product_05399,Beauty,Fragrance,Vertex,811.08,339,3.4
PROD05400,Product_05400,Electronics,Laptop,Zenith,806.63,397,3.8
PROD05401,Product_05401,Home,Lamp,Zenith,2094.0,118,2.9
PROD05402,Product_05402,Electronics,Smartphone,Orion,890.31,263,4.2
PROD05403,Product_05403,Books,Comics,Zenith,906.36,488,3.0
PROD05404,Product_05404,Fashion,Jacket,Nova,285.29,35,4.3
PROD05405,Product_05405,Books,Academic,Apex,786.09,381,2.6
PROD05406,Product_05406,Books,Fiction,UrbanX,595.76,55,3.7
PROD05407,Product_05407,Sports,Sportswear,UrbanX,1998.44,252,3.3
PROD05408,Product_05408,Electronics,Laptop,Zenith,631.17,68,3.3
PROD05409,Product_05409,Home,Kitchen Appliance,Vertex,470.43,440,3.4
PROD05410,Product_05410,Electronics,Smartwatch,UrbanX,2398.63,238,4.5
PROD05411,Product_05411,Electronics,Headphones,Zenith,432.27,221,4.4
PROD05412,Product_05412,Home,Kitchen Appliance,Zenith,1924.01,67,4.7
PROD05413,Product_05413,Home,Table,UrbanX,452.45,90,2.6
PROD05414,Product_05414,Books,Comics,Orion,167.9,445,5.0
PROD05415,Product_05415,Fashion,Shoes,PrimeTech,374.59,423,3.1
PROD05416,Product_05416,Fashion,Jeans,UrbanX,223.05,254,4.1
PROD05417,Product_05417,Books,Comics,Apex,345.56,223,2.8
PROD05418,Product_05418,Beauty,Fragrance,PrimeTech,1304.5,137,2.6
PROD05419,Product_05419,Books,Fiction,Vertex,322.36,200,3.5
PROD05420,Product_05420,Beauty,Skincare,UrbanX,398.89,361,4.9
PROD05421,Product_05421,Fashion,Shoes,PrimeTech,640.13,64,3.6
PROD05422,Product_05422,Electronics,Headphones,Zenith,727.01,418,3.6
PROD05423,Product_05423,Home,Kitchen Appliance,Zenith,680.06,247,3.6
PROD05424,Product_05424,Electronics,Headphones,Vertex,979.38,358,4.6
PROD05425,Product_05425,Beauty,Makeup,Nova,219.02,221,3.5
PROD05426,Product_05426,Sports,Fitness Equipment,Vertex,257.69,346,4.8
PROD05427,Product_05427,Sports,Outdoor Gear,Apex,439.49,335,3.3
PROD05428,Product_05428,Books,Fiction,Apex,1424.18,450,3.2
PROD05429,Product_05429,Books,Academic,PrimeTech,2066.47,420,3.0
PROD05430,Product_05430,Books,Non-Fiction,Nova,946.37,478,4.1
PROD05431,Product_05431,Sports,Sportswear,UrbanX,109.1,133,3.4
PROD05432,Product_05432,Fashion,T-Shirt,Apex,6686.87,260,3.4
PROD05433,Product_05433,Fashion,T-Shirt,Zenith,274.54,278,3.9
PROD05434,Product_05434,Home,Kitchen Appliance,Zenith,270.22,452,2.7
PROD05435,Product_05435,Books,Comics,Zenith,618.83,149,3.4
PROD05436,Product_05436,Sports,Fitness Equipment,Nova,379.11,336,3.9
PROD05437,Product_05437,Fashion,Jacket,Apex,174.2,495,3.5
PROD05438,Product_05438,Electronics,Headphones,Vertex,965.66,405,3.5
PROD05439,Product_05439,Home,Chair,Apex,275.44,57,3.4
PROD05440,Product_05440,Beauty,Makeup,PrimeTech,110.02,338,4.2
PROD05441,Product_05441,Electronics,Smartwatch,Apex,516.13,396,4.6
PROD05442,Product_05442,Home,Lamp,Zenith,188.06,152,2.8
PROD05443,Product_05443,Fashion,Jeans,Vertex,290.07,235,2.7
PROD05444,Product_05444,Home,Lamp,UrbanX,431.05,122,3.8
PROD05445,Product_05445,Electronics,Smartphone,Vertex,433.55,261,4.2
PROD05446,Product_05446,Electronics,Smartwatch,Vertex,799.81,165,3.8
PROD05447,Product_05447,Home,Kitchen Appliance,Zenith,381.09,155,3.1
PROD05448,Product_05448,Home,Chair,Apex,556.12,59,4.0
PROD05449,Product_05449,Sports,Sportswear,Apex,696.78,471,3.3
PROD05450,Product_05450,Home,Lamp,Vertex,1007.6,329,2.6
PROD05451,Product_05451,Beauty,Fragrance,UrbanX,178.3,41,3.4
PROD05452,Product_05452,Sports,Fitness Equipment,Orion,1034.84,363,4.8
PROD05453,Product_05453,Fashion,T-Shirt,Orion,430.43,425,4.6
PROD05454,Product_05454,Electronics,Laptop,Zenith,868.54,371,4.5
PROD05455,Product_05455,Electronics,Smartwatch,Zenith,332.6,105,4.6
PROD05456,Product_05456,Sports,Fitness Equipment,Vertex,621.25,166,3.5
PROD05457,Product_05457,Sports,Outdoor Gear,Apex,206.85,364,2.9
PROD05458,Product_05458,Beauty,Skincare,Zenith,736.2,385,3.0
PROD05459,Product_05459,Sports,Fitness Equipment,Vertex,1796.37,265,2.5
PROD05460,Product_05460,Beauty,Makeup,Vertex,653.17,440,4.0
PROD05461,Product_05461,Fashion,T-Shirt,Orion,296.79,314,3.6
PROD05462,Product_05462,Beauty,Skincare,Nova,304.74,221,3.7
PROD05463,Product_05463,Sports,Fitness Equipment,UrbanX,591.33,206,2.8
PROD05464,Product_05464,Books,Non-Fiction,Vertex,557.92,475,4.2
PROD05465,Product_05465,Beauty,Haircare,Zenith,1096.48,166,4.6
PROD05466,Product_05466,Books,Fiction,Vertex,287.2,442,2.5
PROD05467,Product_05467,Home,Table,Apex,678.19,414,4.6
PROD05468,Product_05468,Beauty,Haircare,PrimeTech,857.8,318,4.9
PROD05469,Product_05469,Beauty,Makeup,Apex,313.35,43,3.7
PROD05470,Product_05470,Home,Kitchen Appliance,Nova,565.3,250,3.3
PROD05471,Product_05471,Electronics,Headphones,Orion,805.29,239,5.0
PROD05472,Product_05472,Fashion,Jeans,Orion,1097.88,272,3.2
PROD05473,Product_05473,Fashion,T-Shirt,Apex,379.84,98,3.8
PROD05474,Product_05474,Sports,Sportswear,Nova,233.37,386,4.3
PROD05475,Product_05475,Home,Table,PrimeTech,436.94,310,3.7
PROD05476,Product_05476,Fashion,T-Shirt,Zenith,696.61,385,4.7
PROD05477,Product_05477,Beauty,Skincare,Nova,1967.71,342,4.0
PROD05478,Product_05478,Home,Kitchen Appliance,Apex,456.55,488,4.5
PROD05479,Product_05479,Beauty,Makeup,Zenith,925.85,358,4.1
PROD05480,Product_05480,Beauty,Fragrance,Apex,563.66,94,2.8
PROD05481,Product_05481,Electronics,Laptop,Orion,349.75,473,4.5
PROD05482,Product_05482,Sports,Sportswear,UrbanX,1182.37,356,4.4
PROD05483,Product_05483,Sports,Outdoor Gear,Apex,331.87,174,3.5
PROD05484,Product_05484,Home,Chair,Vertex,364.05,59,3.4
PROD05485,Product_05485,Beauty,Skincare,Zenith,206.45,455,4.3
PROD05486,Product_05486,Electronics,Headphones,Apex,325.61,16,3.3
PROD05487,Product_05487,Books,Academic,PrimeTech,1177.14,16,2.9
PROD05488,Product_05488,Electronics,Smartphone,PrimeTech,6266.82,162,4.6
PROD05489,Product_05489,Sports,Outdoor Gear,UrbanX,155.68,294,4.2
PROD05490,Product_05490,Fashion,Jeans,UrbanX,1159.49,190,3.0
PROD05491,Product_05491,Books,Non-Fiction,UrbanX,782.56,325,4.2
PROD05492,Product_05492,Fashion,T-Shirt,Vertex,403.65,73,3.2
PROD05493,Product_05493,Fashion,Jacket,Vertex,499.55,75,3.6
PROD05494,Product_05494,Books,Fiction,Zenith,3477.54,152,4.9
PROD05495,Product_05495,Fashion,T-Shirt,PrimeTech,811.59,54,4.5
PROD05496,Product_05496,Beauty,Skincare,Apex,313.55,327,2.6
PROD05497,Product_05497,Fashion,T-Shirt,Orion,1118.13,140,4.2
PROD05498,Product_05498,Fashion,Jeans,PrimeTech,556.08,285,2.6
PROD05499,Product_05499,Electronics,Smartwatch,Orion,303.6,153,3.4
PROD05500,Product_05500,Sports,Running Gear,Orion,818.84,26,4.0
PROD05501,Product_05501,Home,Kitchen Appliance,UrbanX,404.37,426,4.3
PROD05502,Product_05502,Fashion,T-Shirt,Apex,470.77,164,2.7
PROD05503,Product_05503,Books,Fiction,Nova,273.16,364,4.3
PROD05504,Product_05504,Sports,Running Gear,Nova,380.03,148,3.4
PROD05505,Product_05505,Electronics,Headphones,PrimeTech,1677.73,281,3.7
PROD05506,Product_05506,Sports,Outdoor Gear,Zenith,225.43,391,4.3
PROD05507,Product_05507,Home,Lamp,Apex,808.33,64,4.8
PROD05508,Product_05508,Electronics,Smartphone,PrimeTech,517.0,449,4.5
PROD05509,Product_05509,Electronics,Headphones,Orion,520.37,416,3.6
PROD05510,Product_05510,Electronics,Smartwatch,Orion,300.22,14,4.0
PROD05511,Product_05511,Fashion,T-Shirt,Apex,1549.31,465,2.9
PROD05512,Product_05512,Beauty,Makeup,Orion,342.53,426,4.0
PROD05513,Product_05513,Electronics,Headphones,Zenith,410.67,39,4.9
PROD05514,Product_05514,Home,Table,Apex,316.99,14,3.2
PROD05515,Product_05515,Books,Comics,PrimeTech,706.71,323,4.4
PROD05516,Product_05516,Electronics,Smartwatch,Orion,998.97,329,4.6
PROD05517,Product_05517,Books,Academic,Zenith,1034.09,0,4.3
PROD05518,Product_05518,Books,Academic,PrimeTech,1275.65,481,3.7
PROD05519,Product_05519,Books,Non-Fiction,Zenith,451.42,373,2.9
PROD05520,Product_05520,Books,Fiction,PrimeTech,437.18,48,4.7
PROD05521,Product_05521,Beauty,Fragrance,UrbanX,566.03,50,3.8
PROD05522,Product_05522,Books,Comics,UrbanX,209.77,136,3.3
PROD05523,Product_05523,Beauty,Haircare,Zenith,2083.92,174,4.2
PROD05524,Product_05524,Sports,Running Gear,Nova,339.09,148,3.4
PROD05525,Product_05525,Electronics,Laptop,Nova,1632.31,462,3.6
PROD05526,Product_05526,Fashion,Jacket,Apex,203.85,66,4.8
PROD05527,Product_05527,Electronics,Smartphone,Apex,1256.3,404,4.2
PROD05528,Product_05528,Beauty,Makeup,UrbanX,702.78,394,3.0
PROD05529,Product_05529,Books,Academic,Orion,157.88,283,2.7
PROD05530,Product_05530,Books,Fiction,PrimeTech,274.3,200,3.6
PROD05531,Product_05531,Beauty,Makeup,Nova,468.04,380,3.3
PROD05532,Product_05532,Home,Kitchen Appliance,Zenith,867.53,262,4.0
PROD05533,Product_05533,Home,Chair,Nova,283.76,95,3.6
PROD05534,Product_05534,Books,Academic,Zenith,735.14,160,4.5
PROD05535,Product_05535,Sports,Outdoor Gear,Orion,265.23,299,4.3
PROD05536,Product_05536,Sports,Running Gear,Vertex,728.03,444,2.5
PROD05537,Product_05537,Electronics,Smartwatch,PrimeTech,849.05,157,4.8
PROD05538,Product_05538,Electronics,Smartwatch,PrimeTech,433.02,74,4.4
PROD05539,Product_05539,Home,Table,Orion,621.59,230,2.7
PROD05540,Product_05540,Books,Non-Fiction,Apex,854.5,222,4.6
PROD05541,Product_05541,Beauty,Fragrance,Orion,139.45,500,5.0
PROD05542,Product_05542,Sports,Sportswear,Orion,873.81,345,3.4
PROD05543,Product_05543,Home,Kitchen Appliance,UrbanX,239.43,238,2.7
PROD05544,Product_05544,Home,Table,Zenith,720.22,426,3.8
PROD05545,Product_05545,Sports,Running Gear,UrbanX,562.25,63,3.0
PROD05546,Product_05546,Fashion,Jacket,UrbanX,324.6,472,2.8
PROD05547,Product_05547,Books,Fiction,UrbanX,1338.88,346,3.5
PROD05548,Product_05548,Beauty,Haircare,UrbanX,585.26,396,3.4
PROD05549,Product_05549,Books,Academic,Nova,2552.93,114,4.8
PROD05550,Product_05550,Books,Non-Fiction,PrimeTech,423.42,106,3.4
PROD05551,Product_05551,Electronics,Laptop,Vertex,986.82,213,3.3
PROD05552,Product_05552,Books,Comics,Nova,2076.6,104,3.6
PROD05553,Product_05553,Books,Comics,Orion,99.0,251,3.8
PROD05554,Product_05554,Sports,Sportswear,Apex,1182.99,404,4.2
PROD05555,Product_05555,Fashion,Jacket,Apex,240.56,491,3.9
PROD05556,Product_05556,Sports,Sportswear,Orion,815.59,412,3.2
PROD05557,Product_05557,Electronics,Smartwatch,Nova,167.35,151,4.7
PROD05558,Product_05558,Electronics,Smartphone,PrimeTech,230.92,33,3.7
PROD05559,Product_05559,Sports,Outdoor Gear,Zenith,241.18,323,3.4
PROD05560,Product_05560,Books,Comics,Vertex,872.31,407,3.1
PROD05561,Product_05561,Home,Chair,Zenith,414.23,386,2.6
PROD05562,Product_05562,Fashion,Shoes,PrimeTech,592.18,315,4.8
PROD05563,Product_05563,Books,Comics,Zenith,392.23,475,3.5
PROD05564,Product_05564,Books,Academic,Zenith,1002.63,347,2.9
PROD05565,Product_05565,Beauty,Skincare,Vertex,444.52,335,3.0
PROD05566,Product_05566,Beauty,Fragrance,Zenith,254.76,465,3.7
PROD05567,Product_05567,Books,Fiction,UrbanX,435.98,179,4.6
PROD05568,Product_05568,Electronics,Smartphone,Nova,716.18,94,4.6
PROD05569,Product_05569,Books,Comics,Zenith,2151.59,268,4.0
PROD05570,Product_05570,Electronics,Smartphone,UrbanX,811.54,240,3.8
PROD05571,Product_05571,Electronics,Laptop,PrimeTech,1773.66,139,4.8
PROD05572,Product_05572,Books,Academic,Apex,529.98,58,3.3
PROD05573,Product_05573,Beauty,Makeup,PrimeTech,1026.93,35,2.6
PROD05574,Product_05574,Electronics,Smartwatch,Orion,836.05,333,2.9
PROD05575,Product_05575,Books,Fiction,Nova,1397.98,133,3.8
PROD05576,Product_05576,Books,Comics,PrimeTech,1275.43,8,2.8
PROD05577,Product_05577,Home,Lamp,Zenith,2459.41,0,3.4
PROD05578,Product_05578,Sports,Fitness Equipment,Apex,267.96,258,4.1
PROD05579,Product_05579,Beauty,Skincare,Vertex,188.25,60,3.1
PROD05580,Product_05580,Sports,Sportswear,UrbanX,1005.26,371,4.3
PROD05581,Product_05581,Books,Non-Fiction,Orion,633.9,220,4.4
PROD05582,Product_05582,Sports,Running Gear,UrbanX,866.0,469,3.1
PROD05583,Product_05583,Electronics,Smartphone,Nova,2048.86,335,5.0
PROD05584,Product_05584,Home,Table,Orion,1172.13,158,3.2
PROD05585,Product_05585,Electronics,Smartwatch,Nova,1120.26,271,4.4
PROD05586,Product_05586,Beauty,Makeup,UrbanX,401.32,58,4.8
PROD05587,Product_05587,Sports,Sportswear,Apex,713.42,10,4.2
PROD05588,Product_05588,Books,Academic,Nova,493.27,133,4.7
PROD05589,Product_05589,Home,Kitchen Appliance,Nova,798.78,406,3.0
PROD05590,Product_05590,Home,Table,Nova,243.63,204,3.7
PROD05591,Product_05591,Sports,Running Gear,PrimeTech,872.1,6,2.7
PROD05592,Product_05592,Books,Academic,Vertex,204.73,380,3.2
PROD05593,Product_05593,Electronics,Smartwatch,Nova,266.32,265,4.8
PROD05594,Product_05594,Books,Non-Fiction,Nova,303.43,128,2.9
PROD05595,Product_05595,Electronics,Smartwatch,Orion,806.39,159,4.3
PROD05596,Product_05596,Electronics,Laptop,UrbanX,621.69,157,4.7
PROD05597,Product_05597,Sports,Outdoor Gear,Vertex,1657.84,121,4.7
PROD05598,Product_05598,Electronics,Headphones,Orion,273.95,5,3.1
PROD05599,Product_05599,Beauty,Haircare,PrimeTech,875.73,276,2.6
PROD05600,Product_05600,Electronics,Headphones,Orion,472.94,266,3.9
PROD05601,Product_05601,Sports,Sportswear,Zenith,769.22,78,3.5
PROD05602,Product_05602,Sports,Running Gear,Vertex,151.16,258,3.5
PROD05603,Product_05603,Books,Comics,Zenith,713.04,365,2.6
PROD05604,Product_05604,Fashion,Jacket,PrimeTech,1275.19,204,3.5
PROD05605,Product_05605,Sports,Running Gear,Vertex,389.88,247,3.8
PROD05606,Product_05606,Home,Lamp,Zenith,616.21,408,4.6
PROD05607,Product_05607,Books,Comics,Vertex,723.35,51,3.0
PROD05608,Product_05608,Sports,Sportswear,Vertex,971.99,31,4.0
PROD05609,Product_05609,Fashion,Jacket,Vertex,285.97,294,4.8
PROD05610,Product_05610,Beauty,Makeup,Nova,415.79,475,3.5
PROD05611,Product_05611,Electronics,Laptop,Vertex,354.27,249,3.9
PROD05612,Product_05612,Fashion,Jeans,UrbanX,549.63,446,2.9
PROD05613,Product_05613,Electronics,Headphones,Zenith,297.43,130,3.1
PROD05614,Product_05614,Electronics,Headphones,UrbanX,567.93,159,3.2
PROD05615,Product_05615,Sports,Fitness Equipment,Orion,851.4,273,2.9
PROD05616,Product_05616,Sports,Fitness Equipment,Nova,909.04,398,2.7
PROD05617,Product_05617,Electronics,Headphones,UrbanX,500.75,497,2.6
PROD05618,Product_05618,Sports,Sportswear,PrimeTech,1398.48,229,3.2
PROD05619,Product_05619,Home,Table,UrbanX,499.19,235,3.3
PROD05620,Product_05620,Fashion,T-Shirt,Zenith,213.78,449,4.7
PROD05621,Product_05621,Home,Kitchen Appliance,Nova,167.36,436,2.7
PROD05622,Product_05622,Home,Lamp,Apex,1239.65,223,3.5
PROD05623,Product_05623,Electronics,Laptop,Nova,884.78,220,3.0
PROD05624,Product_05624,Home,Table,PrimeTech,335.23,329,4.2
PROD05625,Product_05625,Electronics,Laptop,PrimeTech,786.09,462,3.5
PROD05626,Product_05626,Beauty,Haircare,Zenith,545.57,286,2.6
PROD05627,Product_05627,Fashion,Jacket,PrimeTech,547.27,419,3.9
PROD05628,Product_05628,Books,Academic,Apex,812.6,463,2.8
PROD05629,Product_05629,Beauty,Fragrance,Nova,3995.29,410,4.9
PROD05630,Product_05630,Beauty,Fragrance,UrbanX,839.49,11,2.5
PROD05631,Product_05631,Beauty,Fragrance,Nova,206.96,45,4.4
PROD05632,Product_05632,Sports,Fitness Equipment,Orion,321.76,455,4.7
PROD05633,Product_05633,Home,Kitchen Appliance,Vertex,679.51,154,4.5
PROD05634,Product_05634,Sports,Fitness Equipment,Nova,325.01,97,3.7
PROD05635,Product_05635,Sports,Sportswear,PrimeTech,1014.78,377,3.3
PROD05636,Product_05636,Sports,Outdoor Gear,Orion,317.33,82,4.6
PROD05637,Product_05637,Electronics,Smartphone,Orion,638.88,171,2.7
PROD05638,Product_05638,Beauty,Haircare,UrbanX,452.51,20,4.7
PROD05639,Product_05639,Beauty,Skincare,Nova,895.33,419,3.3
PROD05640,Product_05640,Books,Non-Fiction,Zenith,1382.21,14,2.8
PROD05641,Product_05641,Home,Chair,UrbanX,461.5,430,3.7
PROD05642,Product_05642,Sports,Outdoor Gear,Zenith,978.8,424,2.6
PROD05643,Product_05643,Sports,Running Gear,Apex,452.92,401,3.9
PROD05644,Product_05644,Beauty,Makeup,UrbanX,603.55,351,4.5
PROD05645,Product_05645,Sports,Outdoor Gear,Apex,1741.38,474,4.4
PROD05646,Product_05646,Fashion,T-Shirt,Vertex,228.7,59,3.7
PROD05647,Product_05647,Books,Academic,Vertex,432.64,122,4.2
PROD05648,Product_05648,Books,Academic,Zenith,1813.87,186,3.2
PROD05649,Product_05649,Fashion,Shoes,Nova,908.62,481,3.2
PROD05650,Product_05650,Beauty,Fragrance,Apex,418.33,265,4.9
PROD05651,Product_05651,Home,Kitchen Appliance,Apex,506.45,252,4.8
PROD05652,Product_05652,Beauty,Makeup,Nova,3058.06,36,4.3
PROD05653,Product_05653,Books,Fiction,Zenith,587.73,101,4.4
PROD05654,Product_05654,Fashion,Jacket,Orion,99.0,487,3.0
PROD05655,Product_05655,Fashion,Jacket,UrbanX,228.5,395,2.9
PROD05656,Product_05656,Home,Lamp,PrimeTech,300.61,101,2.9
PROD05657,Product_05657,Books,Fiction,UrbanX,967.92,218,3.9
PROD05658,Product_05658,Sports,Fitness Equipment,UrbanX,1394.18,47,4.5
PROD05659,Product_05659,Home,Lamp,Vertex,110.29,460,4.9
PROD05660,Product_05660,Fashion,T-Shirt,PrimeTech,2595.51,13,4.3
PROD05661,Product_05661,Sports,Outdoor Gear,PrimeTech,932.04,314,3.8
PROD05662,Product_05662,Sports,Fitness Equipment,UrbanX,308.14,395,2.8
PROD05663,Product_05663,Beauty,Fragrance,Apex,564.81,405,3.7
PROD05664,Product_05664,Home,Lamp,Zenith,920.14,218,3.9
PROD05665,Product_05665,Electronics,Headphones,Nova,2175.74,408,3.8
PROD05666,Product_05666,Fashion,Shoes,PrimeTech,903.51,163,4.4
PROD05667,Product_05667,Fashion,Shoes,Nova,543.91,368,3.2
PROD05668,Product_05668,Fashion,Jeans,Apex,1222.02,82,4.7
PROD05669,Product_05669,Beauty,Haircare,UrbanX,723.72,158,3.5
PROD05670,Product_05670,Sports,Outdoor Gear,Apex,316.76,3,3.8
PROD05671,Product_05671,Books,Comics,Vertex,633.64,286,3.6
PROD05672,Product_05672,Books,Fiction,PrimeTech,299.46,132,3.2
PROD05673,Product_05673,Books,Fiction,Nova,486.75,99,2.7
PROD05674,Product_05674,Home,Kitchen Appliance,PrimeTech,791.07,165,3.2
PROD05675,Product_05675,Electronics,Laptop,Nova,681.22,152,2.7
PROD05676,Product_05676,Beauty,Haircare,Orion,696.44,171,4.7
PROD05677,Product_05677,Fashion,Shoes,Orion,415.9,66,4.8
PROD05678,Product_05678,Home,Kitchen Appliance,Vertex,991.49,48,3.6
PROD05679,Product_05679,Home,Lamp,Apex,290.05,26,2.8
PROD05680,Product_05680,Beauty,Fragrance,Zenith,468.77,238,2.9
PROD05681,Product_05681,Sports,Running Gear,Apex,954.33,6,3.5
PROD05682,Product_05682,Beauty,Makeup,Zenith,408.96,283,4.5
PROD05683,Product_05683,Books,Comics,Orion,731.63,243,3.6
PROD05684,Product_05684,Fashion,Jacket,Apex,182.18,18,3.9
PROD05685,Product_05685,Sports,Running Gear,PrimeTech,311.92,81,3.4
PROD05686,Product_05686,Fashion,T-Shirt,Orion,320.75,487,3.1
PROD05687,Product_05687,Home,Chair,Apex,289.85,290,4.9
PROD05688,Product_05688,Electronics,Laptop,Nova,768.32,106,3.1
PROD05689,Product_05689,Sports,Sportswear,UrbanX,411.23,12,4.5
PROD05690,Product_05690,Sports,Sportswear,UrbanX,1348.26,54,3.0
PROD05691,Product_05691,Fashion,Shoes,Zenith,563.35,110,4.5
PROD05692,Product_05692,Beauty,Makeup,Apex,769.35,244,4.2
PROD05693,Product_05693,Sports,Running Gear,PrimeTech,291.35,325,2.9
PROD05694,Product_05694,Books,Fiction,Nova,303.96,304,3.8
PROD05695,Product_05695,Fashion,Shoes,Orion,690.74,47,3.5
PROD05696,Product_05696,Fashion,Shoes,UrbanX,202.43,456,4.8
PROD05697,Product_05697,Books,Non-Fiction,Orion,1686.49,205,4.2
PROD05698,Product_05698,Home,Chair,PrimeTech,810.05,35,3.6
PROD05699,Product_05699,Beauty,Makeup,UrbanX,645.74,97,3.9
PROD05700,Product_05700,Fashion,Jeans,UrbanX,1093.15,233,4.1
PROD05701,Product_05701,Beauty,Makeup,Vertex,532.66,96,3.7
PROD05702,Product_05702,Home,Chair,Orion,250.25,497,3.7
PROD05703,Product_05703,Home,Lamp,Vertex,449.82,254,3.2
PROD05704,Product_05704,Beauty,Makeup,UrbanX,99.0,209,4.4
PROD05705,Product_05705,Home,Kitchen Appliance,Orion,1710.23,265,3.9
PROD05706,Product_05706,Beauty,Haircare,UrbanX,796.43,86,4.0
PROD05707,Product_05707,Books,Fiction,UrbanX,823.87,158,3.9
PROD05708,Product_05708,Home,Table,Nova,1262.39,77,2.6
PROD05709,Product_05709,Beauty,Haircare,Vertex,239.43,165,3.0
PROD05710,Product_05710,Sports,Outdoor Gear,Nova,555.1,269,4.3
PROD05711,Product_05711,Home,Kitchen Appliance,Zenith,569.92,98,5.0
PROD05712,Product_05712,Home,Kitchen Appliance,Nova,1187.37,80,2.9
PROD05713,Product_05713,Beauty,Haircare,Zenith,544.24,86,3.1
PROD05714,Product_05714,Sports,Running Gear,PrimeTech,2478.25,48,4.3
PROD05715,Product_05715,Electronics,Headphones,UrbanX,1687.67,315,4.2
PROD05716,Product_05716,Beauty,Makeup,Apex,1411.05,119,3.4
PROD05717,Product_05717,Fashion,T-Shirt,UrbanX,438.05,308,4.7
PROD05718,Product_05718,Books,Academic,Orion,265.14,100,3.5
PROD05719,Product_05719,Home,Kitchen Appliance,Nova,1760.43,440,3.8
PROD05720,Product_05720,Fashion,T-Shirt,Vertex,99.0,81,3.7
PROD05721,Product_05721,Beauty,Fragrance,UrbanX,3851.27,89,4.0
PROD05722,Product_05722,Beauty,Makeup,PrimeTech,1103.14,204,4.4
PROD05723,Product_05723,Beauty,Makeup,Apex,234.18,209,4.4
PROD05724,Product_05724,Fashion,Jacket,UrbanX,1146.77,485,3.1
PROD05725,Product_05725,Books,Non-Fiction,Zenith,420.68,34,3.8
PROD05726,Product_05726,Beauty,Makeup,Vertex,168.43,495,3.6
PROD05727,Product_05727,Fashion,T-Shirt,Zenith,298.86,59,3.1
PROD05728,Product_05728,Home,Kitchen Appliance,PrimeTech,280.95,81,4.8
PROD05729,Product_05729,Books,Non-Fiction,UrbanX,911.66,340,3.0
PROD05730,Product_05730,Books,Comics,Zenith,658.94,12,3.2
PROD05731,Product_05731,Home,Kitchen Appliance,Vertex,189.73,194,2.9
PROD05732,Product_05732,Fashion,Jacket,PrimeTech,667.84,20,2.6
PROD05733,Product_05733,Sports,Outdoor Gear,Nova,232.2,364,5.0
PROD05734,Product_05734,Sports,Sportswear,Nova,406.02,453,4.8
PROD05735,Product_05735,Books,Fiction,Nova,2459.39,300,3.0
PROD05736,Product_05736,Sports,Running Gear,Nova,155.09,87,3.0
PROD05737,Product_05737,Fashion,Jeans,Apex,345.54,268,4.6
PROD05738,Product_05738,Fashion,Jacket,PrimeTech,703.22,280,3.5
PROD05739,Product_05739,Beauty,Fragrance,PrimeTech,713.66,264,4.7
PROD05740,Product_05740,Home,Lamp,Zenith,557.08,84,2.7
PROD05741,Product_05741,Books,Academic,Zenith,3254.7,227,4.5
PROD05742,Product_05742,Sports,Sportswear,UrbanX,526.91,187,2.6
PROD05743,Product_05743,Fashion,Jacket,Nova,464.7,360,4.0
PROD05744,Product_05744,Books,Academic,Zenith,498.58,446,4.3
PROD05745,Product_05745,Books,Comics,Orion,261.29,305,4.8
PROD05746,Product_05746,Beauty,Haircare,PrimeTech,960.47,305,4.4
PROD05747,Product_05747,Sports,Fitness Equipment,Zenith,135.06,38,4.3
PROD05748,Product_05748,Fashion,T-Shirt,Orion,652.86,299,2.8
PROD05749,Product_05749,Electronics,Smartwatch,Apex,584.73,379,3.6
PROD05750,Product_05750,Fashion,T-Shirt,Nova,708.89,287,3.7
PROD05751,Product_05751,Fashion,T-Shirt,Orion,116.09,434,3.8
PROD05752,Product_05752,Books,Non-Fiction,Nova,573.88,99,4.5
PROD05753,Product_05753,Books,Fiction,PrimeTech,983.42,456,4.7
PROD05754,Product_05754,Home,Chair,Vertex,1237.52,500,2.6
PROD05755,Product_05755,Fashion,Shoes,Vertex,637.81,457,4.9
PROD05756,Product_05756,Sports,Sportswear,Vertex,455.04,470,4.0
PROD05757,Product_05757,Fashion,Jeans,Orion,262.02,356,4.1
PROD05758,Product_05758,Electronics,Headphones,Vertex,151.04,107,4.8
PROD05759,Product_05759,Books,Academic,Vertex,99.0,39,4.8
PROD05760,Product_05760,Fashion,Jeans,Apex,474.74,161,4.3
PROD05761,Product_05761,Books,Academic,UrbanX,1642.87,364,3.1
PROD05762,Product_05762,Home,Table,Nova,452.35,331,5.0
PROD05763,Product_05763,Electronics,Laptop,Nova,705.77,220,2.7
PROD05764,Product_05764,Electronics,Laptop,UrbanX,673.03,370,4.4
PROD05765,Product_05765,Fashion,Jeans,Apex,779.07,211,2.7
PROD05766,Product_05766,Electronics,Headphones,Vertex,1330.9,492,3.3
PROD05767,Product_05767,Sports,Running Gear,Zenith,204.05,277,3.0
PROD05768,Product_05768,Books,Comics,Zenith,412.0,257,3.4
PROD05769,Product_05769,Home,Lamp,Orion,522.71,72,4.6
PROD05770,Product_05770,Books,Comics,PrimeTech,603.11,222,2.7
PROD05771,Product_05771,Books,Fiction,Zenith,206.82,169,4.1
PROD05772,Product_05772,Books,Non-Fiction,UrbanX,271.39,153,4.6
PROD05773,Product_05773,Electronics,Smartwatch,Nova,617.22,347,3.3
PROD05774,Product_05774,Books,Comics,Zenith,319.73,355,3.0
PROD05775,Product_05775,Beauty,Makeup,Orion,439.43,237,2.6
PROD05776,Product_05776,Books,Non-Fiction,Vertex,691.17,496,3.5
PROD05777,Product_05777,Books,Non-Fiction,Orion,969.68,215,3.5
PROD05778,Product_05778,Beauty,Skincare,UrbanX,854.93,147,2.6
PROD05779,Product_05779,Beauty,Haircare,Zenith,1116.76,433,4.4
PROD05780,Product_05780,Books,Academic,UrbanX,453.06,13,3.5
PROD05781,Product_05781,Books,Non-Fiction,Nova,536.88,201,4.6
PROD05782,Product_05782,Beauty,Fragrance,PrimeTech,2496.81,424,3.5
PROD05783,Product_05783,Electronics,Smartphone,Nova,1005.26,289,2.8
PROD05784,Product_05784,Fashion,Shoes,UrbanX,1035.82,74,4.8
PROD05785,Product_05785,Sports,Running Gear,Vertex,655.86,393,4.8
PROD05786,Product_05786,Beauty,Makeup,Vertex,722.79,302,4.9
PROD05787,Product_05787,Books,Non-Fiction,UrbanX,312.06,472,2.6
PROD05788,Product_05788,Sports,Running Gear,Zenith,766.29,490,2.5
PROD05789,Product_05789,Sports,Running Gear,Vertex,746.9,168,3.0
PROD05790,Product_05790,Home,Chair,Orion,790.66,270,3.1
PROD05791,Product_05791,Fashion,Jeans,Vertex,936.23,159,4.1
PROD05792,Product_05792,Beauty,Fragrance,Vertex,550.53,73,3.8
PROD05793,Product_05793,Electronics,Headphones,Vertex,311.19,303,2.6
PROD05794,Product_05794,Books,Comics,Zenith,892.26,465,2.9
PROD05795,Product_05795,Home,Table,PrimeTech,388.54,7,4.9
PROD05796,Product_05796,Books,Comics,Vertex,1014.92,21,4.0
PROD05797,Product_05797,Beauty,Makeup,Apex,733.07,122,4.7
PROD05798,Product_05798,Fashion,Jeans,Zenith,942.06,69,4.5
PROD05799,Product_05799,Electronics,Smartphone,PrimeTech,348.44,152,2.7
PROD05800,Product_05800,Electronics,Smartphone,Nova,192.72,33,4.0
PROD05801,Product_05801,Books,Fiction,Zenith,557.53,402,4.7
PROD05802,Product_05802,Beauty,Fragrance,Nova,1204.13,62,4.2
PROD05803,Product_05803,Books,Fiction,Orion,785.09,462,4.7
PROD05804,Product_05804,Fashion,Jeans,UrbanX,600.53,203,4.4
PROD05805,Product_05805,Books,Comics,UrbanX,1356.0,238,3.9
PROD05806,Product_05806,Electronics,Smartphone,Apex,774.42,465,4.8
PROD05807,Product_05807,Fashion,Jacket,Orion,457.1,489,4.1
PROD05808,Product_05808,Books,Academic,Orion,568.84,14,2.5
PROD05809,Product_05809,Sports,Running Gear,Orion,2997.16,250,4.6
PROD05810,Product_05810,Home,Kitchen Appliance,UrbanX,1095.45,122,3.8
PROD05811,Product_05811,Electronics,Headphones,Vertex,431.85,481,4.0
PROD05812,Product_05812,Fashion,T-Shirt,Apex,820.19,308,2.9
PROD05813,Product_05813,Home,Table,PrimeTech,957.26,282,4.1
PROD05814,Product_05814,Home,Kitchen Appliance,UrbanX,250.03,18,3.4
PROD05815,Product_05815,Electronics,Smartwatch,Vertex,559.59,225,4.3
PROD05816,Product_05816,Home,Table,UrbanX,1846.01,157,2.5
PROD05817,Product_05817,Books,Fiction,PrimeTech,501.39,440,4.7
PROD05818,Product_05818,Home,Table,Vertex,615.72,185,2.6
PROD05819,Product_05819,Fashion,Jeans,Vertex,307.72,78,3.8
PROD05820,Product_05820,Beauty,Haircare,UrbanX,999.75,268,4.7
PROD05821,Product_05821,Home,Table,Apex,1316.97,286,3.7
PROD05822,Product_05822,Home,Lamp,UrbanX,612.25,188,2.8
PROD05823,Product_05823,Sports,Sportswear,Apex,634.06,123,4.9
PROD05824,Product_05824,Fashion,Jacket,PrimeTech,141.32,330,4.5
PROD05825,Product_05825,Sports,Running Gear,PrimeTech,133.28,496,3.8
PROD05826,Product_05826,Books,Academic,PrimeTech,691.87,498,3.3
PROD05827,Product_05827,Sports,Sportswear,PrimeTech,1051.05,32,4.6
PROD05828,Product_05828,Books,Academic,UrbanX,338.39,53,2.7
PROD05829,Product_05829,Fashion,T-Shirt,UrbanX,503.4,264,3.3
PROD05830,Product_05830,Books,Academic,UrbanX,1538.32,152,4.7
PROD05831,Product_05831,Books,Academic,UrbanX,661.09,484,4.6
PROD05832,Product_05832,Books,Non-Fiction,UrbanX,308.89,1,4.3
PROD05833,Product_05833,Fashion,Jacket,Orion,1381.02,407,2.8
PROD05834,Product_05834,Beauty,Fragrance,Nova,563.61,63,4.5
PROD05835,Product_05835,Books,Academic,Vertex,266.11,193,4.4
PROD05836,Product_05836,Home,Chair,Zenith,565.21,322,4.8
PROD05837,Product_05837,Electronics,Smartphone,Zenith,285.74,456,3.0
PROD05838,Product_05838,Books,Academic,Apex,598.84,442,4.1
PROD05839,Product_05839,Fashion,T-Shirt,Orion,262.26,413,3.8
PROD05840,Product_05840,Sports,Running Gear,PrimeTech,1502.97,43,3.9
PROD05841,Product_05841,Home,Chair,Orion,894.8,344,3.3
PROD05842,Product_05842,Sports,Sportswear,Orion,228.59,34,4.3
PROD05843,Product_05843,Beauty,Haircare,Orion,812.18,454,2.5
PROD05844,Product_05844,Electronics,Laptop,UrbanX,565.66,121,3.5
PROD05845,Product_05845,Home,Chair,PrimeTech,482.44,310,4.1
PROD05846,Product_05846,Home,Table,Nova,287.44,241,3.8
PROD05847,Product_05847,Books,Comics,Vertex,847.22,89,3.6
PROD05848,Product_05848,Books,Fiction,UrbanX,2339.13,65,3.8
PROD05849,Product_05849,Beauty,Makeup,Zenith,898.56,427,3.8
PROD05850,Product_05850,Sports,Sportswear,Vertex,268.2,265,4.2
PROD05851,Product_05851,Beauty,Skincare,Vertex,499.37,219,4.8
PROD05852,Product_05852,Fashion,Jeans,Orion,1200.12,419,4.8
PROD05853,Product_05853,Electronics,Smartphone,UrbanX,411.02,492,4.6
PROD05854,Product_05854,Sports,Sportswear,Zenith,419.41,7,3.3
PROD05855,Product_05855,Electronics,Laptop,Nova,109.8,243,3.1
PROD05856,Product_05856,Fashion,Jacket,Zenith,210.1,278,3.6
PROD05857,Product_05857,Electronics,Laptop,Zenith,599.88,466,3.6
PROD05858,Product_05858,Electronics,Smartphone,Vertex,178.94,202,3.9
PROD05859,Product_05859,Books,Academic,UrbanX,931.39,400,3.9
PROD05860,Product_05860,Sports,Outdoor Gear,Vertex,492.28,166,2.9
PROD05861,Product_05861,Fashion,Shoes,Orion,698.68,479,3.2
PROD05862,Product_05862,Electronics,Smartphone,Apex,587.41,74,4.7
PROD05863,Product_05863,Beauty,Haircare,UrbanX,2577.93,435,3.4
PROD05864,Product_05864,Beauty,Haircare,Zenith,1101.37,158,2.6
PROD05865,Product_05865,Sports,Running Gear,Vertex,1731.05,78,3.0
PROD05866,Product_05866,Home,Lamp,Orion,214.22,492,3.2
PROD05867,Product_05867,Electronics,Headphones,Vertex,675.62,96,2.6
PROD05868,Product_05868,Books,Fiction,Vertex,157.23,84,4.6
PROD05869,Product_05869,Home,Table,Nova,322.08,301,4.5
PROD05870,Product_05870,Fashion,Jeans,Zenith,1330.78,322,3.6
PROD05871,Product_05871,Electronics,Smartphone,Vertex,362.85,118,3.0
PROD05872,Product_05872,Home,Table,Nova,605.85,433,3.3
PROD05873,Product_05873,Books,Non-Fiction,Zenith,323.28,296,4.3
PROD05874,Product_05874,Beauty,Skincare,Orion,265.56,2,2.7
PROD05875,Product_05875,Books,Comics,Zenith,236.43,312,2.7
PROD05876,Product_05876,Books,Academic,UrbanX,219.11,175,4.7
PROD05877,Product_05877,Home,Table,Orion,561.56,436,4.5
PROD05878,Product_05878,Electronics,Smartwatch,UrbanX,318.3,57,4.9
PROD05879,Product_05879,Home,Table,Zenith,333.3,182,3.5
PROD05880,Product_05880,Electronics,Laptop,PrimeTech,447.58,169,3.2
PROD05881,Product_05881,Beauty,Makeup,Nova,505.23,407,3.1
PROD05882,Product_05882,Sports,Sportswear,PrimeTech,615.58,160,4.4
PROD05883,Product_05883,Beauty,Makeup,Vertex,283.19,469,3.0
PROD05884,Product_05884,Electronics,Smartphone,UrbanX,655.23,154,4.0
PROD05885,Product_05885,Fashion,T-Shirt,Nova,990.6,467,4.7
PROD05886,Product_05886,Electronics,Laptop,Apex,606.6,411,4.3
PROD05887,Product_05887,Sports,Outdoor Gear,UrbanX,536.1,256,3.2
PROD05888,Product_05888,Beauty,Fragrance,Vertex,1172.97,105,4.9
PROD05889,Product_05889,Sports,Running Gear,Zenith,1302.48,173,4.6
PROD05890,Product_05890,Fashion,T-Shirt,Apex,164.67,295,2.8
PROD05891,Product_05891,Fashion,T-Shirt,Apex,392.55,243,2.6
PROD05892,Product_05892,Home,Lamp,PrimeTech,593.11,200,4.7
PROD05893,Product_05893,Fashion,Jeans,Zenith,386.86,77,4.7
PROD05894,Product_05894,Books,Fiction,Orion,532.67,424,2.8
PROD05895,Product_05895,Electronics,Smartphone,Nova,1041.48,288,4.0
PROD05896,Product_05896,Beauty,Skincare,UrbanX,345.03,354,4.8
PROD05897,Product_05897,Beauty,Makeup,PrimeTech,269.57,105,2.6
PROD05898,Product_05898,Fashion,Jacket,Apex,458.6,491,4.0
PROD05899,Product_05899,Fashion,Jacket,UrbanX,116.45,72,3.1
PROD05900,Product_05900,Fashion,Jacket,Nova,394.31,184,3.9
PROD05901,Product_05901,Electronics,Laptop,Vertex,315.25,273,2.9
PROD05902,Product_05902,Sports,Sportswear,Orion,810.13,452,3.1
PROD05903,Product_05903,Electronics,Smartphone,Apex,1045.49,159,3.1
PROD05904,Product_05904,Fashion,T-Shirt,UrbanX,839.1,249,4.2
PROD05905,Product_05905,Beauty,Makeup,Apex,454.41,123,3.1
PROD05906,Product_05906,Home,Kitchen Appliance,Vertex,195.29,174,4.7
PROD05907,Product_05907,Books,Fiction,UrbanX,586.2,218,4.0
PROD05908,Product_05908,Fashion,Jeans,UrbanX,1197.54,258,3.3
PROD05909,Product_05909,Books,Comics,UrbanX,1343.49,337,4.5
PROD05910,Product_05910,Beauty,Haircare,Orion,527.91,79,4.7
PROD05911,Product_05911,Books,Non-Fiction,PrimeTech,2574.74,392,3.3
PROD05912,Product_05912,Fashion,T-Shirt,UrbanX,1017.47,170,4.5
PROD05913,Product_05913,Sports,Outdoor Gear,Nova,670.4,272,2.7
PROD05914,Product_05914,Fashion,T-Shirt,Nova,540.62,315,4.9
PROD05915,Product_05915,Sports,Outdoor Gear,Orion,717.43,329,4.2
PROD05916,Product_05916,Fashion,Jeans,UrbanX,1273.55,404,4.2
PROD05917,Product_05917,Books,Academic,Nova,1597.98,60,3.5
PROD05918,Product_05918,Beauty,Makeup,Apex,1182.27,473,3.4
PROD05919,Product_05919,Fashion,Jeans,Vertex,363.58,71,4.4
PROD05920,Product_05920,Electronics,Laptop,PrimeTech,255.41,255,3.0
PROD05921,Product_05921,Books,Comics,UrbanX,548.89,17,3.5
PROD05922,Product_05922,Fashion,Jacket,Vertex,172.98,172,4.3
PROD05923,Product_05923,Sports,Outdoor Gear,Nova,1317.96,361,4.8
PROD05924,Product_05924,Fashion,Shoes,Orion,487.15,375,4.1
PROD05925,Product_05925,Books,Academic,Zenith,798.29,469,2.9
PROD05926,Product_05926,Sports,Sportswear,Apex,723.83,71,3.5
PROD05927,Product_05927,Sports,Outdoor Gear,PrimeTech,1134.77,205,2.5
PROD05928,Product_05928,Books,Non-Fiction,Apex,943.71,397,4.8
PROD05929,Product_05929,Sports,Sportswear,Apex,534.35,481,4.5
PROD05930,Product_05930,Books,Fiction,Nova,210.8,42,2.9
PROD05931,Product_05931,Home,Kitchen Appliance,UrbanX,214.12,448,4.8
PROD05932,Product_05932,Books,Fiction,UrbanX,785.68,259,4.6
PROD05933,Product_05933,Beauty,Haircare,UrbanX,189.61,277,4.2
PROD05934,Product_05934,Home,Table,PrimeTech,557.03,33,4.0
PROD05935,Product_05935,Home,Lamp,Zenith,1496.95,145,3.9
PROD05936,Product_05936,Books,Academic,Apex,795.27,116,2.9
PROD05937,Product_05937,Fashion,Jacket,Nova,387.16,172,3.3
PROD05938,Product_05938,Sports,Fitness Equipment,UrbanX,2498.79,421,4.6
PROD05939,Product_05939,Sports,Outdoor Gear,Vertex,777.31,466,2.9
PROD05940,Product_05940,Sports,Sportswear,Nova,141.49,293,2.8
PROD05941,Product_05941,Books,Fiction,Nova,997.87,177,3.9
PROD05942,Product_05942,Home,Lamp,Zenith,1108.75,39,4.4
PROD05943,Product_05943,Beauty,Makeup,Vertex,224.66,29,3.0
PROD05944,Product_05944,Beauty,Skincare,UrbanX,291.73,187,4.5
PROD05945,Product_05945,Beauty,Makeup,Orion,334.31,319,2.5
PROD05946,Product_05946,Home,Chair,Zenith,539.71,152,5.0
PROD05947,Product_05947,Electronics,Headphones,PrimeTech,167.37,324,4.9
PROD05948,Product_05948,Electronics,Smartwatch,Nova,697.22,497,2.6
PROD05949,Product_05949,Electronics,Smartwatch,UrbanX,226.32,133,2.8
PROD05950,Product_05950,Fashion,Jacket,PrimeTech,374.46,56,3.6
PROD05951,Product_05951,Fashion,Jeans,Zenith,1359.91,137,3.0
PROD05952,Product_05952,Sports,Outdoor Gear,PrimeTech,1236.5,51,4.6
PROD05953,Product_05953,Home,Kitchen Appliance,Vertex,669.36,366,2.9
PROD05954,Product_05954,Home,Table,UrbanX,648.5,125,4.7
PROD05955,Product_05955,Books,Academic,Vertex,598.81,314,3.4
PROD05956,Product_05956,Home,Table,Orion,1064.42,452,4.8
PROD05957,Product_05957,Sports,Outdoor Gear,Nova,444.02,16,2.7
PROD05958,Product_05958,Home,Kitchen Appliance,UrbanX,394.95,79,4.2
PROD05959,Product_05959,Electronics,Laptop,Nova,1636.8,192,2.8
PROD05960,Product_05960,Electronics,Headphones,Orion,567.69,477,3.2
PROD05961,Product_05961,Sports,Sportswear,Orion,980.53,499,3.5
PROD05962,Product_05962,Home,Table,Orion,571.12,352,4.7
PROD05963,Product_05963,Books,Comics,PrimeTech,432.78,366,3.9
PROD05964,Product_05964,Books,Fiction,UrbanX,394.24,302,4.5
PROD05965,Product_05965,Books,Fiction,Orion,253.13,292,3.2
PROD05966,Product_05966,Beauty,Skincare,UrbanX,226.73,288,2.7
PROD05967,Product_05967,Beauty,Makeup,PrimeTech,267.75,48,4.0
PROD05968,Product_05968,Beauty,Makeup,Nova,653.41,54,4.3
PROD05969,Product_05969,Fashion,T-Shirt,PrimeTech,575.0,231,3.4
PROD05970,Product_05970,Books,Fiction,PrimeTech,695.19,82,3.7
PROD05971,Product_05971,Beauty,Makeup,PrimeTech,183.72,387,3.7
PROD05972,Product_05972,Books,Academic,Nova,3225.4,392,3.8
PROD05973,Product_05973,Sports,Fitness Equipment,UrbanX,263.33,206,4.2
PROD05974,Product_05974,Beauty,Makeup,Apex,447.77,151,3.9
PROD05975,Product_05975,Beauty,Makeup,UrbanX,245.6,400,3.8
PROD05976,Product_05976,Books,Non-Fiction,Orion,771.85,47,4.0
PROD05977,Product_05977,Sports,Sportswear,Nova,179.58,185,4.3
PROD05978,Product_05978,Sports,Sportswear,Orion,499.83,432,4.9
PROD05979,Product_05979,Electronics,Headphones,PrimeTech,572.34,299,2.9
PROD05980,Product_05980,Home,Chair,UrbanX,819.65,18,3.6
PROD05981,Product_05981,Beauty,Haircare,UrbanX,691.35,399,3.2
PROD05982,Product_05982,Beauty,Skincare,Apex,1255.67,488,3.1
PROD05983,Product_05983,Beauty,Makeup,Zenith,488.9,427,2.6
PROD05984,Product_05984,Electronics,Headphones,Nova,183.57,354,3.0
PROD05985,Product_05985,Beauty,Haircare,Apex,1245.53,491,4.0
PROD05986,Product_05986,Sports,Sportswear,Zenith,372.32,261,4.1
PROD05987,Product_05987,Beauty,Haircare,PrimeTech,646.63,44,3.8
PROD05988,Product_05988,Books,Comics,Vertex,585.92,461,3.9
PROD05989,Product_05989,Fashion,Shoes,Orion,1010.35,444,3.1
PROD05990,Product_05990,Electronics,Smartwatch,Orion,384.2,340,4.6
PROD05991,Product_05991,Fashion,Jeans,Zenith,831.48,215,2.9
PROD05992,Product_05992,Sports,Running Gear,Apex,159.34,11,4.6
PROD05993,Product_05993,Sports,Sportswear,Apex,225.85,147,3.7
PROD05994,Product_05994,Electronics,Smartphone,UrbanX,557.38,157,2.6
PROD05995,Product_05995,Beauty,Makeup,Vertex,313.59,395,3.7
PROD05996,Product_05996,Beauty,Fragrance,UrbanX,661.11,366,4.7
PROD05997,Product_05997,Home,Chair,UrbanX,254.78,420,3.9
PROD05998,Product_05998,Sports,Running Gear,Nova,2251.5,1,4.2
PROD05999,Product_05999,Electronics,Laptop,Orion,311.99,110,3.2
PROD06000,Product_06000,Electronics,Headphones,Zenith,916.8,249,4.8
PROD06001,Product_06001,Beauty,Skincare,PrimeTech,1343.8,467,4.8
PROD06002,Product_06002,Fashion,Jeans,Vertex,509.66,227,4.1
PROD06003,Product_06003,Home,Table,Vertex,914.11,366,2.5
PROD06004,Product_06004,Sports,Sportswear,Apex,808.35,430,4.5
PROD06005,Product_06005,Electronics,Laptop,Vertex,959.8,224,2.6
PROD06006,Product_06006,Fashion,Shoes,PrimeTech,835.57,497,4.7
PROD06007,Product_06007,Fashion,Shoes,Apex,323.82,101,3.5
PROD06008,Product_06008,Sports,Fitness Equipment,Vertex,991.05,297,3.9
PROD06009,Product_06009,Sports,Fitness Equipment,PrimeTech,163.58,457,3.6
PROD06010,Product_06010,Fashion,Shoes,Vertex,119.64,289,4.3
PROD06011,Product_06011,Beauty,Makeup,PrimeTech,2256.18,0,4.6
PROD06012,Product_06012,Beauty,Makeup,Nova,848.71,161,3.7
PROD06013,Product_06013,Sports,Outdoor Gear,Orion,636.88,283,3.7
PROD06014,Product_06014,Home,Chair,Apex,3154.42,274,4.5
PROD06015,Product_06015,Books,Non-Fiction,Zenith,1118.45,145,3.1
PROD06016,Product_06016,Books,Academic,PrimeTech,986.95,153,2.8
PROD06017,Product_06017,Sports,Fitness Equipment,Zenith,502.16,366,4.3
PROD06018,Product_06018,Sports,Fitness Equipment,Apex,406.43,411,4.7
PROD06019,Product_06019,Home,Table,Zenith,490.48,133,4.1
PROD06020,Product_06020,Books,Comics,Apex,557.96,348,2.6
PROD06021,Product_06021,Sports,Fitness Equipment,Orion,324.04,26,3.2
PROD06022,Product_06022,Electronics,Smartwatch,Orion,980.76,125,2.7
PROD06023,Product_06023,Sports,Fitness Equipment,Vertex,260.83,0,3.6
PROD06024,Product_06024,Home,Kitchen Appliance,Zenith,654.15,48,4.8
PROD06025,Product_06025,Fashion,Shoes,Vertex,441.65,370,3.5
PROD06026,Product_06026,Fashion,Shoes,Zenith,233.02,109,2.6
PROD06027,Product_06027,Home,Chair,Orion,852.46,105,3.5
PROD06028,Product_06028,Beauty,Haircare,PrimeTech,330.57,31,4.3
PROD06029,Product_06029,Sports,Outdoor Gear,Orion,2458.17,210,4.4
PROD06030,Product_06030,Sports,Outdoor Gear,UrbanX,1497.23,291,3.2
PROD06031,Product_06031,Books,Comics,Zenith,997.93,419,2.8
PROD06032,Product_06032,Beauty,Haircare,UrbanX,856.24,15,2.9
PROD06033,Product_06033,Electronics,Smartphone,Vertex,246.54,289,3.8
PROD06034,Product_06034,Sports,Outdoor Gear,PrimeTech,336.38,95,2.6
PROD06035,Product_06035,Electronics,Smartwatch,Apex,614.23,231,4.8
PROD06036,Product_06036,Sports,Sportswear,Apex,368.94,282,4.1
PROD06037,Product_06037,Books,Fiction,UrbanX,340.24,177,4.6
PROD06038,Product_06038,Electronics,Smartphone,Apex,1685.63,262,4.5
PROD06039,Product_06039,Beauty,Skincare,Nova,422.84,170,3.4
PROD06040,Product_06040,Books,Academic,Zenith,1330.07,341,3.4
PROD06041,Product_06041,Sports,Running Gear,Zenith,532.24,41,4.7
PROD06042,Product_06042,Sports,Sportswear,Zenith,567.75,275,3.0
PROD06043,Product_06043,Books,Comics,Apex,1312.74,292,5.0
PROD06044,Product_06044,Home,Kitchen Appliance,Orion,1495.59,69,4.5
PROD06045,Product_06045,Electronics,Smartphone,Vertex,109.88,342,4.5
PROD06046,Product_06046,Fashion,Jacket,Orion,1335.47,160,4.3
PROD06047,Product_06047,Electronics,Smartwatch,Orion,306.32,263,4.9
PROD06048,Product_06048,Books,Comics,Zenith,474.53,247,3.9
PROD06049,Product_06049,Home,Kitchen Appliance,PrimeTech,325.01,220,3.5
PROD06050,Product_06050,Fashion,Jeans,Nova,395.99,124,3.8
PROD06051,Product_06051,Sports,Fitness Equipment,Vertex,283.34,438,4.5
PROD06052,Product_06052,Sports,Sportswear,Apex,396.76,335,3.3
PROD06053,Product_06053,Home,Table,UrbanX,436.62,381,4.3
PROD06054,Product_06054,Books,Non-Fiction,Vertex,1029.46,131,5.0
PROD06055,Product_06055,Books,Academic,PrimeTech,864.57,449,3.7
PROD06056,Product_06056,Sports,Fitness Equipment,Zenith,614.8,200,3.3
PROD06057,Product_06057,Books,Academic,Nova,628.75,268,2.8
PROD06058,Product_06058,Books,Comics,Orion,920.29,138,4.2
PROD06059,Product_06059,Home,Lamp,PrimeTech,374.64,334,3.4
PROD06060,Product_06060,Sports,Running Gear,UrbanX,656.18,482,3.3
PROD06061,Product_06061,Home,Lamp,Apex,327.27,259,3.5
PROD06062,Product_06062,Fashion,Jacket,Zenith,1548.02,489,3.2
PROD06063,Product_06063,Sports,Sportswear,Zenith,163.83,236,3.7
PROD06064,Product_06064,Beauty,Makeup,Zenith,573.65,107,4.0
PROD06065,Product_06065,Books,Fiction,Zenith,400.55,109,3.8
PROD06066,Product_06066,Electronics,Headphones,Nova,103.58,103,3.6
PROD06067,Product_06067,Books,Comics,Apex,1803.31,297,4.7
PROD06068,Product_06068,Beauty,Skincare,UrbanX,146.42,16,4.8
PROD06069,Product_06069,Beauty,Fragrance,PrimeTech,1331.53,329,4.4
PROD06070,Product_06070,Fashion,Shoes,UrbanX,670.81,232,4.8
PROD06071,Product_06071,Beauty,Makeup,UrbanX,569.86,139,2.8
PROD06072,Product_06072,Home,Table,Apex,1063.97,161,3.0
PROD06073,Product_06073,Electronics,Smartphone,UrbanX,888.03,63,4.0
PROD06074,Product_06074,Sports,Sportswear,Orion,99.0,220,4.5
PROD06075,Product_06075,Books,Non-Fiction,Zenith,432.55,71,3.9
PROD06076,Product_06076,Home,Chair,Nova,349.54,318,3.8
PROD06077,Product_06077,Home,Table,Apex,601.44,492,2.9
PROD06078,Product_06078,Sports,Running Gear,UrbanX,912.79,483,4.3
PROD06079,Product_06079,Electronics,Headphones,UrbanX,587.99,226,4.4
PROD06080,Product_06080,Beauty,Makeup,Vertex,873.92,391,4.9
PROD06081,Product_06081,Electronics,Laptop,Vertex,827.18,480,4.3
PROD06082,Product_06082,Home,Table,PrimeTech,134.14,354,4.2
PROD06083,Product_06083,Fashion,Jacket,Orion,309.82,28,4.9
PROD06084,Product_06084,Beauty,Haircare,Apex,709.36,300,2.8
PROD06085,Product_06085,Fashion,Jeans,Orion,390.99,490,3.2
PROD06086,Product_06086,Sports,Fitness Equipment,Nova,427.2,316,2.8
PROD06087,Product_06087,Beauty,Haircare,UrbanX,137.83,169,3.3
PROD06088,Product_06088,Sports,Running Gear,Orion,528.43,478,4.1
PROD06089,Product_06089,Home,Chair,Vertex,1036.65,397,3.6
PROD06090,Product_06090,Fashion,T-Shirt,Apex,657.44,494,4.8
PROD06091,Product_06091,Home,Chair,Nova,1033.87,302,2.6
PROD06092,Product_06092,Electronics,Headphones,Vertex,1093.93,55,2.8
PROD06093,Product_06093,Fashion,Jacket,Vertex,667.38,341,2.6
PROD06094,Product_06094,Fashion,Jacket,UrbanX,278.68,1,4.6
PROD06095,Product_06095,Beauty,Makeup,UrbanX,2293.03,336,4.3
PROD06096,Product_06096,Electronics,Smartwatch,Nova,361.72,382,3.2
PROD06097,Product_06097,Fashion,Jacket,Apex,639.79,347,3.8
PROD06098,Product_06098,Electronics,Laptop,Orion,125.41,291,3.4
PROD06099,Product_06099,Fashion,Jeans,Vertex,713.79,396,4.4
PROD06100,Product_06100,Beauty,Skincare,Apex,149.37,19,4.1
PROD06101,Product_06101,Sports,Fitness Equipment,UrbanX,800.83,134,3.4
PROD06102,Product_06102,Books,Non-Fiction,Zenith,298.44,95,3.7
PROD06103,Product_06103,Fashion,T-Shirt,Nova,105.71,189,3.7
PROD06104,Product_06104,Fashion,Jeans,Nova,568.96,362,2.8
PROD06105,Product_06105,Home,Table,UrbanX,206.11,78,4.3
PROD06106,Product_06106,Sports,Sportswear,Orion,680.16,211,3.7
PROD06107,Product_06107,Electronics,Headphones,Vertex,1865.8,288,4.7
PROD06108,Product_06108,Beauty,Haircare,Orion,157.65,291,2.7
PROD06109,Product_06109,Sports,Running Gear,Nova,236.03,90,4.6
PROD06110,Product_06110,Electronics,Smartwatch,Orion,1045.67,34,5.0
PROD06111,Product_06111,Electronics,Smartphone,Orion,337.58,425,4.8
PROD06112,Product_06112,Fashion,T-Shirt,Zenith,2256.67,255,4.3
PROD06113,Product_06113,Beauty,Fragrance,PrimeTech,649.33,385,3.9
PROD06114,Product_06114,Beauty,Haircare,UrbanX,629.2,210,2.8
PROD06115,Product_06115,Electronics,Smartphone,Orion,328.58,3,2.9
PROD06116,Product_06116,Beauty,Makeup,Nova,1029.99,164,2.9
PROD06117,Product_06117,Fashion,Jacket,Zenith,1307.0,353,3.3
PROD06118,Product_06118,Books,Non-Fiction,Vertex,204.04,219,3.0
PROD06119,Product_06119,Electronics,Laptop,Apex,568.4,294,3.4
PROD06120,Product_06120,Beauty,Haircare,Zenith,494.46,88,3.4
PROD06121,Product_06121,Home,Kitchen Appliance,Zenith,599.1,397,2.9
PROD06122,Product_06122,Fashion,Jeans,Vertex,179.67,341,4.2
PROD06123,Product_06123,Electronics,Headphones,Zenith,983.07,76,3.8
PROD06124,Product_06124,Home,Chair,Zenith,518.96,152,4.5
PROD06125,Product_06125,Sports,Sportswear,Zenith,416.0,177,3.8
PROD06126,Product_06126,Sports,Running Gear,Vertex,260.57,13,4.0
PROD06127,Product_06127,Books,Comics,Nova,541.65,412,3.3
PROD06128,Product_06128,Books,Non-Fiction,PrimeTech,980.83,415,3.3
PROD06129,Product_06129,Electronics,Smartphone,Nova,324.53,213,3.9
PROD06130,Product_06130,Fashion,Jeans,Nova,430.85,312,3.2
PROD06131,Product_06131,Sports,Running Gear,Apex,323.61,262,4.9
PROD06132,Product_06132,Electronics,Smartphone,PrimeTech,910.5,327,2.9
PROD06133,Product_06133,Home,Chair,UrbanX,898.47,350,2.9
PROD06134,Product_06134,Sports,Fitness Equipment,UrbanX,237.01,47,4.8
PROD06135,Product_06135,Beauty,Skincare,PrimeTech,1061.95,306,2.9
PROD06136,Product_06136,Electronics,Laptop,Zenith,903.1,316,4.7
PROD06137,Product_06137,Fashion,Jacket,UrbanX,236.6,19,2.6
PROD06138,Product_06138,Books,Academic,PrimeTech,843.51,332,3.0
PROD06139,Product_06139,Sports,Running Gear,PrimeTech,1794.14,1,3.0
PROD06140,Product_06140,Fashion,Jeans,Orion,1299.66,125,4.1
PROD06141,Product_06141,Sports,Sportswear,Nova,656.16,136,4.0
PROD06142,Product_06142,Beauty,Haircare,Orion,270.85,10,4.0
PROD06143,Product_06143,Books,Academic,Orion,597.08,20,4.9
PROD06144,Product_06144,Electronics,Laptop,UrbanX,668.15,447,4.3
PROD06145,Product_06145,Home,Table,UrbanX,562.55,179,4.1
PROD06146,Product_06146,Fashion,Jacket,PrimeTech,591.54,40,4.3
PROD06147,Product_06147,Electronics,Smartphone,Zenith,487.33,447,4.2
PROD06148,Product_06148,Books,Comics,Orion,331.73,261,2.6
PROD06149,Product_06149,Books,Academic,PrimeTech,643.09,428,4.0
PROD06150,Product_06150,Fashion,Jeans,Vertex,265.17,63,3.4
PROD06151,Product_06151,Fashion,Shoes,PrimeTech,460.7,182,4.9
PROD06152,Product_06152,Home,Lamp,Apex,206.0,242,3.5
PROD06153,Product_06153,Sports,Fitness Equipment,Apex,964.63,257,3.1
PROD06154,Product_06154,Home,Chair,Zenith,618.11,217,4.5
PROD06155,Product_06155,Books,Comics,PrimeTech,1343.49,300,3.0
PROD06156,Product_06156,Books,Comics,PrimeTech,314.45,413,2.6
PROD06157,Product_06157,Fashion,T-Shirt,UrbanX,175.73,150,4.2
PROD06158,Product_06158,Home,Table,Apex,1304.89,302,4.3
PROD06159,Product_06159,Sports,Running Gear,Zenith,402.37,180,4.2
PROD06160,Product_06160,Books,Academic,Orion,976.51,8,2.8
PROD06161,Product_06161,Home,Kitchen Appliance,Apex,454.32,360,3.3
PROD06162,Product_06162,Books,Academic,Vertex,832.32,198,2.8
PROD06163,Product_06163,Home,Lamp,UrbanX,590.25,338,4.7
PROD06164,Product_06164,Sports,Running Gear,PrimeTech,588.97,291,3.0
PROD06165,Product_06165,Books,Non-Fiction,UrbanX,741.06,61,4.3
PROD06166,Product_06166,Home,Lamp,Orion,606.29,194,4.9
PROD06167,Product_06167,Electronics,Laptop,Orion,347.43,46,3.4
PROD06168,Product_06168,Home,Table,Zenith,1642.21,320,3.1
PROD06169,Product_06169,Electronics,Laptop,UrbanX,301.34,330,3.4
PROD06170,Product_06170,Fashion,T-Shirt,UrbanX,1829.64,95,4.3
PROD06171,Product_06171,Beauty,Makeup,UrbanX,865.1,407,3.2
PROD06172,Product_06172,Home,Chair,PrimeTech,990.41,145,4.9
PROD06173,Product_06173,Fashion,Shoes,PrimeTech,247.91,353,4.4
PROD06174,Product_06174,Home,Kitchen Appliance,Orion,267.28,463,3.4
PROD06175,Product_06175,Fashion,Shoes,Nova,392.2,396,4.6
PROD06176,Product_06176,Fashion,Jeans,Vertex,651.1,62,3.1
PROD06177,Product_06177,Sports,Fitness Equipment,Zenith,870.35,371,3.1
PROD06178,Product_06178,Beauty,Fragrance,Zenith,1316.71,343,4.8
PROD06179,Product_06179,Books,Fiction,Orion,2888.97,434,4.4
PROD06180,Product_06180,Electronics,Laptop,PrimeTech,563.01,363,4.1
PROD06181,Product_06181,Sports,Outdoor Gear,Nova,194.94,174,2.8
PROD06182,Product_06182,Beauty,Haircare,PrimeTech,529.55,455,4.2
PROD06183,Product_06183,Sports,Fitness Equipment,Vertex,542.55,395,4.2
PROD06184,Product_06184,Fashion,Jacket,UrbanX,507.95,437,3.6
PROD06185,Product_06185,Beauty,Fragrance,Nova,1291.53,215,2.8
PROD06186,Product_06186,Beauty,Fragrance,Orion,1336.84,460,4.4
PROD06187,Product_06187,Electronics,Headphones,Apex,355.42,368,3.2
PROD06188,Product_06188,Fashion,Shoes,Vertex,421.71,396,2.7
PROD06189,Product_06189,Books,Comics,Apex,517.1,332,2.9
PROD06190,Product_06190,Sports,Sportswear,Vertex,135.79,402,3.6
PROD06191,Product_06191,Sports,Running Gear,UrbanX,781.96,121,4.5
PROD06192,Product_06192,Beauty,Skincare,Apex,656.75,439,3.9
PROD06193,Product_06193,Books,Non-Fiction,Apex,244.12,255,2.6
PROD06194,Product_06194,Books,Academic,Nova,363.08,464,2.7
PROD06195,Product_06195,Beauty,Haircare,PrimeTech,498.71,152,3.1
PROD06196,Product_06196,Home,Lamp,Nova,737.33,460,4.6
PROD06197,Product_06197,Beauty,Fragrance,Nova,944.88,317,2.6
PROD06198,Product_06198,Home,Chair,PrimeTech,2442.09,43,2.5
PROD06199,Product_06199,Home,Kitchen Appliance,Orion,574.96,426,4.6
PROD06200,Product_06200,Fashion,Shoes,UrbanX,393.19,356,4.7
PROD06201,Product_06201,Home,Lamp,Orion,658.75,444,3.6
PROD06202,Product_06202,Home,Lamp,Zenith,1569.76,132,4.7
PROD06203,Product_06203,Home,Lamp,PrimeTech,798.74,418,3.1
PROD06204,Product_06204,Sports,Outdoor Gear,Apex,501.36,404,3.0
PROD06205,Product_06205,Sports,Sportswear,UrbanX,587.1,493,3.5
PROD06206,Product_06206,Electronics,Laptop,Zenith,439.09,290,3.7
PROD06207,Product_06207,Home,Lamp,UrbanX,469.59,421,3.1
PROD06208,Product_06208,Fashion,Jacket,PrimeTech,777.96,148,3.6
PROD06209,Product_06209,Electronics,Smartwatch,UrbanX,198.26,435,4.0
PROD06210,Product_06210,Fashion,Jacket,PrimeTech,676.23,40,3.4
PROD06211,Product_06211,Home,Kitchen Appliance,UrbanX,1528.16,469,4.3
PROD06212,Product_06212,Beauty,Makeup,Zenith,278.38,473,2.9
PROD06213,Product_06213,Beauty,Haircare,Orion,1377.32,15,2.8
PROD06214,Product_06214,Fashion,Shoes,Zenith,228.14,281,4.8
PROD06215,Product_06215,Sports,Fitness Equipment,Zenith,492.3,214,4.5
PROD06216,Product_06216,Electronics,Smartphone,Orion,2620.92,275,3.8
PROD06217,Product_06217,Fashion,Shoes,PrimeTech,188.67,231,4.9
PROD06218,Product_06218,Fashion,T-Shirt,Nova,812.95,207,4.9
PROD06219,Product_06219,Fashion,Shoes,Apex,263.86,488,3.9
PROD06220,Product_06220,Electronics,Smartphone,Orion,161.1,271,2.6
PROD06221,Product_06221,Books,Comics,Apex,223.65,427,3.2
PROD06222,Product_06222,Books,Comics,PrimeTech,406.2,44,4.6
PROD06223,Product_06223,Sports,Outdoor Gear,Zenith,634.4,421,3.0
PROD06224,Product_06224,Books,Academic,Apex,602.7,307,2.6
PROD06225,Product_06225,Sports,Running Gear,Apex,1358.71,98,3.6
PROD06226,Product_06226,Electronics,Smartwatch,Zenith,348.05,190,3.9
PROD06227,Product_06227,Home,Lamp,Apex,899.4,13,2.8
PROD06228,Product_06228,Beauty,Fragrance,Vertex,1566.0,345,3.6
PROD06229,Product_06229,Home,Chair,Apex,400.76,467,4.0
PROD06230,Product_06230,Books,Comics,Orion,545.42,472,3.9
PROD06231,Product_06231,Fashion,Jacket,Nova,603.77,465,3.0
PROD06232,Product_06232,Beauty,Makeup,Vertex,372.15,177,3.9
PROD06233,Product_06233,Home,Kitchen Appliance,Nova,375.02,387,4.1
PROD06234,Product_06234,Sports,Running Gear,Vertex,233.48,327,3.2
PROD06235,Product_06235,Fashion,T-Shirt,Vertex,890.14,477,3.4
PROD06236,Product_06236,Home,Lamp,Nova,927.8,283,4.6
PROD06237,Product_06237,Books,Academic,Nova,1468.59,409,2.8
PROD06238,Product_06238,Fashion,Jacket,Nova,99.0,130,2.7
PROD06239,Product_06239,Beauty,Haircare,UrbanX,914.3,309,4.1
PROD06240,Product_06240,Home,Table,UrbanX,465.04,313,4.3
PROD06241,Product_06241,Books,Fiction,PrimeTech,1095.74,82,4.0
PROD06242,Product_06242,Beauty,Fragrance,UrbanX,1766.13,158,4.2
PROD06243,Product_06243,Books,Non-Fiction,Zenith,632.8,251,3.7
PROD06244,Product_06244,Home,Kitchen Appliance,PrimeTech,660.29,161,2.6
PROD06245,Product_06245,Beauty,Skincare,UrbanX,302.14,147,3.4
PROD06246,Product_06246,Books,Comics,Apex,500.78,399,4.8
PROD06247,Product_06247,Sports,Fitness Equipment,PrimeTech,859.3,95,2.6
PROD06248,Product_06248,Beauty,Haircare,UrbanX,1654.35,376,4.4
PROD06249,Product_06249,Fashion,T-Shirt,Nova,274.74,160,3.0
PROD06250,Product_06250,Fashion,Jacket,Zenith,284.95,236,5.0
PROD06251,Product_06251,Beauty,Haircare,Vertex,943.24,289,3.7
PROD06252,Product_06252,Fashion,Shoes,Zenith,519.56,264,2.6
PROD06253,Product_06253,Sports,Sportswear,Apex,996.58,438,3.8
PROD06254,Product_06254,Beauty,Skincare,Apex,175.28,344,3.0
PROD06255,Product_06255,Fashion,Shoes,Vertex,141.71,425,2.5
PROD06256,Product_06256,Electronics,Headphones,PrimeTech,336.49,399,3.6
PROD06257,Product_06257,Books,Fiction,Orion,565.71,251,3.2
PROD06258,Product_06258,Books,Academic,Apex,1076.27,401,4.9
PROD06259,Product_06259,Books,Non-Fiction,Zenith,166.06,214,3.2
PROD06260,Product_06260,Electronics,Headphones,Vertex,430.23,140,3.9
PROD06261,Product_06261,Home,Table,Apex,604.97,212,3.0
PROD06262,Product_06262,Electronics,Laptop,Apex,937.66,324,3.1
PROD06263,Product_06263,Beauty,Skincare,Orion,600.34,499,3.8
PROD06264,Product_06264,Beauty,Makeup,Orion,873.05,380,4.0
PROD06265,Product_06265,Books,Comics,Zenith,99.22,319,4.9
PROD06266,Product_06266,Home,Table,UrbanX,464.38,427,2.5
PROD06267,Product_06267,Sports,Sportswear,PrimeTech,131.64,454,3.3
PROD06268,Product_06268,Beauty,Makeup,PrimeTech,232.08,34,3.0
PROD06269,Product_06269,Books,Non-Fiction,Nova,1267.69,208,4.8
PROD06270,Product_06270,Sports,Fitness Equipment,PrimeTech,1177.42,449,4.7
PROD06271,Product_06271,Home,Kitchen Appliance,UrbanX,520.98,131,3.6
PROD06272,Product_06272,Sports,Sportswear,UrbanX,1102.97,372,4.1
PROD06273,Product_06273,Electronics,Laptop,Orion,217.22,131,4.7
PROD06274,Product_06274,Beauty,Skincare,UrbanX,185.52,496,3.4
PROD06275,Product_06275,Home,Chair,PrimeTech,869.52,122,3.3
PROD06276,Product_06276,Sports,Sportswear,Vertex,757.66,106,5.0
PROD06277,Product_06277,Home,Chair,Nova,771.39,156,3.1
PROD06278,Product_06278,Home,Table,Orion,296.83,308,4.3
PROD06279,Product_06279,Fashion,Jacket,Zenith,467.24,72,4.2
PROD06280,Product_06280,Beauty,Makeup,Orion,761.52,179,4.9
PROD06281,Product_06281,Books,Comics,Vertex,577.87,226,3.3
PROD06282,Product_06282,Beauty,Makeup,Vertex,365.95,324,3.6
PROD06283,Product_06283,Electronics,Laptop,UrbanX,661.86,437,4.7
PROD06284,Product_06284,Electronics,Headphones,Apex,1042.29,500,2.6
PROD06285,Product_06285,Fashion,Jacket,Apex,685.41,452,4.1
PROD06286,Product_06286,Electronics,Smartphone,Vertex,283.1,484,3.2
PROD06287,Product_06287,Fashion,Shoes,Nova,860.69,165,2.5
PROD06288,Product_06288,Electronics,Laptop,Orion,487.35,431,4.5
PROD06289,Product_06289,Sports,Fitness Equipment,Orion,1040.95,391,4.1
PROD06290,Product_06290,Beauty,Haircare,Vertex,436.72,125,3.3
PROD06291,Product_06291,Home,Kitchen Appliance,Apex,711.31,349,3.6
PROD06292,Product_06292,Home,Kitchen Appliance,Apex,686.22,118,3.3
PROD06293,Product_06293,Home,Chair,Vertex,363.76,414,2.6
PROD06294,Product_06294,Books,Comics,PrimeTech,260.02,12,4.9
PROD06295,Product_06295,Electronics,Smartphone,PrimeTech,334.28,496,3.8
PROD06296,Product_06296,Beauty,Fragrance,PrimeTech,189.55,386,4.4
PROD06297,Product_06297,Home,Chair,UrbanX,99.0,127,4.6
PROD06298,Product_06298,Books,Comics,Nova,1971.02,143,4.4
PROD06299,Product_06299,Electronics,Headphones,Zenith,873.37,391,3.1
PROD06300,Product_06300,Beauty,Makeup,PrimeTech,1939.4,235,2.6
PROD06301,Product_06301,Electronics,Smartwatch,Zenith,369.38,355,2.6
PROD06302,Product_06302,Fashion,T-Shirt,Orion,757.69,386,2.6
PROD06303,Product_06303,Electronics,Smartwatch,Vertex,422.79,437,3.5
PROD06304,Product_06304,Electronics,Smartphone,Orion,701.3,30,3.9
PROD06305,Product_06305,Home,Kitchen Appliance,Orion,446.2,313,5.0
PROD06306,Product_06306,Electronics,Smartwatch,Nova,1308.16,351,3.0
PROD06307,Product_06307,Fashion,T-Shirt,Orion,1081.42,272,3.4
PROD06308,Product_06308,Sports,Outdoor Gear,Vertex,607.12,125,3.1
PROD06309,Product_06309,Beauty,Fragrance,Apex,777.82,163,4.5
PROD06310,Product_06310,Home,Kitchen Appliance,UrbanX,356.26,14,4.2
PROD06311,Product_06311,Electronics,Laptop,Vertex,399.52,282,5.0
PROD06312,Product_06312,Sports,Outdoor Gear,PrimeTech,854.46,143,2.6
PROD06313,Product_06313,Electronics,Headphones,Vertex,839.98,405,2.7
PROD06314,Product_06314,Electronics,Laptop,Apex,458.74,109,3.7
PROD06315,Product_06315,Fashion,Shoes,Zenith,526.51,55,3.1
PROD06316,Product_06316,Home,Kitchen Appliance,Zenith,595.61,378,4.3
PROD06317,Product_06317,Electronics,Smartphone,Zenith,1189.42,309,4.2
PROD06318,Product_06318,Home,Kitchen Appliance,Zenith,269.91,26,3.1
PROD06319,Product_06319,Sports,Sportswear,Orion,1004.57,138,4.7
PROD06320,Product_06320,Electronics,Laptop,Nova,731.85,167,2.9
PROD06321,Product_06321,Books,Non-Fiction,Vertex,1001.86,33,4.6
PROD06322,Product_06322,Sports,Running Gear,Zenith,368.8,260,3.7
PROD06323,Product_06323,Electronics,Headphones,PrimeTech,1999.25,57,2.8
PROD06324,Product_06324,Electronics,Smartphone,Orion,502.73,109,3.6
PROD06325,Product_06325,Electronics,Smartphone,Orion,263.81,114,5.0
PROD06326,Product_06326,Electronics,Laptop,Zenith,334.11,348,4.2
PROD06327,Product_06327,Beauty,Haircare,Apex,381.03,409,4.6
PROD06328,Product_06328,Fashion,Shoes,PrimeTech,577.18,229,3.5
PROD06329,Product_06329,Books,Academic,Nova,394.55,328,4.4
PROD06330,Product_06330,Books,Non-Fiction,Nova,566.83,487,3.7
PROD06331,Product_06331,Fashion,Jacket,Zenith,229.59,437,4.8
PROD06332,Product_06332,Electronics,Smartphone,Vertex,1098.74,405,4.5
PROD06333,Product_06333,Home,Kitchen Appliance,Orion,324.19,159,3.4
PROD06334,Product_06334,Fashion,Shoes,UrbanX,133.23,162,3.6
PROD06335,Product_06335,Electronics,Laptop,Zenith,467.22,119,3.1
PROD06336,Product_06336,Electronics,Laptop,Orion,280.21,82,4.2
PROD06337,Product_06337,Books,Non-Fiction,PrimeTech,452.54,299,4.6
PROD06338,Product_06338,Beauty,Skincare,PrimeTech,1044.21,369,4.4
PROD06339,Product_06339,Books,Comics,Vertex,398.66,401,4.4
PROD06340,Product_06340,Home,Lamp,Vertex,388.15,461,4.9
PROD06341,Product_06341,Fashion,T-Shirt,Orion,117.21,272,3.3
PROD06342,Product_06342,Home,Chair,Apex,910.15,185,2.8
PROD06343,Product_06343,Sports,Running Gear,Apex,253.05,487,4.9
PROD06344,Product_06344,Home,Table,Nova,268.51,239,3.0
PROD06345,Product_06345,Beauty,Haircare,Vertex,609.54,411,3.1
PROD06346,Product_06346,Sports,Running Gear,Nova,439.48,374,4.3
PROD06347,Product_06347,Electronics,Laptop,Apex,186.18,430,4.0
PROD06348,Product_06348,Books,Fiction,Vertex,1174.53,357,3.6
PROD06349,Product_06349,Electronics,Headphones,UrbanX,307.44,50,3.5
PROD06350,Product_06350,Books,Comics,Nova,420.27,202,3.2
PROD06351,Product_06351,Home,Lamp,Apex,644.67,295,2.7
PROD06352,Product_06352,Books,Fiction,Zenith,735.85,376,3.1
PROD06353,Product_06353,Fashion,Jeans,PrimeTech,968.23,68,3.8
PROD06354,Product_06354,Home,Lamp,PrimeTech,1616.73,433,3.2
PROD06355,Product_06355,Electronics,Headphones,Nova,329.16,12,3.8
PROD06356,Product_06356,Sports,Outdoor Gear,PrimeTech,1335.48,339,3.1
PROD06357,Product_06357,Electronics,Smartphone,Orion,2034.86,273,2.7
PROD06358,Product_06358,Home,Table,Nova,1329.23,58,4.9
PROD06359,Product_06359,Books,Non-Fiction,UrbanX,2245.28,177,2.7
PROD06360,Product_06360,Fashion,T-Shirt,PrimeTech,1556.68,425,3.8
PROD06361,Product_06361,Beauty,Skincare,Apex,1512.71,329,4.3
PROD06362,Product_06362,Beauty,Fragrance,UrbanX,1615.82,183,3.8
PROD06363,Product_06363,Electronics,Smartphone,Orion,1377.15,209,3.5
PROD06364,Product_06364,Sports,Outdoor Gear,PrimeTech,473.47,204,4.7
PROD06365,Product_06365,Books,Comics,UrbanX,691.1,426,2.9
PROD06366,Product_06366,Sports,Fitness Equipment,Nova,672.01,239,4.3
PROD06367,Product_06367,Sports,Running Gear,PrimeTech,2018.43,267,3.0
PROD06368,Product_06368,Beauty,Fragrance,Apex,704.47,120,4.5
PROD06369,Product_06369,Beauty,Haircare,PrimeTech,1369.17,226,4.9
PROD06370,Product_06370,Home,Lamp,Apex,233.13,465,2.9
PROD06371,Product_06371,Books,Comics,Zenith,1211.12,332,3.6
PROD06372,Product_06372,Home,Lamp,Zenith,1704.34,393,4.7
PROD06373,Product_06373,Electronics,Headphones,Apex,1196.52,1,2.9
PROD06374,Product_06374,Fashion,T-Shirt,Apex,743.68,109,4.1
PROD06375,Product_06375,Books,Comics,PrimeTech,748.72,280,2.6
PROD06376,Product_06376,Sports,Fitness Equipment,Nova,1472.03,186,2.9
PROD06377,Product_06377,Electronics,Smartphone,Vertex,261.83,177,2.9
PROD06378,Product_06378,Books,Fiction,UrbanX,297.37,419,4.4
PROD06379,Product_06379,Fashion,Jeans,Zenith,445.79,119,3.8
PROD06380,Product_06380,Home,Kitchen Appliance,PrimeTech,679.23,210,4.9
PROD06381,Product_06381,Fashion,Jeans,PrimeTech,336.28,406,3.4
PROD06382,Product_06382,Electronics,Smartwatch,Orion,1899.84,319,4.3
PROD06383,Product_06383,Home,Kitchen Appliance,Apex,208.01,494,4.5
PROD06384,Product_06384,Home,Table,UrbanX,229.23,91,3.5
PROD06385,Product_06385,Sports,Fitness Equipment,UrbanX,196.93,484,3.7
PROD06386,Product_06386,Home,Lamp,Vertex,99.0,492,3.5
PROD06387,Product_06387,Home,Kitchen Appliance,Zenith,1245.24,188,3.7
PROD06388,Product_06388,Beauty,Makeup,PrimeTech,429.23,46,3.7
PROD06389,Product_06389,Books,Fiction,Zenith,533.31,42,4.4
PROD06390,Product_06390,Books,Non-Fiction,Apex,163.14,3,2.8
PROD06391,Product_06391,Beauty,Fragrance,PrimeTech,946.43,66,3.9
PROD06392,Product_06392,Electronics,Laptop,Zenith,1296.75,347,4.8
PROD06393,Product_06393,Home,Table,PrimeTech,138.18,17,3.7
PROD06394,Product_06394,Home,Table,Nova,684.37,273,4.6
PROD06395,Product_06395,Home,Lamp,Nova,548.57,53,2.7
PROD06396,Product_06396,Fashion,Shoes,PrimeTech,210.22,441,3.6
PROD06397,Product_06397,Home,Chair,Vertex,530.53,433,3.3
PROD06398,Product_06398,Beauty,Haircare,UrbanX,322.38,356,3.8
PROD06399,Product_06399,Beauty,Makeup,PrimeTech,385.17,129,3.2
PROD06400,Product_06400,Books,Fiction,UrbanX,289.17,469,2.7
PROD06401,Product_06401,Home,Kitchen Appliance,Zenith,154.43,196,3.6
PROD06402,Product_06402,Beauty,Haircare,PrimeTech,2710.6,302,4.4
PROD06403,Product_06403,Sports,Fitness Equipment,Zenith,763.88,354,4.4
PROD06404,Product_06404,Books,Fiction,Nova,246.7,134,2.5
PROD06405,Product_06405,Electronics,Headphones,Nova,719.41,305,4.0
PROD06406,Product_06406,Electronics,Laptop,PrimeTech,366.16,303,3.2
PROD06407,Product_06407,Sports,Fitness Equipment,Orion,636.23,300,4.2
PROD06408,Product_06408,Beauty,Makeup,Zenith,957.62,418,2.9
PROD06409,Product_06409,Books,Academic,Zenith,172.76,147,2.7
PROD06410,Product_06410,Electronics,Smartwatch,Nova,397.83,119,4.3
PROD06411,Product_06411,Fashion,T-Shirt,Orion,1259.21,294,3.6
PROD06412,Product_06412,Beauty,Fragrance,PrimeTech,374.79,190,4.7
PROD06413,Product_06413,Sports,Sportswear,UrbanX,348.75,28,2.8
PROD06414,Product_06414,Books,Comics,Orion,649.3,136,4.5
PROD06415,Product_06415,Fashion,Shoes,Zenith,416.14,356,2.7
PROD06416,Product_06416,Books,Comics,UrbanX,1968.73,115,3.6
PROD06417,Product_06417,Books,Fiction,Nova,476.72,211,4.9
PROD06418,Product_06418,Sports,Sportswear,Orion,543.33,20,2.8
PROD06419,Product_06419,Fashion,T-Shirt,UrbanX,675.5,68,3.7
PROD06420,Product_06420,Electronics,Headphones,PrimeTech,519.91,411,2.9
PROD06421,Product_06421,Beauty,Skincare,Nova,411.69,218,4.7
PROD06422,Product_06422,Electronics,Laptop,Apex,421.31,268,3.5
PROD06423,Product_06423,Fashion,Jacket,Apex,714.89,234,3.0
PROD06424,Product_06424,Beauty,Skincare,Nova,281.19,323,3.4
PROD06425,Product_06425,Books,Fiction,Orion,185.12,124,2.8
PROD06426,Product_06426,Electronics,Headphones,Zenith,174.33,218,3.0
PROD06427,Product_06427,Beauty,Skincare,Vertex,534.54,116,4.7
PROD06428,Product_06428,Fashion,Jacket,Vertex,844.75,178,2.8
PROD06429,Product_06429,Beauty,Haircare,Zenith,918.13,368,3.3
PROD06430,Product_06430,Beauty,Makeup,Zenith,99.0,217,4.3
PROD06431,Product_06431,Fashion,Shoes,Apex,753.25,149,2.9
PROD06432,Product_06432,Electronics,Headphones,Orion,277.24,301,4.6
PROD06433,Product_06433,Electronics,Smartphone,Vertex,453.33,300,4.1
PROD06434,Product_06434,Electronics,Headphones,Vertex,1359.88,356,2.7
PROD06435,Product_06435,Fashion,Shoes,Apex,102.6,283,2.9
PROD06436,Product_06436,Sports,Running Gear,UrbanX,590.81,322,4.2
PROD06437,Product_06437,Sports,Outdoor Gear,Apex,203.31,108,4.2
PROD06438,Product_06438,Sports,Outdoor Gear,UrbanX,1109.63,299,3.1
PROD06439,Product_06439,Home,Chair,UrbanX,614.54,153,3.0
PROD06440,Product_06440,Home,Lamp,UrbanX,366.68,254,4.9
PROD06441,Product_06441,Books,Non-Fiction,Zenith,467.7,481,4.7
PROD06442,Product_06442,Home,Chair,Orion,1488.39,222,4.2
PROD06443,Product_06443,Electronics,Smartwatch,Vertex,374.32,391,2.6
PROD06444,Product_06444,Home,Table,Zenith,406.7,426,3.8
PROD06445,Product_06445,Fashion,Jeans,Zenith,440.97,127,3.7
PROD06446,Product_06446,Electronics,Smartphone,Zenith,940.68,115,4.3
PROD06447,Product_06447,Fashion,T-Shirt,Apex,1490.82,102,3.4
PROD06448,Product_06448,Fashion,Jeans,Apex,203.55,278,3.3
PROD06449,Product_06449,Beauty,Fragrance,Orion,524.26,51,2.7
PROD06450,Product_06450,Books,Academic,UrbanX,389.62,124,4.6
PROD06451,Product_06451,Fashion,Jeans,Vertex,2697.8,460,2.6
PROD06452,Product_06452,Sports,Running Gear,Vertex,245.55,45,3.3
PROD06453,Product_06453,Beauty,Haircare,Orion,232.54,33,3.6
PROD06454,Product_06454,Electronics,Headphones,Apex,291.69,455,3.4
PROD06455,Product_06455,Electronics,Headphones,Vertex,153.25,183,4.0
PROD06456,Product_06456,Beauty,Haircare,Vertex,894.89,114,4.6
PROD06457,Product_06457,Books,Non-Fiction,PrimeTech,777.68,73,3.1
PROD06458,Product_06458,Sports,Outdoor Gear,Zenith,373.95,314,2.7
PROD06459,Product_06459,Fashion,T-Shirt,Apex,219.16,332,3.8
PROD06460,Product_06460,Electronics,Smartwatch,PrimeTech,1609.76,477,3.3
PROD06461,Product_06461,Electronics,Headphones,UrbanX,531.5,114,4.1
PROD06462,Product_06462,Beauty,Fragrance,Nova,818.55,234,4.6
PROD06463,Product_06463,Sports,Running Gear,UrbanX,188.33,126,3.6
PROD06464,Product_06464,Books,Non-Fiction,Vertex,917.67,6,4.7
PROD06465,Product_06465,Fashion,Shoes,Apex,272.59,305,3.9
PROD06466,Product_06466,Electronics,Smartwatch,PrimeTech,404.25,285,4.2
PROD06467,Product_06467,Fashion,Shoes,Zenith,408.56,107,2.6
PROD06468,Product_06468,Home,Table,Zenith,333.99,145,3.0
PROD06469,Product_06469,Beauty,Makeup,UrbanX,1288.99,200,2.9
PROD06470,Product_06470,Home,Kitchen Appliance,Orion,227.69,96,3.5
PROD06471,Product_06471,Books,Comics,Vertex,217.62,371,4.5
PROD06472,Product_06472,Beauty,Makeup,Apex,819.55,41,4.1
PROD06473,Product_06473,Sports,Fitness Equipment,Orion,853.52,289,2.7
PROD06474,Product_06474,Fashion,Jeans,PrimeTech,669.28,429,4.4
PROD06475,Product_06475,Sports,Outdoor Gear,PrimeTech,740.4,100,4.7
PROD06476,Product_06476,Sports,Running Gear,PrimeTech,361.0,179,2.8
PROD06477,Product_06477,Beauty,Skincare,Orion,191.13,132,4.1
PROD06478,Product_06478,Electronics,Smartphone,Nova,131.39,250,3.6
PROD06479,Product_06479,Home,Chair,Orion,685.69,351,3.1
PROD06480,Product_06480,Sports,Sportswear,Vertex,827.06,379,2.7
PROD06481,Product_06481,Home,Lamp,Zenith,1672.72,101,4.8
PROD06482,Product_06482,Beauty,Makeup,Zenith,1462.67,167,2.6
PROD06483,Product_06483,Books,Comics,Nova,951.69,265,4.7
PROD06484,Product_06484,Sports,Sportswear,Zenith,421.91,62,3.9
PROD06485,Product_06485,Books,Comics,Vertex,312.54,178,2.9
PROD06486,Product_06486,Sports,Outdoor Gear,Zenith,847.02,92,4.2
PROD06487,Product_06487,Electronics,Laptop,Zenith,603.05,15,5.0
PROD06488,Product_06488,Books,Fiction,PrimeTech,161.48,13,4.9
PROD06489,Product_06489,Books,Academic,Orion,403.19,64,4.3
PROD06490,Product_06490,Sports,Outdoor Gear,Zenith,616.9,446,2.7
PROD06491,Product_06491,Beauty,Makeup,Apex,547.98,192,4.7
PROD06492,Product_06492,Beauty,Skincare,Zenith,743.86,111,3.5
PROD06493,Product_06493,Sports,Running Gear,Nova,348.37,76,4.8
PROD06494,Product_06494,Fashion,T-Shirt,Zenith,587.04,279,3.7
PROD06495,Product_06495,Beauty,Skincare,UrbanX,741.51,391,3.1
PROD06496,Product_06496,Sports,Sportswear,UrbanX,99.0,363,3.4
PROD06497,Product_06497,Beauty,Haircare,Zenith,466.57,221,4.1
PROD06498,Product_06498,Electronics,Laptop,PrimeTech,168.43,174,3.9
PROD06499,Product_06499,Fashion,Jacket,UrbanX,274.13,104,2.9
PROD06500,Product_06500,Home,Kitchen Appliance,Nova,203.96,393,3.5
PROD06501,Product_06501,Beauty,Skincare,UrbanX,732.41,380,4.4
PROD06502,Product_06502,Beauty,Skincare,Apex,549.8,357,3.3
PROD06503,Product_06503,Beauty,Fragrance,PrimeTech,1332.95,275,2.7
PROD06504,Product_06504,Fashion,Shoes,PrimeTech,336.45,398,4.3
PROD06505,Product_06505,Electronics,Laptop,Zenith,565.89,294,4.3
PROD06506,Product_06506,Fashion,Jeans,Orion,536.09,48,4.1
PROD06507,Product_06507,Sports,Outdoor Gear,Vertex,487.79,326,4.8
PROD06508,Product_06508,Fashion,Shoes,PrimeTech,145.87,475,4.0
PROD06509,Product_06509,Sports,Sportswear,PrimeTech,3001.28,382,2.9
PROD06510,Product_06510,Books,Academic,Nova,808.41,372,4.1
PROD06511,Product_06511,Home,Table,Zenith,104.55,369,4.3
PROD06512,Product_06512,Beauty,Haircare,Nova,1419.29,331,4.0
PROD06513,Product_06513,Beauty,Fragrance,Nova,1545.64,385,4.8
PROD06514,Product_06514,Sports,Outdoor Gear,Vertex,316.75,454,3.9
PROD06515,Product_06515,Electronics,Smartwatch,Vertex,406.16,340,4.8
PROD06516,Product_06516,Home,Chair,Nova,313.43,172,3.2
PROD06517,Product_06517,Sports,Fitness Equipment,Zenith,349.91,214,3.8
PROD06518,Product_06518,Beauty,Fragrance,Zenith,2737.98,168,3.4
PROD06519,Product_06519,Books,Academic,Zenith,373.81,415,3.5
PROD06520,Product_06520,Sports,Running Gear,PrimeTech,617.35,37,3.5
PROD06521,Product_06521,Beauty,Fragrance,UrbanX,721.16,69,4.2
PROD06522,Product_06522,Home,Kitchen Appliance,UrbanX,603.03,462,3.3
PROD06523,Product_06523,Electronics,Laptop,Orion,427.03,364,3.3
PROD06524,Product_06524,Electronics,Laptop,Vertex,173.07,395,3.0
PROD06525,Product_06525,Beauty,Makeup,Nova,138.41,285,4.4
PROD06526,Product_06526,Beauty,Fragrance,PrimeTech,207.84,232,3.4
PROD06527,Product_06527,Sports,Outdoor Gear,Zenith,529.83,299,2.6
PROD06528,Product_06528,Books,Academic,Apex,864.07,277,2.8
PROD06529,Product_06529,Books,Academic,Nova,202.91,101,3.2
PROD06530,Product_06530,Electronics,Laptop,Vertex,484.83,222,3.0
PROD06531,Product_06531,Home,Chair,Nova,466.12,88,4.8
PROD06532,Product_06532,Beauty,Makeup,Vertex,302.72,233,3.1
PROD06533,Product_06533,Books,Academic,Apex,136.56,276,2.5
PROD06534,Product_06534,Fashion,Jeans,PrimeTech,540.37,178,3.7
PROD06535,Product_06535,Fashion,Jeans,UrbanX,272.92,87,3.1
PROD06536,Product_06536,Fashion,T-Shirt,Vertex,1766.31,115,3.8
PROD06537,Product_06537,Books,Academic,Apex,467.58,251,4.8
PROD06538,Product_06538,Electronics,Smartwatch,Vertex,1217.5,34,3.7
PROD06539,Product_06539,Electronics,Laptop,Vertex,247.08,416,3.9
PROD06540,Product_06540,Books,Academic,UrbanX,2236.42,485,4.6
PROD06541,Product_06541,Sports,Fitness Equipment,PrimeTech,764.45,321,3.0
PROD06542,Product_06542,Fashion,Shoes,Apex,894.81,8,4.9
PROD06543,Product_06543,Sports,Fitness Equipment,Vertex,816.39,320,2.7
PROD06544,Product_06544,Home,Table,Apex,647.29,319,4.0
PROD06545,Product_06545,Sports,Fitness Equipment,PrimeTech,1068.48,281,4.8
PROD06546,Product_06546,Beauty,Skincare,Apex,242.93,455,4.5
PROD06547,Product_06547,Sports,Fitness Equipment,Zenith,823.72,402,4.0
PROD06548,Product_06548,Beauty,Fragrance,Zenith,564.66,110,3.3
PROD06549,Product_06549,Beauty,Haircare,Zenith,526.44,34,4.4
PROD06550,Product_06550,Fashion,Jacket,UrbanX,501.13,113,3.3
PROD06551,Product_06551,Home,Lamp,Vertex,327.48,488,2.7
PROD06552,Product_06552,Books,Non-Fiction,Vertex,4566.43,171,4.5
PROD06553,Product_06553,Beauty,Skincare,PrimeTech,774.27,426,4.0
PROD06554,Product_06554,Home,Kitchen Appliance,Nova,941.65,402,3.2
PROD06555,Product_06555,Home,Table,Vertex,388.28,101,4.5
PROD06556,Product_06556,Home,Lamp,Zenith,556.13,168,3.8
PROD06557,Product_06557,Electronics,Smartphone,UrbanX,374.02,428,4.5
PROD06558,Product_06558,Books,Academic,Orion,162.84,468,3.8
PROD06559,Product_06559,Home,Table,PrimeTech,371.35,393,4.6
PROD06560,Product_06560,Beauty,Makeup,Apex,1238.3,181,4.4
PROD06561,Product_06561,Home,Table,Vertex,291.7,462,4.3
PROD06562,Product_06562,Books,Non-Fiction,Zenith,1103.48,148,4.3
PROD06563,Product_06563,Fashion,Jacket,Apex,682.23,117,4.6
PROD06564,Product_06564,Fashion,Jeans,PrimeTech,948.01,336,3.7
PROD06565,Product_06565,Beauty,Makeup,Vertex,686.19,400,4.3
PROD06566,Product_06566,Beauty,Skincare,UrbanX,1410.5,15,3.1
PROD06567,Product_06567,Beauty,Fragrance,PrimeTech,534.31,156,5.0
PROD06568,Product_06568,Fashion,Jacket,UrbanX,307.24,59,4.4
PROD06569,Product_06569,Fashion,T-Shirt,Apex,1021.48,67,3.6
PROD06570,Product_06570,Fashion,T-Shirt,Orion,1111.15,340,3.7
PROD06571,Product_06571,Books,Non-Fiction,PrimeTech,238.33,473,3.3
PROD06572,Product_06572,Books,Academic,PrimeTech,1537.41,247,4.4
PROD06573,Product_06573,Books,Non-Fiction,UrbanX,564.51,344,2.7
PROD06574,Product_06574,Beauty,Skincare,PrimeTech,867.32,67,5.0
PROD06575,Product_06575,Fashion,Jeans,Apex,829.38,219,3.0
PROD06576,Product_06576,Beauty,Fragrance,Orion,1945.72,499,4.0
PROD06577,Product_06577,Electronics,Smartphone,Nova,3951.48,127,3.1
PROD06578,Product_06578,Fashion,Shoes,Nova,627.79,188,2.7
PROD06579,Product_06579,Beauty,Haircare,Vertex,1272.58,225,2.7
PROD06580,Product_06580,Beauty,Fragrance,Nova,817.54,365,2.6
PROD06581,Product_06581,Fashion,Jeans,UrbanX,708.33,91,2.9
PROD06582,Product_06582,Fashion,T-Shirt,UrbanX,273.93,494,4.7
PROD06583,Product_06583,Fashion,Jacket,UrbanX,833.32,20,2.7
PROD06584,Product_06584,Home,Table,Vertex,854.05,432,3.2
PROD06585,Product_06585,Fashion,Jeans,PrimeTech,693.85,383,3.6
PROD06586,Product_06586,Fashion,Jacket,Orion,805.51,492,3.8
PROD06587,Product_06587,Electronics,Smartwatch,Apex,993.18,362,4.4
PROD06588,Product_06588,Beauty,Haircare,Nova,1155.37,9,2.7
PROD06589,Product_06589,Electronics,Smartphone,Zenith,804.81,402,3.3
PROD06590,Product_06590,Electronics,Smartwatch,Orion,170.02,134,3.9
PROD06591,Product_06591,Home,Table,Nova,469.78,28,3.8
PROD06592,Product_06592,Electronics,Headphones,Orion,306.27,178,3.0
PROD06593,Product_06593,Books,Non-Fiction,Orion,409.43,110,3.1
PROD06594,Product_06594,Sports,Fitness Equipment,UrbanX,104.67,286,5.0
PROD06595,Product_06595,Home,Table,Orion,165.0,440,2.5
PROD06596,Product_06596,Electronics,Smartwatch,PrimeTech,1600.27,382,4.3
PROD06597,Product_06597,Beauty,Skincare,Orion,427.25,112,4.0
PROD06598,Product_06598,Fashion,Shoes,UrbanX,289.31,59,3.5
PROD06599,Product_06599,Fashion,Jacket,UrbanX,1552.52,134,3.3
PROD06600,Product_06600,Sports,Outdoor Gear,Vertex,571.47,85,2.8
PROD06601,Product_06601,Sports,Outdoor Gear,Vertex,1002.9,363,3.6
PROD06602,Product_06602,Fashion,Jacket,Apex,385.05,148,4.3
PROD06603,Product_06603,Sports,Outdoor Gear,Nova,467.05,101,3.1
PROD06604,Product_06604,Electronics,Headphones,Nova,1522.12,471,4.9
PROD06605,Product_06605,Fashion,Jeans,PrimeTech,479.78,6,4.1
PROD06606,Product_06606,Sports,Fitness Equipment,UrbanX,1183.65,99,3.2
PROD06607,Product_06607,Books,Fiction,Apex,1584.22,437,4.3
PROD06608,Product_06608,Beauty,Makeup,UrbanX,420.82,14,2.7
PROD06609,Product_06609,Sports,Sportswear,Zenith,928.22,128,4.4
PROD06610,Product_06610,Sports,Outdoor Gear,Zenith,1527.74,481,3.9
PROD06611,Product_06611,Sports,Running Gear,PrimeTech,676.87,265,3.0
PROD06612,Product_06612,Fashion,Shoes,Apex,496.91,307,2.9
PROD06613,Product_06613,Fashion,Shoes,UrbanX,385.03,316,4.3
PROD06614,Product_06614,Sports,Running Gear,Orion,599.04,153,4.5
PROD06615,Product_06615,Beauty,Makeup,Zenith,1851.27,472,4.0
PROD06616,Product_06616,Fashion,Jeans,Orion,727.2,172,4.2
PROD06617,Product_06617,Sports,Outdoor Gear,PrimeTech,925.44,137,3.4
PROD06618,Product_06618,Fashion,Jeans,Zenith,681.65,405,3.8
PROD06619,Product_06619,Fashion,Shoes,Orion,540.41,163,3.7
PROD06620,Product_06620,Electronics,Laptop,Vertex,283.65,172,2.9
PROD06621,Product_06621,Beauty,Haircare,Zenith,99.0,70,4.3
PROD06622,Product_06622,Books,Fiction,PrimeTech,438.85,153,4.8
PROD06623,Product_06623,Books,Academic,UrbanX,728.02,56,3.1
PROD06624,Product_06624,Books,Non-Fiction,Orion,751.16,40,3.5
PROD06625,Product_06625,Fashion,Jacket,PrimeTech,493.94,9,4.9
PROD06626,Product_06626,Sports,Sportswear,Apex,348.23,481,4.8
PROD06627,Product_06627,Beauty,Fragrance,Zenith,711.86,274,3.7
PROD06628,Product_06628,Beauty,Fragrance,Zenith,213.75,57,4.4
PROD06629,Product_06629,Home,Table,Vertex,540.91,407,3.2
PROD06630,Product_06630,Fashion,Jeans,Nova,434.89,11,4.1
PROD06631,Product_06631,Fashion,Jeans,PrimeTech,223.51,49,3.8
PROD06632,Product_06632,Sports,Outdoor Gear,UrbanX,528.98,382,3.8
PROD06633,Product_06633,Electronics,Laptop,Zenith,1290.44,331,2.8
PROD06634,Product_06634,Sports,Sportswear,Vertex,789.74,194,3.3
PROD06635,Product_06635,Books,Comics,Nova,549.82,123,4.4
PROD06636,Product_06636,Fashion,T-Shirt,Nova,713.48,258,3.9
PROD06637,Product_06637,Books,Comics,UrbanX,215.68,93,2.9
PROD06638,Product_06638,Books,Non-Fiction,PrimeTech,584.52,170,4.4
PROD06639,Product_06639,Home,Chair,Vertex,936.81,198,3.3
PROD06640,Product_06640,Books,Academic,Vertex,486.28,115,3.2
PROD06641,Product_06641,Beauty,Makeup,Vertex,502.6,297,3.5
PROD06642,Product_06642,Beauty,Fragrance,Orion,169.95,141,3.7
PROD06643,Product_06643,Home,Chair,Vertex,1700.75,79,4.1
PROD06644,Product_06644,Fashion,T-Shirt,Apex,667.42,491,3.6
PROD06645,Product_06645,Sports,Running Gear,Vertex,1667.2,151,4.2
PROD06646,Product_06646,Sports,Outdoor Gear,Orion,265.21,201,4.6
PROD06647,Product_06647,Books,Comics,PrimeTech,133.02,240,4.3
PROD06648,Product_06648,Electronics,Smartphone,Zenith,912.02,416,4.0
PROD06649,Product_06649,Books,Academic,Zenith,1146.35,323,4.3
PROD06650,Product_06650,Home,Kitchen Appliance,PrimeTech,653.96,434,4.2
PROD06651,Product_06651,Fashion,Shoes,Orion,974.87,174,3.1
PROD06652,Product_06652,Books,Academic,PrimeTech,460.38,310,3.7
PROD06653,Product_06653,Electronics,Laptop,Vertex,540.55,98,3.2
PROD06654,Product_06654,Beauty,Makeup,Zenith,629.49,192,4.9
PROD06655,Product_06655,Electronics,Headphones,Zenith,628.97,107,4.3
PROD06656,Product_06656,Electronics,Headphones,Apex,653.69,38,3.3
PROD06657,Product_06657,Home,Table,Vertex,335.95,113,2.5
PROD06658,Product_06658,Fashion,Jeans,Vertex,3006.82,21,3.1
PROD06659,Product_06659,Fashion,Jeans,UrbanX,339.44,170,4.8
PROD06660,Product_06660,Fashion,Jacket,Nova,105.87,487,5.0
PROD06661,Product_06661,Electronics,Headphones,Orion,368.48,91,2.6
PROD06662,Product_06662,Electronics,Laptop,Orion,517.98,462,4.0
PROD06663,Product_06663,Fashion,T-Shirt,UrbanX,212.02,378,4.0
PROD06664,Product_06664,Home,Lamp,UrbanX,369.7,268,3.3
PROD06665,Product_06665,Books,Non-Fiction,Orion,447.86,487,3.9
PROD06666,Product_06666,Fashion,T-Shirt,Orion,105.49,457,4.6
PROD06667,Product_06667,Sports,Fitness Equipment,Nova,113.56,424,2.9
PROD06668,Product_06668,Home,Kitchen Appliance,PrimeTech,624.64,203,2.8
PROD06669,Product_06669,Sports,Sportswear,Zenith,495.31,297,2.9
PROD06670,Product_06670,Books,Comics,Zenith,122.63,133,3.2
PROD06671,Product_06671,Beauty,Makeup,Apex,1128.62,174,2.9
PROD06672,Product_06672,Electronics,Headphones,Nova,322.97,352,4.1
PROD06673,Product_06673,Fashion,Shoes,Apex,1165.54,166,3.2
PROD06674,Product_06674,Electronics,Smartwatch,Orion,672.44,481,2.5
PROD06675,Product_06675,Beauty,Makeup,Nova,662.47,253,4.6
PROD06676,Product_06676,Fashion,Jeans,UrbanX,1486.98,238,4.4
PROD06677,Product_06677,Fashion,Jacket,Apex,1172.2,303,2.6
PROD06678,Product_06678,Books,Non-Fiction,Orion,564.37,53,4.6
PROD06679,Product_06679,Sports,Outdoor Gear,UrbanX,267.09,208,2.8
PROD06680,Product_06680,Electronics,Smartwatch,Orion,365.9,352,3.2
PROD06681,Product_06681,Sports,Sportswear,Apex,620.49,484,3.5
PROD06682,Product_06682,Sports,Sportswear,Vertex,1823.68,89,4.6
PROD06683,Product_06683,Sports,Outdoor Gear,Zenith,209.98,73,2.7
PROD06684,Product_06684,Sports,Running Gear,Zenith,494.87,94,3.2
PROD06685,Product_06685,Electronics,Smartphone,Orion,784.33,59,4.9
PROD06686,Product_06686,Home,Kitchen Appliance,Zenith,234.62,430,2.6
PROD06687,Product_06687,Fashion,Jacket,Zenith,296.14,225,4.9
PROD06688,Product_06688,Books,Comics,Apex,504.95,177,3.6
PROD06689,Product_06689,Beauty,Makeup,Apex,192.56,152,3.9
PROD06690,Product_06690,Sports,Fitness Equipment,PrimeTech,277.37,416,4.8
PROD06691,Product_06691,Sports,Running Gear,Apex,567.2,480,3.0
PROD06692,Product_06692,Fashion,Jeans,Vertex,369.45,282,3.2
PROD06693,Product_06693,Books,Fiction,PrimeTech,125.19,325,4.8
PROD06694,Product_06694,Sports,Outdoor Gear,Orion,711.18,50,3.0
PROD06695,Product_06695,Books,Non-Fiction,Zenith,503.51,31,4.0
PROD06696,Product_06696,Home,Chair,Apex,348.69,168,2.9
PROD06697,Product_06697,Fashion,Jacket,UrbanX,468.05,437,3.1
PROD06698,Product_06698,Home,Lamp,Nova,1943.59,273,5.0
PROD06699,Product_06699,Beauty,Makeup,PrimeTech,1066.9,470,3.8
PROD06700,Product_06700,Sports,Outdoor Gear,Orion,388.35,366,4.1
PROD06701,Product_06701,Beauty,Fragrance,Apex,591.42,128,4.7
PROD06702,Product_06702,Books,Comics,Vertex,2385.05,474,4.8
PROD06703,Product_06703,Home,Lamp,Vertex,278.17,80,3.1
PROD06704,Product_06704,Home,Lamp,PrimeTech,876.06,117,3.3
PROD06705,Product_06705,Home,Chair,Nova,292.38,379,3.1
PROD06706,Product_06706,Home,Lamp,PrimeTech,143.04,58,4.2
PROD06707,Product_06707,Fashion,Jeans,PrimeTech,451.59,191,3.0
PROD06708,Product_06708,Home,Lamp,Nova,101.08,285,4.4
PROD06709,Product_06709,Home,Chair,UrbanX,234.58,383,3.6
PROD06710,Product_06710,Home,Kitchen Appliance,Nova,118.02,471,2.9
PROD06711,Product_06711,Books,Comics,Vertex,1101.31,457,3.8
PROD06712,Product_06712,Books,Comics,Orion,381.13,232,2.9
PROD06713,Product_06713,Electronics,Headphones,Vertex,646.77,405,4.2
PROD06714,Product_06714,Sports,Outdoor Gear,Vertex,263.28,419,4.8
PROD06715,Product_06715,Books,Academic,Orion,727.25,234,3.2
PROD06716,Product_06716,Home,Table,Apex,410.31,55,4.6
PROD06717,Product_06717,Beauty,Fragrance,Orion,153.0,382,4.6
PROD06718,Product_06718,Home,Chair,Nova,1434.94,358,2.9
PROD06719,Product_06719,Fashion,Jeans,Zenith,653.11,265,3.9
PROD06720,Product_06720,Sports,Sportswear,UrbanX,1208.69,393,3.2
PROD06721,Product_06721,Electronics,Smartwatch,UrbanX,244.94,42,4.2
PROD06722,Product_06722,Sports,Running Gear,UrbanX,155.21,263,4.7
PROD06723,Product_06723,Books,Non-Fiction,Zenith,1369.01,116,4.2
PROD06724,Product_06724,Electronics,Smartphone,Vertex,521.44,32,4.5
PROD06725,Product_06725,Electronics,Smartphone,Zenith,198.75,469,2.9
PROD06726,Product_06726,Books,Academic,Orion,238.89,215,4.2
PROD06727,Product_06727,Electronics,Laptop,Orion,858.51,89,3.7
PROD06728,Product_06728,Fashion,Jacket,Zenith,664.64,469,3.5
PROD06729,Product_06729,Home,Kitchen Appliance,PrimeTech,1625.88,487,2.8
PROD06730,Product_06730,Beauty,Skincare,Apex,161.35,438,4.8
PROD06731,Product_06731,Home,Lamp,Orion,126.33,91,4.9
PROD06732,Product_06732,Sports,Running Gear,PrimeTech,5384.42,131,4.5
PROD06733,Product_06733,Sports,Outdoor Gear,PrimeTech,389.16,355,3.7
PROD06734,Product_06734,Home,Table,UrbanX,199.88,177,4.0
PROD06735,Product_06735,Books,Academic,Nova,620.2,278,4.4
PROD06736,Product_06736,Home,Table,Vertex,1198.69,199,4.6
PROD06737,Product_06737,Fashion,Shoes,Nova,321.04,98,4.7
PROD06738,Product_06738,Books,Fiction,PrimeTech,315.21,339,3.1
PROD06739,Product_06739,Beauty,Skincare,UrbanX,755.46,143,2.7
PROD06740,Product_06740,Fashion,Shoes,Apex,2572.2,84,4.9
PROD06741,Product_06741,Books,Academic,Vertex,347.63,174,3.7
PROD06742,Product_06742,Sports,Outdoor Gear,Orion,2353.37,496,4.3
PROD06743,Product_06743,Sports,Outdoor Gear,Vertex,213.28,226,3.0
PROD06744,Product_06744,Home,Lamp,Apex,673.42,172,3.5
PROD06745,Product_06745,Beauty,Skincare,Zenith,553.56,468,3.6
PROD06746,Product_06746,Electronics,Smartwatch,Nova,274.63,413,4.5
PROD06747,Product_06747,Books,Academic,Orion,754.87,68,4.5
PROD06748,Product_06748,Sports,Running Gear,Nova,876.22,116,4.5
PROD06749,Product_06749,Books,Fiction,Apex,1896.72,355,4.6
PROD06750,Product_06750,Books,Comics,Vertex,571.69,200,3.0
PROD06751,Product_06751,Fashion,Jeans,Zenith,381.19,7,4.1
PROD06752,Product_06752,Electronics,Headphones,Nova,213.06,125,5.0
PROD06753,Product_06753,Home,Lamp,Orion,574.39,112,3.2
PROD06754,Product_06754,Books,Non-Fiction,UrbanX,1407.75,447,3.2
PROD06755,Product_06755,Home,Chair,Zenith,912.61,232,4.4
PROD06756,Product_06756,Fashion,Shoes,UrbanX,566.26,444,4.5
PROD06757,Product_06757,Electronics,Laptop,UrbanX,525.67,418,3.7
PROD06758,Product_06758,Beauty,Makeup,PrimeTech,303.22,227,3.6
PROD06759,Product_06759,Beauty,Skincare,PrimeTech,453.6,461,4.6
PROD06760,Product_06760,Books,Comics,Nova,99.0,234,3.6
PROD06761,Product_06761,Electronics,Headphones,Vertex,328.11,120,4.6
PROD06762,Product_06762,Books,Comics,Vertex,237.03,430,3.8
PROD06763,Product_06763,Books,Comics,Apex,218.91,310,4.2
PROD06764,Product_06764,Books,Comics,UrbanX,260.56,80,2.8
PROD06765,Product_06765,Fashion,T-Shirt,Zenith,916.44,104,3.9
PROD06766,Product_06766,Sports,Sportswear,PrimeTech,491.77,314,3.8
PROD06767,Product_06767,Fashion,Jeans,Orion,316.08,107,4.9
PROD06768,Product_06768,Home,Lamp,Nova,896.24,230,4.8
PROD06769,Product_06769,Books,Non-Fiction,Vertex,307.96,55,3.5
PROD06770,Product_06770,Electronics,Headphones,Nova,1104.92,213,3.3
PROD06771,Product_06771,Beauty,Haircare,Nova,537.73,321,2.6
PROD06772,Product_06772,Books,Fiction,Zenith,716.11,409,3.1
PROD06773,Product_06773,Books,Comics,Zenith,1075.51,450,4.5
PROD06774,Product_06774,Home,Chair,Vertex,440.25,209,5.0
PROD06775,Product_06775,Electronics,Smartphone,Vertex,213.36,76,4.8
PROD06776,Product_06776,Electronics,Laptop,Vertex,139.43,137,3.8
PROD06777,Product_06777,Electronics,Smartphone,Vertex,413.74,489,2.9
PROD06778,Product_06778,Sports,Fitness Equipment,Vertex,1120.61,201,3.9
PROD06779,Product_06779,Books,Academic,UrbanX,486.12,422,3.7
PROD06780,Product_06780,Electronics,Smartwatch,Apex,449.15,219,3.4
PROD06781,Product_06781,Home,Chair,PrimeTech,156.52,497,4.2
PROD06782,Product_06782,Fashion,Shoes,Nova,1324.43,215,4.4
PROD06783,Product_06783,Fashion,T-Shirt,Nova,330.9,458,4.7
PROD06784,Product_06784,Home,Lamp,Nova,337.46,170,3.0
PROD06785,Product_06785,Home,Kitchen Appliance,Zenith,1076.18,106,5.0
PROD06786,Product_06786,Beauty,Haircare,PrimeTech,732.53,136,3.7
PROD06787,Product_06787,Fashion,Jeans,Apex,644.31,191,3.9
PROD06788,Product_06788,Sports,Sportswear,UrbanX,567.37,476,4.9
PROD06789,Product_06789,Fashion,Shoes,Zenith,752.21,232,3.5
PROD06790,Product_06790,Electronics,Headphones,Apex,747.46,152,2.9
PROD06791,Product_06791,Home,Kitchen Appliance,Zenith,517.35,29,2.8
PROD06792,Product_06792,Beauty,Haircare,UrbanX,592.32,438,3.3
PROD06793,Product_06793,Electronics,Laptop,Nova,466.67,329,2.8
PROD06794,Product_06794,Electronics,Laptop,Apex,958.72,187,4.6
PROD06795,Product_06795,Beauty,Fragrance,Orion,370.22,25,3.7
PROD06796,Product_06796,Home,Chair,Orion,3277.73,263,4.2
PROD06797,Product_06797,Home,Kitchen Appliance,Nova,725.64,145,3.3
PROD06798,Product_06798,Sports,Sportswear,Nova,739.94,25,3.5
PROD06799,Product_06799,Fashion,Shoes,Zenith,789.86,161,3.4
PROD06800,Product_06800,Fashion,Shoes,Apex,463.76,263,4.8
PROD06801,Product_06801,Electronics,Laptop,Nova,190.37,161,3.3
PROD06802,Product_06802,Electronics,Laptop,Zenith,210.3,490,2.7
PROD06803,Product_06803,Beauty,Skincare,Vertex,879.09,497,2.7
PROD06804,Product_06804,Books,Comics,Zenith,253.4,182,3.3
PROD06805,Product_06805,Books,Comics,UrbanX,1338.57,326,2.8
PROD06806,Product_06806,Fashion,Shoes,UrbanX,477.84,44,4.3
PROD06807,Product_06807,Fashion,Shoes,PrimeTech,450.39,399,3.0
PROD06808,Product_06808,Books,Fiction,Orion,975.34,236,4.5
PROD06809,Product_06809,Home,Kitchen Appliance,Zenith,3344.18,41,4.9
PROD06810,Product_06810,Home,Kitchen Appliance,PrimeTech,470.07,258,5.0
PROD06811,Product_06811,Home,Chair,PrimeTech,797.3,395,4.9
PROD06812,Product_06812,Home,Chair,UrbanX,311.74,198,2.9
PROD06813,Product_06813,Beauty,Fragrance,Zenith,832.61,385,4.4
PROD06814,Product_06814,Sports,Running Gear,Orion,1085.66,185,3.8
PROD06815,Product_06815,Fashion,Jacket,Zenith,125.39,401,4.1
PROD06816,Product_06816,Home,Table,PrimeTech,727.49,335,3.9
PROD06817,Product_06817,Sports,Running Gear,Zenith,585.81,309,4.7
PROD06818,Product_06818,Home,Chair,Orion,1039.38,5,2.8
PROD06819,Product_06819,Home,Lamp,PrimeTech,542.73,274,2.6
PROD06820,Product_06820,Sports,Sportswear,Apex,2527.96,237,3.8
PROD06821,Product_06821,Sports,Outdoor Gear,Apex,297.02,233,3.4
PROD06822,Product_06822,Books,Academic,Vertex,1214.12,218,4.8
PROD06823,Product_06823,Sports,Running Gear,Nova,890.72,37,2.9
PROD06824,Product_06824,Sports,Sportswear,Vertex,1745.57,291,3.5
PROD06825,Product_06825,Sports,Running Gear,Apex,508.0,249,4.1
PROD06826,Product_06826,Electronics,Smartwatch,Orion,456.25,453,2.8
PROD06827,Product_06827,Fashion,T-Shirt,Apex,548.55,442,3.3
PROD06828,Product_06828,Home,Lamp,UrbanX,1174.82,53,4.6
PROD06829,Product_06829,Beauty,Skincare,PrimeTech,696.4,218,2.6
PROD06830,Product_06830,Fashion,Jeans,Apex,533.27,480,4.7
PROD06831,Product_06831,Sports,Running Gear,Orion,398.66,194,3.5
PROD06832,Product_06832,Electronics,Laptop,Orion,445.34,439,3.0
PROD06833,Product_06833,Fashion,Jeans,Vertex,726.55,314,4.7
PROD06834,Product_06834,Books,Comics,Orion,454.17,271,3.8
PROD06835,Product_06835,Books,Fiction,Zenith,600.52,56,3.2
PROD06836,Product_06836,Books,Academic,Zenith,334.43,169,2.8
PROD06837,Product_06837,Electronics,Smartwatch,Zenith,736.66,418,3.1
PROD06838,Product_06838,Home,Table,Nova,847.39,425,2.9
PROD06839,Product_06839,Fashion,Jeans,PrimeTech,994.54,52,4.8
PROD06840,Product_06840,Fashion,Shoes,Zenith,259.82,342,3.1
PROD06841,Product_06841,Home,Lamp,UrbanX,609.77,271,4.9
PROD06842,Product_06842,Home,Chair,Orion,1714.05,87,3.8
PROD06843,Product_06843,Beauty,Fragrance,Zenith,843.98,395,4.9
PROD06844,Product_06844,Sports,Fitness Equipment,PrimeTech,740.27,459,3.1
PROD06845,Product_06845,Sports,Fitness Equipment,UrbanX,900.05,417,4.0
PROD06846,Product_06846,Sports,Sportswear,Orion,185.94,414,4.9
PROD06847,Product_06847,Fashion,Shoes,Vertex,1846.78,236,5.0
PROD06848,Product_06848,Home,Table,Zenith,661.49,216,3.3
PROD06849,Product_06849,Home,Chair,Zenith,1106.65,465,3.3
PROD06850,Product_06850,Sports,Outdoor Gear,Orion,253.63,275,4.4
PROD06851,Product_06851,Home,Chair,Apex,127.27,234,4.3
PROD06852,Product_06852,Sports,Running Gear,Orion,1244.9,154,3.3
PROD06853,Product_06853,Sports,Outdoor Gear,Nova,99.0,346,2.7
PROD06854,Product_06854,Electronics,Smartwatch,Orion,437.82,403,3.4
PROD06855,Product_06855,Home,Chair,Apex,494.73,104,3.8
PROD06856,Product_06856,Home,Kitchen Appliance,Vertex,1425.09,226,2.8
PROD06857,Product_06857,Fashion,Shoes,Orion,686.1,142,4.6
PROD06858,Product_06858,Books,Fiction,UrbanX,374.06,151,3.6
PROD06859,Product_06859,Fashion,Jacket,Vertex,961.1,1,4.3
PROD06860,Product_06860,Fashion,T-Shirt,Nova,492.38,46,2.6
PROD06861,Product_06861,Books,Academic,Zenith,425.64,155,2.7
PROD06862,Product_06862,Home,Kitchen Appliance,Orion,344.84,338,4.5
PROD06863,Product_06863,Fashion,Shoes,Zenith,589.85,272,3.5
PROD06864,Product_06864,Beauty,Skincare,PrimeTech,265.09,60,3.2
PROD06865,Product_06865,Fashion,Shoes,Nova,920.07,243,3.8
PROD06866,Product_06866,Beauty,Skincare,UrbanX,2972.7,156,4.0
PROD06867,Product_06867,Books,Comics,PrimeTech,439.27,272,3.4
PROD06868,Product_06868,Electronics,Smartphone,Apex,270.94,307,4.6
PROD06869,Product_06869,Electronics,Smartwatch,Apex,188.13,248,2.6
PROD06870,Product_06870,Electronics,Smartphone,PrimeTech,290.6,432,3.1
PROD06871,Product_06871,Electronics,Smartwatch,Zenith,99.0,281,4.4
PROD06872,Product_06872,Beauty,Fragrance,Zenith,596.85,130,4.3
PROD06873,Product_06873,Books,Comics,Nova,1871.7,341,4.3
PROD06874,Product_06874,Books,Non-Fiction,Nova,919.2,333,4.3
PROD06875,Product_06875,Fashion,Jacket,Zenith,339.91,349,3.1
PROD06876,Product_06876,Home,Table,Zenith,941.76,153,3.6
PROD06877,Product_06877,Fashion,Jeans,Apex,431.53,9,3.0
PROD06878,Product_06878,Fashion,Jacket,Orion,476.06,246,2.6
PROD06879,Product_06879,Books,Comics,PrimeTech,833.09,387,3.5
PROD06880,Product_06880,Fashion,T-Shirt,Vertex,363.06,121,4.4
PROD06881,Product_06881,Books,Academic,Vertex,877.26,378,3.0
PROD06882,Product_06882,Beauty,Makeup,Orion,167.66,72,2.6
PROD06883,Product_06883,Fashion,Shoes,PrimeTech,372.23,44,2.7
PROD06884,Product_06884,Fashion,Shoes,Vertex,744.13,10,3.4
PROD06885,Product_06885,Electronics,Smartwatch,PrimeTech,476.27,217,3.1
PROD06886,Product_06886,Electronics,Smartwatch,Apex,648.74,153,3.7
PROD06887,Product_06887,Books,Academic,Vertex,1580.88,150,4.9
PROD06888,Product_06888,Fashion,T-Shirt,Zenith,333.97,256,2.9
PROD06889,Product_06889,Books,Comics,Apex,359.82,226,2.7
PROD06890,Product_06890,Sports,Fitness Equipment,Zenith,1127.7,329,2.7
PROD06891,Product_06891,Fashion,T-Shirt,UrbanX,1938.56,447,4.3
PROD06892,Product_06892,Home,Chair,PrimeTech,794.48,92,3.1
PROD06893,Product_06893,Beauty,Skincare,Apex,1591.29,455,4.9
PROD06894,Product_06894,Sports,Outdoor Gear,PrimeTech,215.91,74,2.7
PROD06895,Product_06895,Sports,Sportswear,Apex,141.98,217,2.6
PROD06896,Product_06896,Home,Chair,Nova,709.72,358,3.9
PROD06897,Product_06897,Electronics,Headphones,Vertex,962.34,429,4.7
PROD06898,Product_06898,Beauty,Makeup,PrimeTech,262.05,376,2.8
PROD06899,Product_06899,Beauty,Haircare,PrimeTech,126.82,455,3.4
PROD06900,Product_06900,Electronics,Headphones,PrimeTech,780.74,90,3.5
PROD06901,Product_06901,Sports,Sportswear,Zenith,328.44,353,3.4
PROD06902,Product_06902,Sports,Running Gear,UrbanX,221.24,184,2.6
PROD06903,Product_06903,Home,Table,Vertex,562.34,57,5.0
PROD06904,Product_06904,Beauty,Fragrance,Nova,247.45,203,4.8
PROD06905,Product_06905,Home,Chair,UrbanX,163.78,412,4.9
PROD06906,Product_06906,Fashion,Jeans,Apex,2469.84,87,3.3
PROD06907,Product_06907,Books,Academic,Nova,2550.98,386,3.2
PROD06908,Product_06908,Home,Chair,Apex,825.64,85,3.5
PROD06909,Product_06909,Home,Table,PrimeTech,193.6,373,2.8
PROD06910,Product_06910,Sports,Sportswear,Zenith,524.11,256,3.6
PROD06911,Product_06911,Fashion,Jeans,Zenith,1109.26,333,4.1
PROD06912,Product_06912,Books,Fiction,Vertex,939.06,457,2.7
PROD06913,Product_06913,Books,Fiction,PrimeTech,1255.7,55,2.6
PROD06914,Product_06914,Sports,Fitness Equipment,Nova,351.31,181,3.9
PROD06915,Product_06915,Sports,Outdoor Gear,Nova,122.5,184,4.5
PROD06916,Product_06916,Books,Non-Fiction,UrbanX,2062.09,386,4.0
PROD06917,Product_06917,Electronics,Smartwatch,Vertex,374.74,485,3.4
PROD06918,Product_06918,Books,Fiction,PrimeTech,668.45,349,4.8
PROD06919,Product_06919,Books,Academic,Zenith,306.75,247,4.0
PROD06920,Product_06920,Electronics,Smartwatch,Nova,379.03,1,3.9
PROD06921,Product_06921,Electronics,Laptop,Orion,459.93,269,2.8
PROD06922,Product_06922,Fashion,Jacket,Zenith,1602.35,31,3.4
PROD06923,Product_06923,Beauty,Makeup,Vertex,352.41,450,4.0
PROD06924,Product_06924,Electronics,Headphones,Vertex,179.3,61,4.0
PROD06925,Product_06925,Electronics,Smartphone,Apex,1596.47,384,3.0
PROD06926,Product_06926,Sports,Sportswear,Apex,521.38,413,3.5
PROD06927,Product_06927,Books,Comics,Apex,313.56,77,4.3
PROD06928,Product_06928,Beauty,Skincare,Zenith,194.74,350,3.6
PROD06929,Product_06929,Sports,Outdoor Gear,Nova,434.13,167,3.5
PROD06930,Product_06930,Books,Comics,Zenith,381.39,136,3.2
PROD06931,Product_06931,Home,Chair,Zenith,408.7,305,3.0
PROD06932,Product_06932,Home,Lamp,Apex,240.07,149,3.1
PROD06933,Product_06933,Sports,Sportswear,Zenith,305.06,59,2.9
PROD06934,Product_06934,Fashion,Jeans,Zenith,1446.99,35,4.8
PROD06935,Product_06935,Beauty,Makeup,Zenith,670.52,173,4.3
PROD06936,Product_06936,Books,Academic,Vertex,783.31,203,3.5
PROD06937,Product_06937,Electronics,Smartphone,Orion,1218.68,431,3.7
PROD06938,Product_06938,Beauty,Skincare,UrbanX,688.45,89,4.2
PROD06939,Product_06939,Beauty,Makeup,UrbanX,314.53,319,3.9
PROD06940,Product_06940,Electronics,Smartphone,Vertex,99.0,143,4.9
PROD06941,Product_06941,Home,Kitchen Appliance,Nova,473.97,369,4.3
PROD06942,Product_06942,Fashion,T-Shirt,UrbanX,375.71,279,4.7
PROD06943,Product_06943,Electronics,Headphones,Orion,677.65,424,2.5
PROD06944,Product_06944,Electronics,Headphones,PrimeTech,330.4,267,4.3
PROD06945,Product_06945,Sports,Running Gear,Orion,893.73,35,4.2
PROD06946,Product_06946,Books,Academic,Vertex,523.36,163,4.8
PROD06947,Product_06947,Fashion,Jacket,Nova,1058.52,220,4.5
PROD06948,Product_06948,Books,Non-Fiction,Vertex,450.63,493,3.5
PROD06949,Product_06949,Sports,Sportswear,PrimeTech,1370.83,242,4.7
PROD06950,Product_06950,Beauty,Fragrance,Apex,1138.15,307,4.0
PROD06951,Product_06951,Beauty,Skincare,Orion,180.21,409,3.9
PROD06952,Product_06952,Home,Lamp,Nova,587.03,241,4.5
PROD06953,Product_06953,Books,Fiction,Nova,141.49,293,4.2
PROD06954,Product_06954,Books,Non-Fiction,PrimeTech,661.8,323,4.1
PROD06955,Product_06955,Beauty,Fragrance,Orion,455.84,132,2.6
PROD06956,Product_06956,Electronics,Smartphone,Orion,282.54,310,3.5
PROD06957,Product_06957,Sports,Outdoor Gear,Vertex,519.84,18,2.5
PROD06958,Product_06958,Sports,Fitness Equipment,Nova,652.98,418,4.2
PROD06959,Product_06959,Books,Fiction,Zenith,139.37,132,3.3
PROD06960,Product_06960,Electronics,Smartphone,Vertex,420.92,390,4.7
PROD06961,Product_06961,Beauty,Skincare,Vertex,2103.47,351,4.9
PROD06962,Product_06962,Electronics,Smartwatch,Apex,533.9,450,4.8
PROD06963,Product_06963,Beauty,Haircare,Orion,649.13,319,3.5
PROD06964,Product_06964,Beauty,Haircare,Vertex,1695.36,407,3.1
PROD06965,Product_06965,Sports,Fitness Equipment,Nova,440.91,212,2.8
PROD06966,Product_06966,Fashion,T-Shirt,Apex,277.63,389,3.1
PROD06967,Product_06967,Fashion,Jacket,Vertex,354.22,288,3.4
PROD06968,Product_06968,Home,Table,Vertex,689.6,390,4.9
PROD06969,Product_06969,Electronics,Headphones,PrimeTech,405.14,387,2.8
PROD06970,Product_06970,Beauty,Haircare,Apex,241.63,442,4.6
PROD06971,Product_06971,Electronics,Smartphone,Orion,103.51,325,3.0
PROD06972,Product_06972,Beauty,Haircare,UrbanX,368.09,102,4.0
PROD06973,Product_06973,Home,Kitchen Appliance,PrimeTech,161.88,293,3.6
PROD06974,Product_06974,Beauty,Haircare,Zenith,630.8,399,2.9
PROD06975,Product_06975,Sports,Running Gear,UrbanX,875.79,480,2.6
PROD06976,Product_06976,Books,Fiction,Vertex,594.57,386,3.3
PROD06977,Product_06977,Home,Kitchen Appliance,Zenith,222.9,5,2.5
PROD06978,Product_06978,Fashion,T-Shirt,Apex,330.44,463,4.0
PROD06979,Product_06979,Electronics,Smartwatch,PrimeTech,312.66,239,5.0
PROD06980,Product_06980,Home,Lamp,Orion,485.71,13,4.5
PROD06981,Product_06981,Electronics,Smartphone,Vertex,826.27,302,4.7
PROD06982,Product_06982,Fashion,T-Shirt,UrbanX,155.32,265,3.9
PROD06983,Product_06983,Sports,Outdoor Gear,Nova,961.61,421,3.6
PROD06984,Product_06984,Sports,Fitness Equipment,PrimeTech,2696.91,284,4.6
PROD06985,Product_06985,Home,Table,Apex,394.07,19,3.3
PROD06986,Product_06986,Home,Table,Nova,2693.67,225,3.2
PROD06987,Product_06987,Books,Non-Fiction,Vertex,665.28,28,3.1
PROD06988,Product_06988,Home,Kitchen Appliance,Vertex,438.2,184,4.4
PROD06989,Product_06989,Books,Comics,PrimeTech,306.92,362,3.6
PROD06990,Product_06990,Fashion,T-Shirt,PrimeTech,394.3,294,3.3
PROD06991,Product_06991,Home,Table,Zenith,238.09,448,2.9
PROD06992,Product_06992,Home,Lamp,Apex,340.11,192,4.1
PROD06993,Product_06993,Home,Kitchen Appliance,Orion,241.88,367,3.9
PROD06994,Product_06994,Fashion,T-Shirt,Zenith,123.94,326,3.5
PROD06995,Product_06995,Beauty,Skincare,Apex,1851.73,118,4.1
PROD06996,Product_06996,Books,Fiction,UrbanX,374.37,3,4.5
PROD06997,Product_06997,Electronics,Smartwatch,Zenith,572.21,118,3.1
PROD06998,Product_06998,Books,Comics,Orion,526.24,356,4.4
PROD06999,Product_06999,Books,Non-Fiction,Orion,376.23,238,2.7
PROD07000,Product_07000,Books,Non-Fiction,Apex,381.7,352,4.3
PROD07001,Product_07001,Fashion,Shoes,Nova,1306.45,161,3.2
PROD07002,Product_07002,Beauty,Haircare,Zenith,327.87,143,3.8
PROD07003,Product_07003,Books,Academic,PrimeTech,953.49,380,4.0
PROD07004,Product_07004,Home,Chair,Zenith,999.56,192,4.8
PROD07005,Product_07005,Sports,Sportswear,PrimeTech,444.66,72,3.9
PROD07006,Product_07006,Home,Lamp,PrimeTech,489.32,0,3.6
PROD07007,Product_07007,Sports,Sportswear,UrbanX,839.37,262,4.7
PROD07008,Product_07008,Fashion,Jeans,Nova,588.96,123,4.0
PROD07009,Product_07009,Beauty,Haircare,UrbanX,194.22,275,2.8
PROD07010,Product_07010,Sports,Sportswear,PrimeTech,1254.19,264,3.9
PROD07011,Product_07011,Sports,Running Gear,Zenith,1663.8,23,2.8
PROD07012,Product_07012,Sports,Sportswear,Nova,568.97,79,3.8
PROD07013,Product_07013,Fashion,T-Shirt,Apex,184.24,165,3.2
PROD07014,Product_07014,Fashion,Shoes,Zenith,185.22,76,4.0
PROD07015,Product_07015,Books,Fiction,Zenith,841.99,86,4.3
PROD07016,Product_07016,Fashion,T-Shirt,PrimeTech,809.27,483,4.9
PROD07017,Product_07017,Books,Academic,Zenith,555.68,108,3.4
PROD07018,Product_07018,Beauty,Fragrance,Nova,1571.09,462,3.9
PROD07019,Product_07019,Fashion,Jeans,Apex,292.04,421,2.9
PROD07020,Product_07020,Beauty,Makeup,PrimeTech,803.35,39,4.2
PROD07021,Product_07021,Fashion,Shoes,Zenith,334.35,225,3.4
PROD07022,Product_07022,Books,Non-Fiction,PrimeTech,121.39,486,3.4
PROD07023,Product_07023,Electronics,Laptop,Nova,173.03,122,3.3
PROD07024,Product_07024,Beauty,Haircare,Vertex,432.69,128,3.4
PROD07025,Product_07025,Sports,Fitness Equipment,Zenith,460.81,330,4.1
PROD07026,Product_07026,Books,Non-Fiction,Vertex,508.57,23,4.9
PROD07027,Product_07027,Beauty,Skincare,Vertex,796.36,197,3.6
PROD07028,Product_07028,Beauty,Fragrance,PrimeTech,995.12,23,3.2
PROD07029,Product_07029,Home,Table,PrimeTech,1129.35,196,2.9
PROD07030,Product_07030,Books,Comics,Vertex,497.4,104,2.6
PROD07031,Product_07031,Fashion,Jacket,Orion,2402.89,394,4.7
PROD07032,Product_07032,Home,Table,PrimeTech,347.6,485,3.7
PROD07033,Product_07033,Sports,Running Gear,Apex,323.54,417,3.0
PROD07034,Product_07034,Electronics,Headphones,Nova,567.17,414,3.1
PROD07035,Product_07035,Sports,Outdoor Gear,Apex,1066.12,377,4.7
PROD07036,Product_07036,Sports,Outdoor Gear,Nova,1224.32,433,4.5
PROD07037,Product_07037,Home,Chair,Vertex,1004.16,432,4.7
PROD07038,Product_07038,Sports,Outdoor Gear,Apex,403.29,189,4.4
PROD07039,Product_07039,Fashion,T-Shirt,Vertex,663.87,421,3.1
PROD07040,Product_07040,Books,Comics,Vertex,203.46,331,3.4
PROD07041,Product_07041,Sports,Outdoor Gear,PrimeTech,681.41,213,4.5
PROD07042,Product_07042,Books,Fiction,Orion,604.07,225,3.3
PROD07043,Product_07043,Electronics,Smartwatch,Orion,1798.05,172,4.6
PROD07044,Product_07044,Beauty,Makeup,Vertex,554.39,232,3.6
PROD07045,Product_07045,Home,Chair,Vertex,639.92,471,3.9
PROD07046,Product_07046,Home,Lamp,PrimeTech,784.2,118,2.6
PROD07047,Product_07047,Sports,Fitness Equipment,UrbanX,372.86,11,3.5
PROD07048,Product_07048,Sports,Running Gear,PrimeTech,202.86,61,4.5
PROD07049,Product_07049,Fashion,Jeans,PrimeTech,402.83,111,4.8
PROD07050,Product_07050,Sports,Outdoor Gear,UrbanX,194.39,70,4.7
PROD07051,Product_07051,Home,Chair,Zenith,692.25,420,4.5
PROD07052,Product_07052,Fashion,Shoes,PrimeTech,227.97,109,2.9
PROD07053,Product_07053,Fashion,Jacket,Nova,431.54,296,3.7
PROD07054,Product_07054,Beauty,Makeup,Apex,364.51,181,2.5
PROD07055,Product_07055,Fashion,Jacket,Nova,323.61,2,4.2
PROD07056,Product_07056,Electronics,Laptop,Nova,827.26,458,4.2
PROD07057,Product_07057,Books,Non-Fiction,UrbanX,645.28,159,3.4
PROD07058,Product_07058,Home,Lamp,Apex,1851.46,30,2.9
PROD07059,Product_07059,Beauty,Skincare,Zenith,345.18,144,3.0
PROD07060,Product_07060,Sports,Sportswear,Orion,773.91,481,4.2
PROD07061,Product_07061,Sports,Outdoor Gear,PrimeTech,2636.91,224,4.7
PROD07062,Product_07062,Beauty,Makeup,Orion,172.86,150,4.2
PROD07063,Product_07063,Electronics,Smartphone,UrbanX,613.89,338,3.7
PROD07064,Product_07064,Books,Non-Fiction,Zenith,708.97,184,2.7
PROD07065,Product_07065,Electronics,Headphones,PrimeTech,232.92,134,4.1
PROD07066,Product_07066,Books,Academic,Orion,1955.99,325,4.3
PROD07067,Product_07067,Sports,Fitness Equipment,Zenith,894.48,414,4.4
PROD07068,Product_07068,Electronics,Smartphone,PrimeTech,156.39,382,3.7
PROD07069,Product_07069,Fashion,Jacket,UrbanX,504.4,270,4.0
PROD07070,Product_07070,Beauty,Skincare,PrimeTech,529.45,189,4.0
PROD07071,Product_07071,Home,Kitchen Appliance,PrimeTech,1831.21,315,2.8
PROD07072,Product_07072,Fashion,Jeans,UrbanX,461.19,329,4.7
PROD07073,Product_07073,Beauty,Makeup,Orion,1245.26,319,4.3
PROD07074,Product_07074,Books,Non-Fiction,Orion,460.87,114,4.2
PROD07075,Product_07075,Books,Comics,Apex,1121.01,59,3.3
PROD07076,Product_07076,Books,Academic,UrbanX,278.97,137,2.7
PROD07077,Product_07077,Fashion,Jacket,Nova,1842.67,146,3.9
PROD07078,Product_07078,Beauty,Fragrance,Zenith,653.25,320,3.2
PROD07079,Product_07079,Books,Comics,PrimeTech,144.46,11,3.8
PROD07080,Product_07080,Sports,Sportswear,Nova,281.47,74,3.6
PROD07081,Product_07081,Beauty,Makeup,Zenith,1781.4,395,4.8
PROD07082,Product_07082,Electronics,Smartphone,Zenith,621.76,402,3.7
PROD07083,Product_07083,Beauty,Haircare,Vertex,293.61,168,3.6
PROD07084,Product_07084,Electronics,Smartphone,Vertex,697.39,27,2.5
PROD07085,Product_07085,Beauty,Makeup,Apex,355.2,380,3.9
PROD07086,Product_07086,Electronics,Laptop,Orion,617.99,9,4.9
PROD07087,Product_07087,Books,Comics,Zenith,1190.62,434,3.0
PROD07088,Product_07088,Books,Fiction,Vertex,1868.71,269,3.1
PROD07089,Product_07089,Sports,Fitness Equipment,Zenith,1103.48,142,4.5
PROD07090,Product_07090,Fashion,Jeans,Nova,459.55,440,4.1
PROD07091,Product_07091,Sports,Running Gear,Apex,1237.32,367,3.6
PROD07092,Product_07092,Sports,Running Gear,PrimeTech,898.78,154,3.0
PROD07093,Product_07093,Fashion,T-Shirt,PrimeTech,828.71,180,3.6
PROD07094,Product_07094,Books,Non-Fiction,UrbanX,1069.03,49,4.7
PROD07095,Product_07095,Beauty,Haircare,Apex,788.05,258,3.1
PROD07096,Product_07096,Electronics,Headphones,Vertex,729.12,248,4.9
PROD07097,Product_07097,Sports,Fitness Equipment,UrbanX,851.96,106,4.5
PROD07098,Product_07098,Books,Academic,Vertex,1352.41,282,4.1
PROD07099,Product_07099,Sports,Running Gear,Nova,4788.25,482,3.0
PROD07100,Product_07100,Fashion,T-Shirt,Apex,586.76,118,4.5
PROD07101,Product_07101,Beauty,Fragrance,UrbanX,831.43,167,4.2
PROD07102,Product_07102,Sports,Sportswear,PrimeTech,99.0,147,3.8
PROD07103,Product_07103,Electronics,Smartwatch,Apex,1605.27,152,3.2
PROD07104,Product_07104,Home,Kitchen Appliance,PrimeTech,617.65,474,3.5
PROD07105,Product_07105,Sports,Running Gear,Orion,1156.71,253,3.8
PROD07106,Product_07106,Sports,Sportswear,Vertex,769.65,352,4.7
PROD07107,Product_07107,Electronics,Smartwatch,PrimeTech,524.12,368,4.0
PROD07108,Product_07108,Fashion,Jacket,Nova,370.09,48,3.1
PROD07109,Product_07109,Home,Table,Vertex,687.33,318,4.6
PROD07110,Product_07110,Beauty,Fragrance,Vertex,2411.16,375,4.9
PROD07111,Product_07111,Fashion,Jacket,Nova,2527.38,246,4.0
PROD07112,Product_07112,Sports,Sportswear,UrbanX,2103.09,12,4.5
PROD07113,Product_07113,Electronics,Laptop,Orion,3252.1,225,2.8
PROD07114,Product_07114,Sports,Fitness Equipment,UrbanX,216.43,489,3.4
PROD07115,Product_07115,Beauty,Skincare,Nova,702.1,398,4.9
PROD07116,Product_07116,Sports,Running Gear,Apex,341.48,205,4.7
PROD07117,Product_07117,Home,Lamp,PrimeTech,605.75,223,4.3
PROD07118,Product_07118,Books,Comics,Zenith,272.41,396,4.8
PROD07119,Product_07119,Electronics,Headphones,Nova,1339.32,158,4.8
PROD07120,Product_07120,Home,Table,Apex,1601.08,296,2.7
PROD07121,Product_07121,Electronics,Headphones,UrbanX,1237.35,323,4.6
PROD07122,Product_07122,Home,Table,Zenith,606.27,104,3.5
PROD07123,Product_07123,Fashion,Jacket,Orion,673.26,237,3.2
PROD07124,Product_07124,Electronics,Headphones,Zenith,1134.39,199,4.9
PROD07125,Product_07125,Electronics,Smartwatch,PrimeTech,1768.2,428,4.7
PROD07126,Product_07126,Books,Comics,Orion,1464.13,420,3.2
PROD07127,Product_07127,Sports,Sportswear,PrimeTech,1013.64,318,2.8
PROD07128,Product_07128,Sports,Running Gear,Zenith,972.42,357,3.8
PROD07129,Product_07129,Fashion,Shoes,Apex,402.25,38,4.8
PROD07130,Product_07130,Books,Fiction,Orion,188.52,148,3.9
PROD07131,Product_07131,Electronics,Headphones,UrbanX,357.69,216,4.7
PROD07132,Product_07132,Books,Comics,Orion,531.61,92,3.0
PROD07133,Product_07133,Home,Chair,Apex,364.59,444,3.2
PROD07134,Product_07134,Sports,Running Gear,Apex,204.78,215,4.4
PROD07135,Product_07135,Books,Academic,Apex,1423.46,330,3.8
PROD07136,Product_07136,Sports,Outdoor Gear,Apex,485.76,477,3.5
PROD07137,Product_07137,Books,Academic,Vertex,683.52,495,3.2
PROD07138,Product_07138,Fashion,Shoes,PrimeTech,242.92,262,2.6
PROD07139,Product_07139,Beauty,Skincare,Nova,1012.63,265,4.5
PROD07140,Product_07140,Fashion,Shoes,Vertex,1946.75,113,3.3
PROD07141,Product_07141,Home,Kitchen Appliance,Orion,246.28,31,3.0
PROD07142,Product_07142,Electronics,Headphones,Orion,281.93,281,4.7
PROD07143,Product_07143,Home,Lamp,PrimeTech,573.68,350,3.1
PROD07144,Product_07144,Fashion,Jacket,Apex,139.36,160,4.0
PROD07145,Product_07145,Home,Lamp,Zenith,1390.95,108,4.1
PROD07146,Product_07146,Sports,Running Gear,Nova,844.33,208,4.3
PROD07147,Product_07147,Sports,Running Gear,Orion,156.61,72,4.0
PROD07148,Product_07148,Fashion,T-Shirt,UrbanX,410.24,405,4.8
PROD07149,Product_07149,Fashion,T-Shirt,Zenith,688.33,161,4.8
PROD07150,Product_07150,Electronics,Headphones,Zenith,263.85,87,3.3
PROD07151,Product_07151,Beauty,Fragrance,Orion,457.96,198,2.8
PROD07152,Product_07152,Sports,Fitness Equipment,Vertex,298.32,305,3.0
PROD07153,Product_07153,Sports,Sportswear,Zenith,2119.91,435,3.1
PROD07154,Product_07154,Beauty,Makeup,Nova,336.96,257,5.0
PROD07155,Product_07155,Beauty,Skincare,Orion,570.36,165,3.5
PROD07156,Product_07156,Sports,Sportswear,Nova,1245.77,408,4.6
PROD07157,Product_07157,Fashion,Jeans,Nova,1628.14,150,2.6
PROD07158,Product_07158,Beauty,Haircare,Orion,934.64,190,4.0
PROD07159,Product_07159,Beauty,Makeup,Vertex,1140.31,429,4.6
PROD07160,Product_07160,Fashion,Jacket,Vertex,435.21,286,4.5
PROD07161,Product_07161,Sports,Fitness Equipment,Nova,711.82,154,3.1
PROD07162,Product_07162,Electronics,Smartphone,Nova,958.29,326,2.9
PROD07163,Product_07163,Electronics,Smartphone,Apex,995.97,408,4.9
PROD07164,Product_07164,Electronics,Smartphone,Apex,1021.38,441,2.8
PROD07165,Product_07165,Books,Academic,Orion,399.48,48,4.4
PROD07166,Product_07166,Beauty,Fragrance,Zenith,405.76,174,2.8
PROD07167,Product_07167,Books,Academic,Nova,821.65,485,3.0
PROD07168,Product_07168,Sports,Fitness Equipment,Vertex,1431.41,178,3.8
PROD07169,Product_07169,Electronics,Smartwatch,Orion,1363.22,429,3.2
PROD07170,Product_07170,Beauty,Makeup,UrbanX,528.41,461,3.1
PROD07171,Product_07171,Electronics,Smartphone,Orion,734.37,81,2.9
PROD07172,Product_07172,Beauty,Makeup,Nova,1450.62,276,2.9
PROD07173,Product_07173,Home,Lamp,Orion,164.4,385,4.1
PROD07174,Product_07174,Fashion,Jeans,UrbanX,592.94,434,4.7
PROD07175,Product_07175,Sports,Sportswear,PrimeTech,99.0,382,4.5
PROD07176,Product_07176,Home,Table,PrimeTech,358.03,401,5.0
PROD07177,Product_07177,Books,Non-Fiction,UrbanX,851.87,272,3.7
PROD07178,Product_07178,Home,Lamp,Vertex,215.56,237,3.6
PROD07179,Product_07179,Beauty,Makeup,Orion,395.61,376,3.3
PROD07180,Product_07180,Books,Non-Fiction,PrimeTech,345.68,230,3.5
PROD07181,Product_07181,Sports,Outdoor Gear,Orion,470.22,426,3.9
PROD07182,Product_07182,Sports,Outdoor Gear,UrbanX,219.59,334,3.6
PROD07183,Product_07183,Home,Kitchen Appliance,Nova,398.27,395,4.1
PROD07184,Product_07184,Sports,Sportswear,Orion,243.51,36,4.7
PROD07185,Product_07185,Sports,Fitness Equipment,PrimeTech,141.5,216,3.0
PROD07186,Product_07186,Fashion,T-Shirt,Zenith,1122.68,385,3.6
PROD07187,Product_07187,Sports,Sportswear,Apex,321.94,329,2.7
PROD07188,Product_07188,Electronics,Headphones,Orion,625.21,193,3.6
PROD07189,Product_07189,Electronics,Laptop,Zenith,281.66,362,2.6
PROD07190,Product_07190,Electronics,Laptop,PrimeTech,367.25,483,4.3
PROD07191,Product_07191,Fashion,Jeans,Nova,1201.67,305,3.3
PROD07192,Product_07192,Sports,Fitness Equipment,Vertex,613.62,287,3.4
PROD07193,Product_07193,Sports,Sportswear,Zenith,436.64,326,3.5
PROD07194,Product_07194,Beauty,Haircare,UrbanX,1368.33,111,3.6
PROD07195,Product_07195,Beauty,Haircare,Zenith,380.97,121,2.8
PROD07196,Product_07196,Beauty,Haircare,Apex,696.86,43,3.8
PROD07197,Product_07197,Home,Kitchen Appliance,Zenith,1165.69,10,4.6
PROD07198,Product_07198,Books,Fiction,UrbanX,356.37,103,4.8
PROD07199,Product_07199,Home,Chair,Apex,450.13,306,4.5
PROD07200,Product_07200,Books,Fiction,PrimeTech,947.5,467,4.9
PROD07201,Product_07201,Fashion,T-Shirt,Apex,745.98,430,2.5
PROD07202,Product_07202,Sports,Sportswear,Zenith,373.17,127,3.9
PROD07203,Product_07203,Home,Kitchen Appliance,Zenith,1735.61,213,2.5
PROD07204,Product_07204,Fashion,T-Shirt,Orion,289.32,311,3.5
PROD07205,Product_07205,Fashion,Shoes,Zenith,848.73,406,4.9
PROD07206,Product_07206,Fashion,Jacket,Nova,451.2,464,4.3
PROD07207,Product_07207,Sports,Sportswear,Apex,691.04,64,4.7
PROD07208,Product_07208,Fashion,Jacket,UrbanX,677.71,259,3.0
PROD07209,Product_07209,Beauty,Haircare,Zenith,268.43,163,4.5
PROD07210,Product_07210,Books,Academic,Orion,233.97,309,3.6
PROD07211,Product_07211,Home,Table,Nova,518.03,38,4.6
PROD07212,Product_07212,Beauty,Haircare,Nova,312.48,69,3.5
PROD07213,Product_07213,Electronics,Smartwatch,Vertex,551.03,38,4.5
PROD07214,Product_07214,Books,Academic,UrbanX,889.17,448,4.1
PROD07215,Product_07215,Electronics,Laptop,Nova,1664.37,27,3.4
PROD07216,Product_07216,Books,Non-Fiction,PrimeTech,1749.88,4,4.1
PROD07217,Product_07217,Sports,Running Gear,Orion,185.97,327,3.1
PROD07218,Product_07218,Electronics,Laptop,Vertex,1046.29,136,2.9
PROD07219,Product_07219,Books,Non-Fiction,Nova,1086.79,222,2.7
PROD07220,Product_07220,Books,Comics,Apex,905.85,131,4.8
PROD07221,Product_07221,Electronics,Smartphone,Zenith,535.61,60,4.5
PROD07222,Product_07222,Books,Non-Fiction,Apex,770.44,75,3.6
PROD07223,Product_07223,Fashion,Shoes,Orion,694.78,335,2.5
PROD07224,Product_07224,Fashion,Jacket,Zenith,496.12,282,4.0
PROD07225,Product_07225,Electronics,Headphones,Orion,258.32,182,2.9
PROD07226,Product_07226,Home,Kitchen Appliance,UrbanX,1052.86,149,2.9
PROD07227,Product_07227,Fashion,Jacket,Zenith,686.73,157,3.1
PROD07228,Product_07228,Sports,Outdoor Gear,Orion,484.92,74,4.8
PROD07229,Product_07229,Home,Kitchen Appliance,UrbanX,478.77,479,4.7
PROD07230,Product_07230,Books,Fiction,Zenith,431.76,79,2.9
PROD07231,Product_07231,Home,Table,PrimeTech,203.53,127,2.7
PROD07232,Product_07232,Sports,Outdoor Gear,UrbanX,390.21,112,3.7
PROD07233,Product_07233,Fashion,Jeans,UrbanX,1349.51,309,3.3
PROD07234,Product_07234,Fashion,Jacket,Orion,425.92,314,4.9
PROD07235,Product_07235,Books,Fiction,Zenith,274.46,88,2.8
PROD07236,Product_07236,Sports,Outdoor Gear,UrbanX,265.63,19,3.1
PROD07237,Product_07237,Home,Kitchen Appliance,PrimeTech,369.59,127,3.0
PROD07238,Product_07238,Electronics,Smartwatch,Nova,512.49,463,4.2
PROD07239,Product_07239,Home,Kitchen Appliance,Nova,372.8,408,2.7
PROD07240,Product_07240,Home,Lamp,UrbanX,107.63,172,3.3
PROD07241,Product_07241,Fashion,Jacket,Vertex,454.4,66,2.7
PROD07242,Product_07242,Sports,Outdoor Gear,Zenith,1339.7,149,4.6
PROD07243,Product_07243,Books,Comics,UrbanX,364.98,327,3.9
PROD07244,Product_07244,Sports,Running Gear,Nova,865.88,409,4.1
PROD07245,Product_07245,Fashion,T-Shirt,Zenith,442.92,420,3.5
PROD07246,Product_07246,Fashion,Jacket,Nova,415.79,1,4.4
PROD07247,Product_07247,Sports,Running Gear,PrimeTech,529.74,431,3.9
PROD07248,Product_07248,Home,Kitchen Appliance,PrimeTech,622.53,478,2.9
PROD07249,Product_07249,Sports,Running Gear,Apex,1723.48,271,4.2
PROD07250,Product_07250,Home,Lamp,PrimeTech,344.64,117,4.1
PROD07251,Product_07251,Electronics,Laptop,Orion,301.14,465,3.5
PROD07252,Product_07252,Books,Academic,Orion,8032.04,275,3.2
PROD07253,Product_07253,Fashion,Jeans,Orion,201.29,396,4.1
PROD07254,Product_07254,Sports,Fitness Equipment,Orion,390.89,321,3.7
PROD07255,Product_07255,Books,Academic,Apex,430.07,151,3.6
PROD07256,Product_07256,Fashion,Jeans,UrbanX,2449.39,160,3.8
PROD07257,Product_07257,Books,Fiction,Apex,1430.31,14,4.9
PROD07258,Product_07258,Beauty,Haircare,Orion,776.14,110,4.2
PROD07259,Product_07259,Books,Non-Fiction,Apex,406.34,124,3.9
PROD07260,Product_07260,Electronics,Smartphone,PrimeTech,206.45,232,4.2
PROD07261,Product_07261,Books,Academic,Apex,927.32,115,4.2
PROD07262,Product_07262,Books,Fiction,UrbanX,579.86,177,3.1
PROD07263,Product_07263,Electronics,Smartwatch,PrimeTech,1095.28,486,3.8
PROD07264,Product_07264,Electronics,Smartphone,Orion,824.87,41,4.6
PROD07265,Product_07265,Sports,Running Gear,PrimeTech,238.81,262,2.7
PROD07266,Product_07266,Home,Kitchen Appliance,Nova,360.45,35,4.3
PROD07267,Product_07267,Home,Chair,PrimeTech,843.99,247,3.4
PROD07268,Product_07268,Sports,Fitness Equipment,Orion,658.97,144,4.0
PROD07269,Product_07269,Home,Table,Apex,2426.73,123,4.6
PROD07270,Product_07270,Beauty,Fragrance,Nova,1288.45,168,3.8
PROD07271,Product_07271,Electronics,Headphones,Vertex,412.49,449,3.2
PROD07272,Product_07272,Sports,Sportswear,Apex,652.47,141,4.4
PROD07273,Product_07273,Electronics,Smartphone,Vertex,949.43,210,4.2
PROD07274,Product_07274,Fashion,T-Shirt,Nova,226.13,439,2.8
PROD07275,Product_07275,Beauty,Fragrance,PrimeTech,634.36,274,3.6
PROD07276,Product_07276,Books,Comics,UrbanX,152.45,296,4.1
PROD07277,Product_07277,Sports,Outdoor Gear,Orion,208.14,213,3.9
PROD07278,Product_07278,Fashion,Jacket,Apex,279.29,285,4.4
PROD07279,Product_07279,Sports,Sportswear,PrimeTech,613.54,342,4.7
PROD07280,Product_07280,Beauty,Makeup,Vertex,439.99,98,3.2
PROD07281,Product_07281,Home,Table,Orion,490.34,7,4.5
PROD07282,Product_07282,Fashion,T-Shirt,Orion,1199.17,256,3.3
PROD07283,Product_07283,Books,Academic,PrimeTech,686.07,279,4.8
PROD07284,Product_07284,Beauty,Haircare,Zenith,2660.98,429,2.6
PROD07285,Product_07285,Books,Academic,PrimeTech,330.93,372,3.7
PROD07286,Product_07286,Beauty,Makeup,Vertex,252.66,395,4.2
PROD07287,Product_07287,Sports,Sportswear,PrimeTech,261.36,20,4.3
PROD07288,Product_07288,Electronics,Smartwatch,Apex,658.68,426,3.0
PROD07289,Product_07289,Sports,Outdoor Gear,Apex,638.77,456,3.6
PROD07290,Product_07290,Sports,Running Gear,Vertex,403.16,283,4.1
PROD07291,Product_07291,Electronics,Headphones,Vertex,1423.57,240,4.1
PROD07292,Product_07292,Books,Fiction,Zenith,262.85,386,3.4
PROD07293,Product_07293,Sports,Outdoor Gear,PrimeTech,742.14,290,4.8
PROD07294,Product_07294,Fashion,Shoes,Vertex,326.16,176,2.8
PROD07295,Product_07295,Beauty,Makeup,PrimeTech,789.56,397,4.2
PROD07296,Product_07296,Books,Comics,Nova,345.97,362,3.9
PROD07297,Product_07297,Electronics,Smartphone,UrbanX,378.02,420,2.8
PROD07298,Product_07298,Home,Table,Orion,1342.63,363,2.7
PROD07299,Product_07299,Books,Non-Fiction,UrbanX,1210.19,318,4.6
PROD07300,Product_07300,Books,Comics,Vertex,361.3,481,3.6
PROD07301,Product_07301,Electronics,Smartphone,Vertex,2394.61,192,2.7
PROD07302,Product_07302,Books,Comics,Zenith,777.51,362,4.8
PROD07303,Product_07303,Electronics,Laptop,PrimeTech,289.43,368,4.9
PROD07304,Product_07304,Electronics,Smartphone,Nova,228.12,298,3.4
PROD07305,Product_07305,Home,Chair,UrbanX,1429.63,251,4.5
PROD07306,Product_07306,Beauty,Makeup,Apex,366.91,341,3.7
PROD07307,Product_07307,Fashion,Jeans,UrbanX,721.1,452,4.5
PROD07308,Product_07308,Electronics,Smartphone,Nova,3701.81,253,4.1
PROD07309,Product_07309,Beauty,Makeup,Vertex,485.69,154,4.1
PROD07310,Product_07310,Home,Table,Nova,247.85,443,4.0
PROD07311,Product_07311,Sports,Sportswear,Nova,99.0,172,4.0
PROD07312,Product_07312,Fashion,Jacket,Apex,2171.68,215,3.3
PROD07313,Product_07313,Sports,Running Gear,Zenith,382.53,280,4.1
PROD07314,Product_07314,Beauty,Haircare,UrbanX,1745.08,341,4.7
PROD07315,Product_07315,Fashion,Jacket,Nova,323.22,230,3.1
PROD07316,Product_07316,Fashion,Jeans,Zenith,830.7,266,2.9
PROD07317,Product_07317,Books,Comics,UrbanX,344.7,497,4.7
PROD07318,Product_07318,Electronics,Laptop,PrimeTech,504.01,240,2.9
PROD07319,Product_07319,Beauty,Skincare,Vertex,360.42,392,4.9
PROD07320,Product_07320,Home,Kitchen Appliance,PrimeTech,1945.17,341,4.1
PROD07321,Product_07321,Books,Academic,Nova,260.72,251,3.8
PROD07322,Product_07322,Home,Table,UrbanX,351.71,377,4.3
PROD07323,Product_07323,Electronics,Headphones,PrimeTech,703.71,72,3.2
PROD07324,Product_07324,Sports,Fitness Equipment,Orion,780.13,39,4.7
PROD07325,Product_07325,Home,Lamp,UrbanX,233.13,325,4.6
PROD07326,Product_07326,Fashion,Shoes,PrimeTech,729.37,372,3.1
PROD07327,Product_07327,Books,Comics,Zenith,709.31,176,3.0
PROD07328,Product_07328,Fashion,Shoes,Apex,196.52,49,3.0
PROD07329,Product_07329,Fashion,Jeans,Nova,714.03,376,3.0
PROD07330,Product_07330,Fashion,Jeans,Orion,1382.49,94,2.7
PROD07331,Product_07331,Fashion,Shoes,UrbanX,359.22,196,3.6
PROD07332,Product_07332,Home,Table,UrbanX,143.75,93,2.6
PROD07333,Product_07333,Books,Non-Fiction,Zenith,456.74,26,2.6
PROD07334,Product_07334,Beauty,Fragrance,Orion,224.04,449,2.6
PROD07335,Product_07335,Home,Lamp,Apex,725.88,125,3.1
PROD07336,Product_07336,Sports,Running Gear,UrbanX,427.68,204,3.4
PROD07337,Product_07337,Books,Fiction,Apex,280.79,33,4.9
PROD07338,Product_07338,Fashion,T-Shirt,Zenith,99.0,353,2.7
PROD07339,Product_07339,Sports,Outdoor Gear,Orion,214.95,74,3.2
PROD07340,Product_07340,Home,Kitchen Appliance,Apex,526.49,170,3.5
PROD07341,Product_07341,Home,Chair,Orion,440.3,154,2.8
PROD07342,Product_07342,Books,Non-Fiction,Vertex,916.05,206,3.5
PROD07343,Product_07343,Beauty,Makeup,PrimeTech,230.14,287,3.6
PROD07344,Product_07344,Books,Non-Fiction,UrbanX,1005.25,437,4.8
PROD07345,Product_07345,Fashion,Jacket,Orion,365.4,167,4.5
PROD07346,Product_07346,Books,Comics,Nova,1384.49,156,3.4
PROD07347,Product_07347,Fashion,T-Shirt,PrimeTech,836.78,485,3.4
PROD07348,Product_07348,Fashion,Jeans,Nova,287.66,363,4.1
PROD07349,Product_07349,Electronics,Smartwatch,Orion,461.34,174,2.6
PROD07350,Product_07350,Fashion,Shoes,Apex,340.93,446,3.7
PROD07351,Product_07351,Sports,Running Gear,Apex,631.27,142,3.9
PROD07352,Product_07352,Sports,Outdoor Gear,UrbanX,254.0,278,4.7
PROD07353,Product_07353,Home,Table,Apex,483.74,160,4.4
PROD07354,Product_07354,Electronics,Headphones,UrbanX,1451.46,442,2.8
PROD07355,Product_07355,Home,Table,Zenith,253.94,75,2.5
PROD07356,Product_07356,Books,Academic,Nova,642.61,154,3.6
PROD07357,Product_07357,Books,Academic,Zenith,156.46,414,2.5
PROD07358,Product_07358,Beauty,Fragrance,PrimeTech,693.58,91,4.2
PROD07359,Product_07359,Electronics,Smartwatch,Nova,791.86,42,3.5
PROD07360,Product_07360,Electronics,Laptop,PrimeTech,99.0,11,4.7
PROD07361,Product_07361,Home,Kitchen Appliance,Nova,146.58,147,4.9
PROD07362,Product_07362,Fashion,T-Shirt,UrbanX,923.67,480,3.0
PROD07363,Product_07363,Beauty,Fragrance,PrimeTech,600.82,322,3.8
PROD07364,Product_07364,Home,Lamp,Zenith,2074.38,266,4.8
PROD07365,Product_07365,Sports,Running Gear,Zenith,446.52,267,3.6
PROD07366,Product_07366,Sports,Running Gear,Nova,901.19,338,2.5
PROD07367,Product_07367,Sports,Outdoor Gear,PrimeTech,895.68,334,3.3
PROD07368,Product_07368,Home,Lamp,Orion,401.49,435,3.1
PROD07369,Product_07369,Home,Kitchen Appliance,PrimeTech,484.27,359,2.9
PROD07370,Product_07370,Books,Comics,Apex,12795.94,173,3.6
PROD07371,Product_07371,Home,Lamp,Zenith,381.11,306,4.7
PROD07372,Product_07372,Fashion,T-Shirt,PrimeTech,182.11,419,4.2
PROD07373,Product_07373,Electronics,Smartwatch,Orion,655.0,104,4.4
PROD07374,Product_07374,Fashion,Jacket,Zenith,1051.3,86,4.0
PROD07375,Product_07375,Sports,Outdoor Gear,Apex,232.8,479,3.7
PROD07376,Product_07376,Books,Fiction,Nova,517.8,102,4.9
PROD07377,Product_07377,Home,Lamp,Nova,555.19,371,3.3
PROD07378,Product_07378,Beauty,Haircare,Orion,883.23,89,2.5
PROD07379,Product_07379,Electronics,Headphones,Orion,288.01,5,4.4
PROD07380,Product_07380,Home,Table,Zenith,1549.53,317,3.8
PROD07381,Product_07381,Fashion,Jacket,UrbanX,1022.35,78,4.8
PROD07382,Product_07382,Home,Chair,PrimeTech,776.98,90,4.6
PROD07383,Product_07383,Beauty,Skincare,Orion,515.45,474,4.2
PROD07384,Product_07384,Books,Comics,Orion,236.82,287,3.2
PROD07385,Product_07385,Electronics,Smartwatch,Vertex,591.22,170,2.7
PROD07386,Product_07386,Beauty,Skincare,UrbanX,1487.94,150,3.7
PROD07387,Product_07387,Beauty,Makeup,Vertex,377.92,86,4.8
PROD07388,Product_07388,Electronics,Smartwatch,Nova,1108.59,232,4.6
PROD07389,Product_07389,Fashion,Jeans,Vertex,151.63,433,4.8
PROD07390,Product_07390,Sports,Sportswear,Vertex,1329.9,156,2.8
PROD07391,Product_07391,Home,Chair,Vertex,197.45,185,3.6
PROD07392,Product_07392,Electronics,Smartwatch,PrimeTech,314.6,414,4.2
PROD07393,Product_07393,Beauty,Fragrance,UrbanX,287.98,96,5.0
PROD07394,Product_07394,Books,Academic,PrimeTech,774.43,59,4.3
PROD07395,Product_07395,Books,Comics,Orion,479.2,152,4.2
PROD07396,Product_07396,Beauty,Haircare,PrimeTech,498.87,53,3.4
PROD07397,Product_07397,Beauty,Fragrance,Zenith,594.31,105,2.8
PROD07398,Product_07398,Home,Chair,Zenith,435.72,219,4.7
PROD07399,Product_07399,Sports,Fitness Equipment,Apex,678.31,171,4.7
PROD07400,Product_07400,Books,Fiction,Apex,775.93,161,2.8
PROD07401,Product_07401,Beauty,Makeup,UrbanX,585.04,469,2.6
PROD07402,Product_07402,Beauty,Skincare,Apex,2130.91,20,3.1
PROD07403,Product_07403,Fashion,Shoes,Orion,1865.95,190,3.3
PROD07404,Product_07404,Beauty,Makeup,Nova,519.04,315,4.8
PROD07405,Product_07405,Sports,Fitness Equipment,UrbanX,977.18,123,3.7
PROD07406,Product_07406,Books,Academic,UrbanX,1608.35,446,3.1
PROD07407,Product_07407,Books,Academic,PrimeTech,427.62,433,4.2
PROD07408,Product_07408,Books,Non-Fiction,Vertex,2303.96,261,4.5
PROD07409,Product_07409,Beauty,Skincare,Apex,2531.17,51,2.6
PROD07410,Product_07410,Sports,Sportswear,Zenith,208.65,435,4.1
PROD07411,Product_07411,Home,Kitchen Appliance,Zenith,236.44,459,4.6
PROD07412,Product_07412,Beauty,Makeup,PrimeTech,215.25,221,4.7
PROD07413,Product_07413,Home,Chair,Orion,772.96,4,2.8
PROD07414,Product_07414,Beauty,Skincare,Vertex,515.42,55,3.0
PROD07415,Product_07415,Beauty,Fragrance,UrbanX,190.81,225,3.4
PROD07416,Product_07416,Fashion,Jeans,Apex,697.71,63,3.4
PROD07417,Product_07417,Home,Table,Vertex,1337.41,25,4.6
PROD07418,Product_07418,Fashion,Shoes,Orion,261.02,299,3.3
PROD07419,Product_07419,Home,Chair,Nova,251.66,395,3.7
PROD07420,Product_07420,Fashion,T-Shirt,Zenith,902.45,137,3.2
PROD07421,Product_07421,Books,Academic,Vertex,766.84,236,3.3
PROD07422,Product_07422,Sports,Fitness Equipment,Nova,186.53,244,4.3
PROD07423,Product_07423,Fashion,T-Shirt,PrimeTech,222.62,17,3.7
PROD07424,Product_07424,Books,Fiction,UrbanX,440.2,268,2.9
PROD07425,Product_07425,Fashion,Shoes,Nova,339.38,2,4.4
PROD07426,Product_07426,Home,Chair,UrbanX,627.12,215,3.3
PROD07427,Product_07427,Electronics,Laptop,UrbanX,379.62,176,3.7
PROD07428,Product_07428,Electronics,Smartphone,Orion,357.89,280,3.6
PROD07429,Product_07429,Fashion,Shoes,Apex,449.06,486,4.0
PROD07430,Product_07430,Beauty,Fragrance,PrimeTech,533.22,212,3.4
PROD07431,Product_07431,Beauty,Fragrance,Zenith,674.82,189,4.4
PROD07432,Product_07432,Electronics,Smartwatch,Zenith,429.76,353,4.7
PROD07433,Product_07433,Beauty,Haircare,UrbanX,1194.4,427,3.0
PROD07434,Product_07434,Electronics,Headphones,Orion,681.02,93,3.4
PROD07435,Product_07435,Home,Lamp,Nova,306.75,190,3.6
PROD07436,Product_07436,Sports,Running Gear,Zenith,427.21,5,4.1
PROD07437,Product_07437,Fashion,T-Shirt,Vertex,579.53,182,4.0
PROD07438,Product_07438,Electronics,Laptop,Vertex,604.59,360,3.7
PROD07439,Product_07439,Sports,Running Gear,PrimeTech,331.93,268,3.9
PROD07440,Product_07440,Beauty,Skincare,Orion,661.32,41,2.9
PROD07441,Product_07441,Books,Fiction,Apex,455.61,68,4.7
PROD07442,Product_07442,Fashion,T-Shirt,Vertex,796.58,469,3.0
PROD07443,Product_07443,Fashion,Jacket,Nova,563.7,331,3.6
PROD07444,Product_07444,Books,Fiction,PrimeTech,517.47,422,2.9
PROD07445,Product_07445,Beauty,Skincare,UrbanX,355.07,158,4.7
PROD07446,Product_07446,Beauty,Fragrance,Vertex,197.83,167,4.8
PROD07447,Product_07447,Electronics,Smartphone,Apex,770.33,371,2.6
PROD07448,Product_07448,Fashion,T-Shirt,Vertex,1562.31,217,4.0
PROD07449,Product_07449,Books,Academic,Vertex,698.15,8,4.0
PROD07450,Product_07450,Books,Fiction,Vertex,1102.51,92,3.0
PROD07451,Product_07451,Electronics,Headphones,Orion,155.07,256,4.7
PROD07452,Product_07452,Sports,Running Gear,Apex,826.98,21,3.5
PROD07453,Product_07453,Home,Table,UrbanX,536.95,412,4.4
PROD07454,Product_07454,Books,Fiction,Nova,1131.88,351,4.2
PROD07455,Product_07455,Sports,Fitness Equipment,Apex,1517.43,130,3.4
PROD07456,Product_07456,Fashion,T-Shirt,Apex,3197.81,291,4.9
PROD07457,Product_07457,Fashion,Shoes,Nova,619.56,76,4.0
PROD07458,Product_07458,Beauty,Fragrance,Orion,193.66,179,4.7
PROD07459,Product_07459,Beauty,Fragrance,Apex,1438.12,324,4.5
PROD07460,Product_07460,Books,Comics,Nova,884.93,221,4.5
PROD07461,Product_07461,Electronics,Smartphone,Orion,464.91,336,4.4
PROD07462,Product_07462,Beauty,Makeup,Vertex,243.27,323,2.9
PROD07463,Product_07463,Home,Lamp,UrbanX,458.55,110,2.6
PROD07464,Product_07464,Books,Fiction,Orion,534.35,394,4.5
PROD07465,Product_07465,Electronics,Laptop,Orion,1173.12,361,3.5
PROD07466,Product_07466,Sports,Outdoor Gear,Apex,405.96,54,3.6
PROD07467,Product_07467,Beauty,Skincare,Vertex,962.79,235,2.7
PROD07468,Product_07468,Home,Lamp,Orion,436.13,488,4.4
PROD07469,Product_07469,Beauty,Fragrance,PrimeTech,800.49,180,3.2
PROD07470,Product_07470,Beauty,Makeup,Vertex,1049.34,211,3.1
PROD07471,Product_07471,Beauty,Fragrance,Orion,593.72,443,3.9
PROD07472,Product_07472,Fashion,Jacket,UrbanX,326.91,326,4.8
PROD07473,Product_07473,Electronics,Smartphone,Nova,853.59,492,3.4
PROD07474,Product_07474,Books,Academic,PrimeTech,800.95,180,4.0
PROD07475,Product_07475,Electronics,Smartwatch,Orion,423.47,496,2.6
PROD07476,Product_07476,Beauty,Haircare,UrbanX,886.78,416,2.9
PROD07477,Product_07477,Fashion,Jeans,Vertex,1153.6,209,4.0
PROD07478,Product_07478,Books,Academic,Apex,1075.25,321,4.9
PROD07479,Product_07479,Beauty,Skincare,PrimeTech,1412.34,30,3.7
PROD07480,Product_07480,Sports,Outdoor Gear,Vertex,1285.76,466,2.5
PROD07481,Product_07481,Sports,Sportswear,Apex,1252.29,282,3.4
PROD07482,Product_07482,Beauty,Skincare,Zenith,586.01,372,4.0
PROD07483,Product_07483,Fashion,T-Shirt,Apex,758.33,7,4.0
PROD07484,Product_07484,Beauty,Skincare,Nova,415.21,270,4.0
PROD07485,Product_07485,Electronics,Laptop,Orion,349.57,478,4.6
PROD07486,Product_07486,Electronics,Smartwatch,Nova,292.24,216,3.0
PROD07487,Product_07487,Sports,Sportswear,UrbanX,115.31,427,3.8
PROD07488,Product_07488,Beauty,Haircare,Vertex,224.58,99,2.9
PROD07489,Product_07489,Home,Kitchen Appliance,Nova,238.29,151,3.2
PROD07490,Product_07490,Electronics,Smartwatch,PrimeTech,180.99,103,4.4
PROD07491,Product_07491,Electronics,Smartwatch,Orion,877.92,15,3.9
PROD07492,Product_07492,Books,Comics,Nova,996.28,439,3.1
PROD07493,Product_07493,Home,Kitchen Appliance,Zenith,182.18,486,3.8
PROD07494,Product_07494,Sports,Running Gear,Zenith,790.29,358,4.1
PROD07495,Product_07495,Fashion,Jeans,Orion,312.55,218,4.9
PROD07496,Product_07496,Fashion,Shoes,UrbanX,2080.4,266,3.5
PROD07497,Product_07497,Books,Non-Fiction,PrimeTech,790.46,167,2.8
PROD07498,Product_07498,Fashion,Jacket,Orion,970.12,110,5.0
PROD07499,Product_07499,Beauty,Makeup,Orion,760.92,422,5.0
PROD07500,Product_07500,Books,Non-Fiction,Zenith,227.52,153,3.6
PROD07501,Product_07501,Books,Academic,Vertex,335.85,16,4.7
PROD07502,Product_07502,Sports,Running Gear,PrimeTech,863.59,444,3.7
PROD07503,Product_07503,Books,Non-Fiction,Zenith,481.53,206,3.0
PROD07504,Product_07504,Sports,Sportswear,Vertex,537.45,465,3.3
PROD07505,Product_07505,Home,Lamp,Orion,565.96,76,4.7
PROD07506,Product_07506,Electronics,Headphones,Orion,940.3,333,4.2
PROD07507,Product_07507,Beauty,Skincare,PrimeTech,133.75,137,4.5
PROD07508,Product_07508,Fashion,Jacket,Orion,312.89,79,4.7
PROD07509,Product_07509,Beauty,Fragrance,Apex,360.46,27,4.0
PROD07510,Product_07510,Sports,Outdoor Gear,Vertex,671.12,111,4.2
PROD07511,Product_07511,Books,Non-Fiction,UrbanX,398.01,112,3.5
PROD07512,Product_07512,Electronics,Smartwatch,UrbanX,336.31,381,4.5
PROD07513,Product_07513,Books,Non-Fiction,UrbanX,422.27,289,3.0
PROD07514,Product_07514,Home,Table,Nova,910.73,171,4.4
PROD07515,Product_07515,Fashion,Jacket,Orion,542.78,371,2.7
PROD07516,Product_07516,Books,Academic,Apex,429.32,317,2.5
PROD07517,Product_07517,Home,Chair,Nova,1878.95,199,3.9
PROD07518,Product_07518,Sports,Running Gear,Nova,415.57,322,3.1
PROD07519,Product_07519,Sports,Outdoor Gear,Apex,650.98,441,4.5
PROD07520,Product_07520,Electronics,Smartphone,Nova,114.1,469,3.8
PROD07521,Product_07521,Sports,Running Gear,Zenith,284.63,324,3.2
PROD07522,Product_07522,Home,Kitchen Appliance,Apex,99.0,380,2.8
PROD07523,Product_07523,Beauty,Fragrance,PrimeTech,676.78,215,4.3
PROD07524,Product_07524,Beauty,Makeup,Nova,402.7,456,2.5
PROD07525,Product_07525,Sports,Running Gear,Vertex,292.79,211,2.8
PROD07526,Product_07526,Fashion,Jacket,PrimeTech,501.9,235,2.8
PROD07527,Product_07527,Electronics,Smartphone,Zenith,966.61,430,3.6
PROD07528,Product_07528,Home,Lamp,PrimeTech,1510.44,261,2.8
PROD07529,Product_07529,Beauty,Makeup,PrimeTech,1668.85,267,4.5
PROD07530,Product_07530,Sports,Sportswear,Apex,282.66,454,3.6
PROD07531,Product_07531,Beauty,Skincare,Vertex,3113.84,290,4.4
PROD07532,Product_07532,Sports,Running Gear,Zenith,248.37,285,4.0
PROD07533,Product_07533,Electronics,Headphones,Orion,407.92,283,2.6
PROD07534,Product_07534,Fashion,T-Shirt,Vertex,390.82,294,4.1
PROD07535,Product_07535,Sports,Sportswear,Zenith,354.76,259,4.2
PROD07536,Product_07536,Books,Fiction,Apex,345.92,143,3.3
PROD07537,Product_07537,Beauty,Skincare,UrbanX,640.43,464,3.8
PROD07538,Product_07538,Sports,Outdoor Gear,PrimeTech,289.31,302,3.7
PROD07539,Product_07539,Sports,Running Gear,Orion,388.89,158,4.3
PROD07540,Product_07540,Electronics,Headphones,Nova,3364.86,76,4.9
PROD07541,Product_07541,Electronics,Smartwatch,Orion,721.09,239,3.5
PROD07542,Product_07542,Beauty,Skincare,PrimeTech,739.58,165,5.0
PROD07543,Product_07543,Fashion,Shoes,Vertex,99.0,376,3.6
PROD07544,Product_07544,Electronics,Smartphone,UrbanX,311.24,66,4.4
PROD07545,Product_07545,Beauty,Fragrance,Zenith,736.46,260,3.2
PROD07546,Product_07546,Beauty,Haircare,Nova,1314.67,473,4.6
PROD07547,Product_07547,Home,Lamp,Vertex,286.26,175,4.7
PROD07548,Product_07548,Electronics,Laptop,PrimeTech,1063.61,441,3.8
PROD07549,Product_07549,Sports,Outdoor Gear,Apex,169.78,427,4.3
PROD07550,Product_07550,Home,Kitchen Appliance,Apex,114.52,259,3.0
PROD07551,Product_07551,Electronics,Laptop,Vertex,853.02,39,3.3
PROD07552,Product_07552,Books,Fiction,UrbanX,1475.33,285,3.4
PROD07553,Product_07553,Books,Non-Fiction,Nova,1384.21,253,3.8
PROD07554,Product_07554,Books,Comics,Vertex,321.75,185,3.4
PROD07555,Product_07555,Sports,Outdoor Gear,UrbanX,1380.55,32,3.5
PROD07556,Product_07556,Books,Academic,Nova,978.14,470,2.8
PROD07557,Product_07557,Electronics,Smartphone,Orion,808.63,287,3.4
PROD07558,Product_07558,Fashion,Jacket,Apex,1491.87,111,3.6
PROD07559,Product_07559,Beauty,Skincare,PrimeTech,1083.15,123,3.1
PROD07560,Product_07560,Fashion,T-Shirt,Vertex,188.72,136,2.9
PROD07561,Product_07561,Home,Lamp,PrimeTech,258.86,378,2.9
PROD07562,Product_07562,Fashion,Jacket,Zenith,99.0,353,3.3
PROD07563,Product_07563,Fashion,Jacket,UrbanX,144.88,410,4.7
PROD07564,Product_07564,Home,Table,Vertex,707.63,72,2.5
PROD07565,Product_07565,Beauty,Makeup,Orion,536.19,120,3.0
PROD07566,Product_07566,Books,Comics,Zenith,489.96,84,3.1
PROD07567,Product_07567,Electronics,Smartphone,PrimeTech,182.93,149,3.6
PROD07568,Product_07568,Sports,Running Gear,PrimeTech,455.04,15,3.4
PROD07569,Product_07569,Books,Fiction,UrbanX,1260.13,33,4.1
PROD07570,Product_07570,Sports,Fitness Equipment,Vertex,465.45,110,2.6
PROD07571,Product_07571,Home,Kitchen Appliance,Apex,612.23,298,3.8
PROD07572,Product_07572,Beauty,Makeup,Orion,495.7,151,3.6
PROD07573,Product_07573,Beauty,Haircare,Zenith,842.13,312,3.5
PROD07574,Product_07574,Home,Chair,UrbanX,332.91,53,5.0
PROD07575,Product_07575,Sports,Fitness Equipment,Orion,246.56,127,3.6
PROD07576,Product_07576,Home,Chair,Apex,594.52,231,4.4
PROD07577,Product_07577,Fashion,Jeans,Nova,293.43,124,2.9
PROD07578,Product_07578,Fashion,T-Shirt,Apex,989.68,388,3.9
PROD07579,Product_07579,Fashion,T-Shirt,Zenith,1109.68,320,5.0
PROD07580,Product_07580,Sports,Running Gear,Zenith,286.35,113,4.3
PROD07581,Product_07581,Beauty,Fragrance,Vertex,794.34,37,3.0
PROD07582,Product_07582,Sports,Running Gear,UrbanX,434.82,265,3.4
PROD07583,Product_07583,Beauty,Skincare,UrbanX,224.11,352,3.5
PROD07584,Product_07584,Fashion,Jeans,PrimeTech,319.26,265,4.1
PROD07585,Product_07585,Electronics,Smartwatch,UrbanX,605.77,204,4.9
PROD07586,Product_07586,Sports,Sportswear,Zenith,109.44,327,3.7
PROD07587,Product_07587,Electronics,Smartphone,Zenith,248.98,221,3.1
PROD07588,Product_07588,Beauty,Haircare,Apex,175.23,8,4.8
PROD07589,Product_07589,Beauty,Skincare,Nova,428.55,255,3.8
PROD07590,Product_07590,Electronics,Laptop,Orion,382.22,390,3.9
PROD07591,Product_07591,Electronics,Smartphone,Zenith,581.86,29,3.4
PROD07592,Product_07592,Home,Chair,Orion,388.89,293,4.8
PROD07593,Product_07593,Electronics,Headphones,Orion,289.19,297,2.8
PROD07594,Product_07594,Sports,Sportswear,UrbanX,358.58,291,2.7
PROD07595,Product_07595,Books,Non-Fiction,Nova,609.77,478,4.6
PROD07596,Product_07596,Electronics,Headphones,Nova,578.9,134,4.3
PROD07597,Product_07597,Home,Kitchen Appliance,Apex,193.94,138,4.6
PROD07598,Product_07598,Beauty,Fragrance,Nova,392.75,91,4.5
PROD07599,Product_07599,Home,Table,PrimeTech,530.06,357,2.7
PROD07600,Product_07600,Beauty,Fragrance,Vertex,1697.74,159,4.4
PROD07601,Product_07601,Fashion,T-Shirt,UrbanX,117.81,51,4.7
PROD07602,Product_07602,Electronics,Laptop,Zenith,390.75,149,4.5
PROD07603,Product_07603,Sports,Outdoor Gear,Orion,99.0,434,4.0
PROD07604,Product_07604,Sports,Fitness Equipment,PrimeTech,487.31,71,3.4
PROD07605,Product_07605,Sports,Outdoor Gear,Vertex,1147.06,352,3.4
PROD07606,Product_07606,Books,Academic,UrbanX,354.32,426,3.6
PROD07607,Product_07607,Beauty,Haircare,Vertex,1109.7,424,3.2
PROD07608,Product_07608,Beauty,Haircare,Vertex,286.23,289,4.1
PROD07609,Product_07609,Fashion,Shoes,Apex,1744.02,478,3.0
PROD07610,Product_07610,Sports,Fitness Equipment,Apex,752.88,331,3.4
PROD07611,Product_07611,Books,Non-Fiction,Vertex,323.32,43,3.9
PROD07612,Product_07612,Fashion,Jeans,Nova,450.98,232,4.4
PROD07613,Product_07613,Home,Table,Apex,176.73,77,4.2
PROD07614,Product_07614,Home,Chair,Vertex,689.17,338,3.4
PROD07615,Product_07615,Books,Fiction,PrimeTech,540.79,142,2.8
PROD07616,Product_07616,Electronics,Laptop,Vertex,319.18,63,4.2
PROD07617,Product_07617,Sports,Outdoor Gear,Apex,2330.19,367,2.8
PROD07618,Product_07618,Fashion,Jeans,UrbanX,609.64,450,3.8
PROD07619,Product_07619,Fashion,Jeans,Apex,1813.68,475,3.0
PROD07620,Product_07620,Books,Academic,Nova,285.41,342,3.6
PROD07621,Product_07621,Electronics,Smartphone,Apex,349.61,127,3.1
PROD07622,Product_07622,Electronics,Laptop,Apex,949.87,254,3.5
PROD07623,Product_07623,Beauty,Skincare,Vertex,686.26,74,3.6
PROD07624,Product_07624,Books,Academic,UrbanX,467.58,141,3.7
PROD07625,Product_07625,Electronics,Laptop,Apex,483.29,179,3.3
PROD07626,Product_07626,Beauty,Fragrance,Vertex,327.24,390,3.7
PROD07627,Product_07627,Electronics,Laptop,Zenith,338.67,94,3.6
PROD07628,Product_07628,Sports,Running Gear,UrbanX,248.73,12,4.6
PROD07629,Product_07629,Electronics,Smartwatch,PrimeTech,402.14,498,2.8
PROD07630,Product_07630,Books,Comics,Apex,1033.91,121,3.0
PROD07631,Product_07631,Beauty,Haircare,Vertex,834.32,498,3.1
PROD07632,Product_07632,Electronics,Smartphone,UrbanX,495.26,312,2.9
PROD07633,Product_07633,Beauty,Skincare,UrbanX,461.26,361,3.8
PROD07634,Product_07634,Home,Table,Vertex,782.92,240,4.4
PROD07635,Product_07635,Books,Fiction,PrimeTech,351.62,287,2.8
PROD07636,Product_07636,Fashion,Shoes,Orion,622.76,461,3.8
PROD07637,Product_07637,Sports,Outdoor Gear,Orion,1199.99,202,3.2
PROD07638,Product_07638,Electronics,Smartwatch,Zenith,438.42,17,2.9
PROD07639,Product_07639,Electronics,Smartphone,Vertex,475.76,344,3.9
PROD07640,Product_07640,Home,Table,Vertex,260.87,108,3.3
PROD07641,Product_07641,Beauty,Skincare,Apex,581.42,479,4.6
PROD07642,Product_07642,Electronics,Laptop,Apex,1355.62,487,2.7
PROD07643,Product_07643,Home,Lamp,Apex,567.68,243,4.0
PROD07644,Product_07644,Beauty,Makeup,PrimeTech,1654.37,93,4.2
PROD07645,Product_07645,Beauty,Haircare,Apex,492.11,156,4.1
PROD07646,Product_07646,Electronics,Headphones,Nova,724.81,448,4.8
PROD07647,Product_07647,Sports,Outdoor Gear,UrbanX,538.17,191,4.1
PROD07648,Product_07648,Books,Fiction,Orion,301.81,181,4.1
PROD07649,Product_07649,Beauty,Haircare,UrbanX,805.4,210,3.6
PROD07650,Product_07650,Fashion,Jacket,Zenith,135.24,490,2.8
PROD07651,Product_07651,Sports,Running Gear,Vertex,641.55,192,4.1
PROD07652,Product_07652,Beauty,Makeup,Nova,321.56,308,3.8
PROD07653,Product_07653,Sports,Outdoor Gear,Nova,2327.81,31,2.9
PROD07654,Product_07654,Books,Academic,Nova,1491.26,98,3.6
PROD07655,Product_07655,Fashion,T-Shirt,Apex,599.45,154,4.0
PROD07656,Product_07656,Electronics,Smartphone,Orion,263.97,487,4.4
PROD07657,Product_07657,Home,Table,Orion,193.0,181,3.3
PROD07658,Product_07658,Fashion,Jeans,Apex,1902.24,246,4.6
PROD07659,Product_07659,Electronics,Laptop,Apex,301.97,295,3.7
PROD07660,Product_07660,Electronics,Laptop,Orion,2277.12,255,3.7
PROD07661,Product_07661,Home,Lamp,Nova,541.73,138,4.1
PROD07662,Product_07662,Beauty,Skincare,Vertex,205.87,59,4.4
PROD07663,Product_07663,Home,Kitchen Appliance,UrbanX,886.81,472,2.7
PROD07664,Product_07664,Books,Academic,Orion,1398.63,220,2.8
PROD07665,Product_07665,Fashion,T-Shirt,Vertex,384.46,211,3.0
PROD07666,Product_07666,Sports,Outdoor Gear,Zenith,581.52,275,3.5
PROD07667,Product_07667,Electronics,Laptop,Nova,250.84,236,4.0
PROD07668,Product_07668,Fashion,Jacket,Orion,1242.1,403,4.3
PROD07669,Product_07669,Sports,Sportswear,Zenith,1144.54,15,4.6
PROD07670,Product_07670,Beauty,Haircare,Vertex,686.32,52,2.7
PROD07671,Product_07671,Sports,Running Gear,Zenith,671.67,301,3.8
PROD07672,Product_07672,Electronics,Smartphone,Zenith,1456.73,478,4.3
PROD07673,Product_07673,Fashion,Jacket,UrbanX,2445.97,141,3.2
PROD07674,Product_07674,Fashion,Jacket,UrbanX,1353.85,226,2.7
PROD07675,Product_07675,Sports,Running Gear,UrbanX,186.4,368,4.6
PROD07676,Product_07676,Home,Table,UrbanX,183.48,385,2.6
PROD07677,Product_07677,Home,Lamp,Zenith,1347.09,29,4.0
PROD07678,Product_07678,Electronics,Headphones,Orion,582.82,378,4.1
PROD07679,Product_07679,Sports,Outdoor Gear,Apex,255.09,260,3.1
PROD07680,Product_07680,Fashion,Jacket,Zenith,312.6,52,3.0
PROD07681,Product_07681,Sports,Sportswear,UrbanX,3812.18,479,3.4
PROD07682,Product_07682,Electronics,Smartphone,Vertex,456.19,417,4.3
PROD07683,Product_07683,Books,Academic,PrimeTech,162.27,365,4.6
PROD07684,Product_07684,Home,Kitchen Appliance,PrimeTech,284.36,44,3.4
PROD07685,Product_07685,Beauty,Haircare,UrbanX,99.0,405,2.9
PROD07686,Product_07686,Electronics,Smartwatch,PrimeTech,1515.14,88,4.9
PROD07687,Product_07687,Electronics,Smartwatch,UrbanX,229.14,32,4.5
PROD07688,Product_07688,Books,Non-Fiction,Orion,99.0,252,4.4
PROD07689,Product_07689,Fashion,Jeans,Nova,456.14,185,4.7
PROD07690,Product_07690,Sports,Fitness Equipment,Orion,307.85,28,4.8
PROD07691,Product_07691,Sports,Outdoor Gear,Nova,1138.64,374,5.0
PROD07692,Product_07692,Home,Table,Apex,337.98,243,3.3
PROD07693,Product_07693,Fashion,Jeans,Zenith,673.94,433,3.5
PROD07694,Product_07694,Sports,Sportswear,PrimeTech,321.0,139,4.2
PROD07695,Product_07695,Electronics,Smartwatch,Apex,608.9,472,5.0
PROD07696,Product_07696,Electronics,Laptop,UrbanX,183.39,28,4.2
PROD07697,Product_07697,Home,Table,PrimeTech,861.18,400,3.4
PROD07698,Product_07698,Books,Non-Fiction,Vertex,255.53,165,4.6
PROD07699,Product_07699,Home,Kitchen Appliance,Vertex,470.38,170,3.0
PROD07700,Product_07700,Home,Table,PrimeTech,687.94,135,4.7
PROD07701,Product_07701,Electronics,Laptop,Nova,612.09,28,2.7
PROD07702,Product_07702,Home,Lamp,Zenith,236.98,162,3.3
PROD07703,Product_07703,Books,Non-Fiction,Apex,207.61,396,4.2
PROD07704,Product_07704,Home,Table,Zenith,655.3,310,3.6
PROD07705,Product_07705,Fashion,Jacket,Orion,1765.79,31,2.7
PROD07706,Product_07706,Beauty,Fragrance,Vertex,758.78,497,3.2
PROD07707,Product_07707,Fashion,T-Shirt,PrimeTech,203.63,99,4.7
PROD07708,Product_07708,Electronics,Laptop,Nova,284.51,80,3.4
PROD07709,Product_07709,Fashion,Jeans,Nova,1493.58,106,3.4
PROD07710,Product_07710,Home,Chair,Apex,875.39,201,2.8
PROD07711,Product_07711,Fashion,T-Shirt,Orion,744.95,38,4.4
PROD07712,Product_07712,Books,Fiction,UrbanX,724.34,303,4.0
PROD07713,Product_07713,Electronics,Smartwatch,PrimeTech,377.16,68,2.9
PROD07714,Product_07714,Sports,Running Gear,Vertex,733.9,274,3.4
PROD07715,Product_07715,Home,Table,Nova,533.43,54,4.5
PROD07716,Product_07716,Sports,Sportswear,Apex,203.82,150,2.6
PROD07717,Product_07717,Sports,Outdoor Gear,PrimeTech,1259.27,8,4.7
PROD07718,Product_07718,Home,Chair,Orion,525.13,369,4.1
PROD07719,Product_07719,Home,Kitchen Appliance,Orion,416.83,297,3.8
PROD07720,Product_07720,Sports,Outdoor Gear,UrbanX,1064.07,430,4.8
PROD07721,Product_07721,Fashion,Shoes,Vertex,284.25,109,3.2
PROD07722,Product_07722,Beauty,Haircare,PrimeTech,1004.9,103,4.2
PROD07723,Product_07723,Electronics,Smartphone,PrimeTech,322.08,377,3.4
PROD07724,Product_07724,Books,Comics,Zenith,624.56,257,3.7
PROD07725,Product_07725,Sports,Outdoor Gear,Nova,200.64,340,4.1
PROD07726,Product_07726,Books,Non-Fiction,Nova,619.08,241,2.6
PROD07727,Product_07727,Fashion,Jacket,Orion,257.61,245,3.7
PROD07728,Product_07728,Sports,Running Gear,PrimeTech,215.94,89,3.6
PROD07729,Product_07729,Sports,Outdoor Gear,Vertex,237.05,104,3.7
PROD07730,Product_07730,Home,Kitchen Appliance,Orion,370.7,439,3.7
PROD07731,Product_07731,Beauty,Fragrance,PrimeTech,1224.96,66,3.0
PROD07732,Product_07732,Books,Comics,Zenith,1452.36,140,3.1
PROD07733,Product_07733,Home,Chair,Orion,554.79,13,2.6
PROD07734,Product_07734,Books,Academic,Zenith,1321.76,492,4.6
PROD07735,Product_07735,Sports,Sportswear,UrbanX,852.02,468,4.8
PROD07736,Product_07736,Home,Chair,Apex,777.96,305,4.1
PROD07737,Product_07737,Electronics,Smartphone,PrimeTech,4522.38,466,4.8
PROD07738,Product_07738,Sports,Sportswear,Vertex,1470.91,133,2.9
PROD07739,Product_07739,Electronics,Smartphone,Vertex,520.36,199,4.9
PROD07740,Product_07740,Fashion,Jeans,Nova,1911.3,363,4.3
PROD07741,Product_07741,Fashion,Jacket,Vertex,1912.64,330,3.7
PROD07742,Product_07742,Fashion,T-Shirt,Zenith,238.0,235,2.5
PROD07743,Product_07743,Books,Fiction,Vertex,1086.71,343,2.6
PROD07744,Product_07744,Home,Kitchen Appliance,Zenith,476.76,250,4.1
PROD07745,Product_07745,Home,Table,Orion,550.64,30,2.7
PROD07746,Product_07746,Sports,Outdoor Gear,Nova,1450.5,235,4.9
PROD07747,Product_07747,Books,Fiction,Orion,802.61,402,3.9
PROD07748,Product_07748,Books,Comics,PrimeTech,103.45,23,2.7
PROD07749,Product_07749,Fashion,T-Shirt,UrbanX,1160.75,66,4.7
PROD07750,Product_07750,Sports,Running Gear,UrbanX,843.1,196,3.5
PROD07751,Product_07751,Sports,Outdoor Gear,Vertex,348.28,13,4.0
PROD07752,Product_07752,Home,Kitchen Appliance,Apex,331.02,465,5.0
PROD07753,Product_07753,Books,Academic,UrbanX,737.3,448,3.4
PROD07754,Product_07754,Electronics,Smartphone,UrbanX,265.7,150,3.0
PROD07755,Product_07755,Beauty,Fragrance,Apex,332.47,433,2.9
PROD07756,Product_07756,Books,Non-Fiction,Vertex,99.0,395,3.1
PROD07757,Product_07757,Electronics,Smartwatch,Zenith,1161.01,42,4.1
PROD07758,Product_07758,Sports,Sportswear,Orion,472.8,23,4.8
PROD07759,Product_07759,Fashion,Jeans,Apex,583.33,453,3.6
PROD07760,Product_07760,Sports,Outdoor Gear,Nova,342.18,120,2.6
PROD07761,Product_07761,Beauty,Makeup,Apex,478.57,372,4.3
PROD07762,Product_07762,Fashion,Jeans,Nova,336.3,357,3.0
PROD07763,Product_07763,Books,Fiction,Orion,1478.61,302,3.4
PROD07764,Product_07764,Sports,Sportswear,Orion,342.35,408,4.4
PROD07765,Product_07765,Home,Table,PrimeTech,597.96,94,2.7
PROD07766,Product_07766,Home,Table,PrimeTech,859.74,464,3.7
PROD07767,Product_07767,Fashion,T-Shirt,UrbanX,3041.76,385,4.6
PROD07768,Product_07768,Electronics,Laptop,Apex,294.56,53,3.0
PROD07769,Product_07769,Books,Academic,PrimeTech,845.92,364,3.5
PROD07770,Product_07770,Beauty,Makeup,Nova,359.82,299,4.3
PROD07771,Product_07771,Home,Chair,Vertex,720.03,365,3.1
PROD07772,Product_07772,Books,Comics,Apex,168.15,74,4.2
PROD07773,Product_07773,Beauty,Fragrance,Nova,458.69,376,4.5
PROD07774,Product_07774,Electronics,Smartwatch,Nova,438.98,318,5.0
PROD07775,Product_07775,Fashion,Jacket,PrimeTech,682.56,173,2.8
PROD07776,Product_07776,Sports,Fitness Equipment,UrbanX,673.71,156,4.2
PROD07777,Product_07777,Sports,Fitness Equipment,Apex,1276.3,474,3.5
PROD07778,Product_07778,Beauty,Haircare,Zenith,858.89,129,3.2
PROD07779,Product_07779,Sports,Fitness Equipment,Apex,461.44,71,4.1
PROD07780,Product_07780,Beauty,Haircare,Zenith,99.0,282,3.2
PROD07781,Product_07781,Books,Academic,PrimeTech,1121.88,3,2.7
PROD07782,Product_07782,Books,Academic,Orion,671.64,192,2.7
PROD07783,Product_07783,Electronics,Laptop,Orion,504.62,177,4.7
PROD07784,Product_07784,Home,Kitchen Appliance,Orion,957.97,202,3.3
PROD07785,Product_07785,Sports,Fitness Equipment,Vertex,346.84,198,4.9
PROD07786,Product_07786,Electronics,Smartphone,PrimeTech,754.65,30,2.9
PROD07787,Product_07787,Electronics,Headphones,Apex,990.93,221,4.8
PROD07788,Product_07788,Sports,Sportswear,UrbanX,638.41,43,3.6
PROD07789,Product_07789,Home,Table,Nova,1121.05,286,3.4
PROD07790,Product_07790,Home,Lamp,PrimeTech,523.71,246,2.7
PROD07791,Product_07791,Books,Fiction,Apex,276.91,212,3.8
PROD07792,Product_07792,Home,Table,Nova,329.6,344,3.9
PROD07793,Product_07793,Books,Fiction,UrbanX,535.53,499,3.0
PROD07794,Product_07794,Beauty,Haircare,Zenith,240.92,361,3.5
PROD07795,Product_07795,Sports,Outdoor Gear,Apex,773.97,465,3.4
PROD07796,Product_07796,Sports,Sportswear,Orion,261.76,125,2.5
PROD07797,Product_07797,Sports,Sportswear,Apex,912.6,379,4.3
PROD07798,Product_07798,Sports,Sportswear,Vertex,2076.72,412,2.7
PROD07799,Product_07799,Sports,Running Gear,Vertex,672.42,104,3.8
PROD07800,Product_07800,Home,Kitchen Appliance,Zenith,3691.68,176,5.0
PROD07801,Product_07801,Sports,Outdoor Gear,Vertex,888.32,235,3.9
PROD07802,Product_07802,Electronics,Smartphone,PrimeTech,108.65,424,4.6
PROD07803,Product_07803,Books,Non-Fiction,Vertex,422.14,473,4.7
PROD07804,Product_07804,Fashion,Jacket,Apex,316.23,419,3.5
PROD07805,Product_07805,Sports,Fitness Equipment,Orion,282.28,295,4.5
PROD07806,Product_07806,Home,Kitchen Appliance,PrimeTech,1038.97,179,3.4
PROD07807,Product_07807,Home,Lamp,UrbanX,1984.25,73,4.3
PROD07808,Product_07808,Beauty,Fragrance,Apex,1446.99,84,4.5
PROD07809,Product_07809,Beauty,Skincare,Orion,2358.87,201,3.1
PROD07810,Product_07810,Home,Lamp,UrbanX,875.91,364,2.8
PROD07811,Product_07811,Books,Fiction,PrimeTech,334.49,170,4.7
PROD07812,Product_07812,Fashion,Jeans,Zenith,688.49,147,5.0
PROD07813,Product_07813,Books,Fiction,Nova,511.69,4,3.1
PROD07814,Product_07814,Fashion,Shoes,Orion,475.2,490,3.0
PROD07815,Product_07815,Sports,Sportswear,UrbanX,632.16,358,3.1
PROD07816,Product_07816,Beauty,Fragrance,Nova,108.44,26,4.8
PROD07817,Product_07817,Fashion,Shoes,Vertex,640.54,434,4.9
PROD07818,Product_07818,Beauty,Haircare,Apex,554.5,279,2.6
PROD07819,Product_07819,Books,Non-Fiction,Zenith,697.85,114,4.9
PROD07820,Product_07820,Books,Fiction,Nova,1810.94,386,3.0
PROD07821,Product_07821,Home,Table,Vertex,517.75,361,4.2
PROD07822,Product_07822,Beauty,Fragrance,Apex,597.53,307,4.4
PROD07823,Product_07823,Home,Lamp,Zenith,330.62,382,4.0
PROD07824,Product_07824,Beauty,Skincare,Zenith,364.34,167,4.4
PROD07825,Product_07825,Electronics,Laptop,UrbanX,493.24,377,4.6
PROD07826,Product_07826,Sports,Running Gear,Orion,313.72,158,3.0
PROD07827,Product_07827,Home,Chair,Apex,547.73,316,4.6
PROD07828,Product_07828,Sports,Running Gear,Zenith,1615.01,49,2.9
PROD07829,Product_07829,Sports,Running Gear,Apex,380.3,256,3.0
PROD07830,Product_07830,Sports,Sportswear,Vertex,447.09,373,4.6
PROD07831,Product_07831,Home,Lamp,Nova,99.0,78,2.7
PROD07832,Product_07832,Electronics,Smartphone,Zenith,446.66,156,4.3
PROD07833,Product_07833,Books,Fiction,Zenith,589.04,273,3.6
PROD07834,Product_07834,Sports,Sportswear,Vertex,764.86,130,4.7
PROD07835,Product_07835,Books,Comics,Nova,1926.43,269,5.0
PROD07836,Product_07836,Electronics,Laptop,Apex,589.72,265,4.9
PROD07837,Product_07837,Fashion,Jeans,Apex,465.17,264,4.8
PROD07838,Product_07838,Sports,Fitness Equipment,Orion,1507.62,282,4.4
PROD07839,Product_07839,Books,Fiction,Orion,729.27,117,3.9
PROD07840,Product_07840,Home,Kitchen Appliance,Zenith,373.85,311,3.4
PROD07841,Product_07841,Fashion,Shoes,Zenith,209.74,356,2.5
PROD07842,Product_07842,Home,Table,Zenith,904.29,290,3.4
PROD07843,Product_07843,Beauty,Haircare,Vertex,864.03,327,4.6
PROD07844,Product_07844,Books,Academic,UrbanX,947.95,288,4.8
PROD07845,Product_07845,Sports,Fitness Equipment,Apex,1494.5,172,4.7
PROD07846,Product_07846,Beauty,Fragrance,Orion,332.22,431,4.5
PROD07847,Product_07847,Beauty,Fragrance,Nova,970.41,405,3.2
PROD07848,Product_07848,Electronics,Smartphone,PrimeTech,747.56,232,4.4
PROD07849,Product_07849,Home,Table,PrimeTech,366.85,157,3.3
PROD07850,Product_07850,Electronics,Smartwatch,Nova,541.1,134,4.8
PROD07851,Product_07851,Fashion,T-Shirt,Nova,844.94,360,2.6
PROD07852,Product_07852,Books,Academic,Apex,1240.27,141,4.6
PROD07853,Product_07853,Sports,Running Gear,Vertex,435.52,83,3.4
PROD07854,Product_07854,Beauty,Fragrance,Orion,1018.34,161,4.0
PROD07855,Product_07855,Beauty,Makeup,Nova,822.5,322,4.3
PROD07856,Product_07856,Beauty,Fragrance,PrimeTech,1203.13,143,3.8
PROD07857,Product_07857,Sports,Fitness Equipment,PrimeTech,617.11,401,2.7
PROD07858,Product_07858,Fashion,Shoes,Nova,363.89,308,2.7
PROD07859,Product_07859,Home,Table,Nova,1244.27,447,4.4
PROD07860,Product_07860,Beauty,Haircare,UrbanX,410.01,493,4.6
PROD07861,Product_07861,Beauty,Fragrance,Zenith,710.35,9,3.6
PROD07862,Product_07862,Beauty,Haircare,PrimeTech,1115.47,100,4.2
PROD07863,Product_07863,Sports,Running Gear,Vertex,1837.39,361,4.0
PROD07864,Product_07864,Fashion,Shoes,Orion,485.28,411,2.9
PROD07865,Product_07865,Fashion,Shoes,Vertex,719.29,138,3.1
PROD07866,Product_07866,Sports,Fitness Equipment,Zenith,430.65,228,3.2
PROD07867,Product_07867,Fashion,T-Shirt,PrimeTech,198.32,66,2.7
PROD07868,Product_07868,Books,Comics,UrbanX,199.51,266,4.9
PROD07869,Product_07869,Home,Kitchen Appliance,Apex,302.11,321,3.5
PROD07870,Product_07870,Books,Academic,PrimeTech,817.36,497,4.3
PROD07871,Product_07871,Sports,Running Gear,Zenith,317.74,135,2.7
PROD07872,Product_07872,Books,Non-Fiction,Apex,1178.7,360,3.3
PROD07873,Product_07873,Beauty,Skincare,PrimeTech,236.83,317,3.2
PROD07874,Product_07874,Home,Lamp,Zenith,625.34,418,3.0
PROD07875,Product_07875,Beauty,Skincare,Vertex,520.79,486,4.3
PROD07876,Product_07876,Beauty,Fragrance,Nova,906.02,78,3.1
PROD07877,Product_07877,Books,Fiction,Orion,99.0,57,3.5
PROD07878,Product_07878,Electronics,Smartwatch,Vertex,680.62,44,4.1
PROD07879,Product_07879,Home,Chair,Vertex,1029.76,221,3.6
PROD07880,Product_07880,Beauty,Skincare,Vertex,186.8,6,2.8
PROD07881,Product_07881,Home,Table,Vertex,351.89,240,3.2
PROD07882,Product_07882,Electronics,Smartphone,Zenith,625.47,2,4.7
PROD07883,Product_07883,Fashion,T-Shirt,Nova,122.17,371,4.2
PROD07884,Product_07884,Books,Fiction,Zenith,536.78,388,3.6
PROD07885,Product_07885,Fashion,Jeans,Apex,792.03,389,3.1
PROD07886,Product_07886,Beauty,Makeup,Zenith,1394.48,280,2.8
PROD07887,Product_07887,Electronics,Smartphone,UrbanX,182.72,221,3.0
PROD07888,Product_07888,Sports,Sportswear,Nova,862.43,483,3.4
PROD07889,Product_07889,Fashion,T-Shirt,Apex,766.97,443,4.8
PROD07890,Product_07890,Books,Fiction,Apex,570.02,96,3.9
PROD07891,Product_07891,Electronics,Smartwatch,Orion,718.1,320,4.1
PROD07892,Product_07892,Electronics,Laptop,Orion,687.24,384,4.2
PROD07893,Product_07893,Beauty,Makeup,Orion,867.56,60,4.2
PROD07894,Product_07894,Electronics,Smartwatch,Zenith,99.0,474,4.0
PROD07895,Product_07895,Home,Lamp,Zenith,1234.91,173,4.4
PROD07896,Product_07896,Beauty,Skincare,Orion,134.24,7,4.1
PROD07897,Product_07897,Home,Chair,Vertex,262.62,200,4.6
PROD07898,Product_07898,Beauty,Haircare,Orion,474.74,308,4.4
PROD07899,Product_07899,Fashion,Jacket,PrimeTech,216.3,411,2.5
PROD07900,Product_07900,Electronics,Headphones,Orion,190.94,147,3.9
PROD07901,Product_07901,Sports,Running Gear,Vertex,1027.46,324,4.8
PROD07902,Product_07902,Beauty,Fragrance,Apex,279.01,306,3.5
PROD07903,Product_07903,Books,Fiction,Orion,654.38,63,2.9
PROD07904,Product_07904,Fashion,Jacket,Vertex,664.06,154,3.9
PROD07905,Product_07905,Beauty,Fragrance,UrbanX,200.04,214,4.4
PROD07906,Product_07906,Fashion,T-Shirt,Vertex,765.91,72,4.5
PROD07907,Product_07907,Electronics,Smartwatch,Orion,702.67,102,4.6
PROD07908,Product_07908,Beauty,Fragrance,Orion,797.83,277,3.6
PROD07909,Product_07909,Fashion,Jeans,Zenith,498.15,254,3.1
PROD07910,Product_07910,Sports,Sportswear,Zenith,539.83,284,3.4
PROD07911,Product_07911,Electronics,Laptop,Orion,158.36,422,4.1
PROD07912,Product_07912,Home,Kitchen Appliance,Zenith,978.71,168,3.0
PROD07913,Product_07913,Books,Academic,Nova,417.22,354,4.1
PROD07914,Product_07914,Sports,Running Gear,PrimeTech,955.82,227,3.0
PROD07915,Product_07915,Fashion,Jeans,Nova,3049.91,440,2.9
PROD07916,Product_07916,Home,Kitchen Appliance,Orion,288.92,195,4.3
PROD07917,Product_07917,Home,Chair,Apex,222.37,346,3.1
PROD07918,Product_07918,Home,Kitchen Appliance,Orion,332.51,275,2.9
PROD07919,Product_07919,Electronics,Smartphone,Zenith,622.64,76,3.4
PROD07920,Product_07920,Home,Chair,Apex,426.85,325,4.0
PROD07921,Product_07921,Fashion,T-Shirt,Orion,588.41,388,4.6
PROD07922,Product_07922,Home,Lamp,UrbanX,563.07,127,2.9
PROD07923,Product_07923,Sports,Sportswear,Vertex,479.71,431,3.7
PROD07924,Product_07924,Books,Comics,Zenith,183.25,73,3.2
PROD07925,Product_07925,Fashion,T-Shirt,Vertex,240.15,330,5.0
PROD07926,Product_07926,Home,Chair,PrimeTech,332.44,270,4.5
PROD07927,Product_07927,Home,Lamp,Apex,668.66,238,4.0
PROD07928,Product_07928,Fashion,Jacket,UrbanX,298.82,447,4.5
PROD07929,Product_07929,Home,Chair,Orion,2308.57,490,3.6
PROD07930,Product_07930,Beauty,Makeup,PrimeTech,982.68,394,2.9
PROD07931,Product_07931,Beauty,Fragrance,PrimeTech,187.42,150,3.2
PROD07932,Product_07932,Sports,Sportswear,PrimeTech,1548.53,220,2.7
PROD07933,Product_07933,Sports,Running Gear,PrimeTech,271.19,214,4.1
PROD07934,Product_07934,Beauty,Skincare,Orion,1048.06,460,2.8
PROD07935,Product_07935,Beauty,Fragrance,Apex,637.33,127,4.8
PROD07936,Product_07936,Fashion,T-Shirt,Vertex,257.76,265,5.0
PROD07937,Product_07937,Home,Kitchen Appliance,Orion,233.51,433,4.0
PROD07938,Product_07938,Beauty,Fragrance,Orion,2717.65,145,3.9
PROD07939,Product_07939,Sports,Outdoor Gear,PrimeTech,175.16,165,4.0
PROD07940,Product_07940,Home,Table,Nova,431.89,340,5.0
PROD07941,Product_07941,Books,Non-Fiction,Orion,629.17,271,4.0
PROD07942,Product_07942,Beauty,Fragrance,UrbanX,1129.29,371,3.6
PROD07943,Product_07943,Home,Kitchen Appliance,Nova,119.15,182,2.8
PROD07944,Product_07944,Fashion,Jacket,Nova,2893.57,313,2.6
PROD07945,Product_07945,Beauty,Haircare,PrimeTech,292.54,190,3.9
PROD07946,Product_07946,Fashion,T-Shirt,Zenith,786.57,277,3.0
PROD07947,Product_07947,Books,Non-Fiction,Nova,656.42,309,4.3
PROD07948,Product_07948,Electronics,Smartwatch,Orion,199.79,439,3.1
PROD07949,Product_07949,Home,Kitchen Appliance,UrbanX,237.78,268,4.8
PROD07950,Product_07950,Electronics,Smartwatch,Vertex,337.05,251,4.6
PROD07951,Product_07951,Beauty,Haircare,Nova,373.69,465,4.5
PROD07952,Product_07952,Fashion,Jacket,Zenith,257.16,426,3.3
PROD07953,Product_07953,Sports,Sportswear,Apex,708.59,120,4.7
PROD07954,Product_07954,Fashion,T-Shirt,PrimeTech,969.05,373,4.8
PROD07955,Product_07955,Beauty,Haircare,UrbanX,1709.0,478,3.9
PROD07956,Product_07956,Beauty,Skincare,Nova,436.12,103,2.9
PROD07957,Product_07957,Beauty,Haircare,Zenith,594.74,49,3.7
PROD07958,Product_07958,Beauty,Haircare,PrimeTech,400.0,424,4.1
PROD07959,Product_07959,Books,Academic,Vertex,107.33,92,3.4
PROD07960,Product_07960,Books,Comics,PrimeTech,1650.24,381,3.0
PROD07961,Product_07961,Fashion,Shoes,PrimeTech,371.89,34,3.9
PROD07962,Product_07962,Sports,Fitness Equipment,Nova,787.09,414,3.8
PROD07963,Product_07963,Electronics,Headphones,Apex,568.51,328,3.2
PROD07964,Product_07964,Home,Lamp,UrbanX,305.0,131,4.7
PROD07965,Product_07965,Electronics,Smartphone,Nova,837.49,429,4.3
PROD07966,Product_07966,Beauty,Haircare,Apex,763.02,182,3.1
PROD07967,Product_07967,Fashion,Jeans,Apex,293.86,408,2.5
PROD07968,Product_07968,Beauty,Skincare,Orion,265.34,323,3.3
PROD07969,Product_07969,Home,Chair,Nova,403.9,260,3.3
PROD07970,Product_07970,Fashion,Jeans,UrbanX,806.3,37,3.1
PROD07971,Product_07971,Electronics,Laptop,Apex,220.72,479,4.5
PROD07972,Product_07972,Fashion,T-Shirt,Nova,529.09,427,4.5
PROD07973,Product_07973,Home,Table,Orion,626.54,116,2.7
PROD07974,Product_07974,Home,Kitchen Appliance,Vertex,157.03,373,2.7
PROD07975,Product_07975,Sports,Running Gear,UrbanX,274.51,385,4.7
PROD07976,Product_07976,Beauty,Skincare,PrimeTech,428.92,280,3.0
PROD07977,Product_07977,Sports,Sportswear,UrbanX,579.8,76,4.1
PROD07978,Product_07978,Electronics,Laptop,UrbanX,372.41,405,2.8
PROD07979,Product_07979,Fashion,T-Shirt,Nova,239.79,215,5.0
PROD07980,Product_07980,Electronics,Smartphone,Orion,813.43,184,4.3
PROD07981,Product_07981,Home,Table,PrimeTech,551.1,305,3.7
PROD07982,Product_07982,Home,Chair,Apex,941.15,178,2.9
PROD07983,Product_07983,Beauty,Makeup,Vertex,431.88,472,3.6
PROD07984,Product_07984,Fashion,Shoes,Apex,277.03,325,3.0
PROD07985,Product_07985,Sports,Running Gear,UrbanX,690.15,24,2.9
PROD07986,Product_07986,Sports,Sportswear,Vertex,126.83,177,3.6
PROD07987,Product_07987,Sports,Sportswear,Nova,1257.05,49,3.8
PROD07988,Product_07988,Electronics,Headphones,UrbanX,218.35,8,4.5
PROD07989,Product_07989,Beauty,Fragrance,Vertex,450.73,177,3.7
PROD07990,Product_07990,Books,Fiction,UrbanX,214.28,379,4.8
PROD07991,Product_07991,Books,Fiction,Orion,368.51,36,3.7
PROD07992,Product_07992,Beauty,Fragrance,UrbanX,185.28,473,4.1
PROD07993,Product_07993,Fashion,Jeans,PrimeTech,980.15,68,4.6
PROD07994,Product_07994,Fashion,Shoes,Vertex,951.71,324,4.2
PROD07995,Product_07995,Fashion,Shoes,Orion,547.55,291,3.8
PROD07996,Product_07996,Beauty,Fragrance,PrimeTech,904.25,375,3.3
PROD07997,Product_07997,Sports,Running Gear,UrbanX,400.53,282,2.9
PROD07998,Product_07998,Electronics,Headphones,Nova,190.35,411,3.1
PROD07999,Product_07999,Beauty,Fragrance,UrbanX,344.97,326,2.6
PROD08000,Product_08000,Beauty,Skincare,Zenith,271.36,212,4.6
PROD08001,Product_08001,Fashion,Jeans,Orion,1241.28,372,3.7
PROD08002,Product_08002,Home,Chair,PrimeTech,611.38,389,4.0
PROD08003,Product_08003,Sports,Running Gear,UrbanX,413.28,266,4.5
PROD08004,Product_08004,Beauty,Haircare,Zenith,403.23,310,3.2
PROD08005,Product_08005,Books,Comics,Apex,410.24,171,3.9
PROD08006,Product_08006,Books,Academic,PrimeTech,430.39,39,4.6
PROD08007,Product_08007,Sports,Fitness Equipment,Nova,471.1,141,2.5
PROD08008,Product_08008,Sports,Outdoor Gear,UrbanX,488.26,345,2.6
PROD08009,Product_08009,Fashion,Shoes,Apex,242.44,291,2.8
PROD08010,Product_08010,Home,Chair,Zenith,587.46,189,4.9
PROD08011,Product_08011,Home,Lamp,Vertex,314.16,339,3.9
PROD08012,Product_08012,Electronics,Laptop,Zenith,703.94,245,3.0
PROD08013,Product_08013,Books,Fiction,Apex,485.53,180,3.5
PROD08014,Product_08014,Fashion,Jeans,PrimeTech,843.82,412,4.8
PROD08015,Product_08015,Books,Comics,PrimeTech,570.95,68,3.7
PROD08016,Product_08016,Sports,Fitness Equipment,Vertex,352.83,256,2.7
PROD08017,Product_08017,Home,Chair,Nova,642.53,124,2.6
PROD08018,Product_08018,Sports,Sportswear,Orion,754.3,234,3.2
PROD08019,Product_08019,Fashion,Shoes,Orion,118.49,312,4.3
PROD08020,Product_08020,Electronics,Laptop,Vertex,285.28,10,4.2
PROD08021,Product_08021,Sports,Outdoor Gear,Apex,109.34,78,4.2
PROD08022,Product_08022,Fashion,T-Shirt,Apex,565.51,401,4.3
PROD08023,Product_08023,Electronics,Smartwatch,Zenith,230.99,487,4.6
PROD08024,Product_08024,Sports,Fitness Equipment,Orion,542.02,52,2.9
PROD08025,Product_08025,Fashion,T-Shirt,Nova,779.84,104,4.6
PROD08026,Product_08026,Sports,Sportswear,Nova,273.7,214,3.7
PROD08027,Product_08027,Sports,Fitness Equipment,UrbanX,1153.85,142,5.0
PROD08028,Product_08028,Electronics,Smartphone,Apex,1050.88,111,4.1
PROD08029,Product_08029,Books,Academic,PrimeTech,346.91,7,4.8
PROD08030,Product_08030,Home,Kitchen Appliance,UrbanX,218.76,127,3.8
PROD08031,Product_08031,Fashion,T-Shirt,Nova,745.42,223,4.7
PROD08032,Product_08032,Electronics,Laptop,Apex,1793.85,182,3.2
PROD08033,Product_08033,Fashion,T-Shirt,UrbanX,489.57,429,4.0
PROD08034,Product_08034,Fashion,Jacket,PrimeTech,1479.93,140,4.2
PROD08035,Product_08035,Fashion,Jacket,PrimeTech,430.57,335,3.2
PROD08036,Product_08036,Beauty,Makeup,Vertex,201.95,153,3.0
PROD08037,Product_08037,Sports,Outdoor Gear,Apex,463.71,313,2.5
PROD08038,Product_08038,Sports,Running Gear,Nova,613.77,375,3.0
PROD08039,Product_08039,Fashion,Jeans,Orion,781.39,322,4.2
PROD08040,Product_08040,Sports,Outdoor Gear,Nova,697.91,20,3.3
PROD08041,Product_08041,Home,Chair,Apex,390.37,255,4.1
PROD08042,Product_08042,Books,Fiction,UrbanX,1680.64,179,3.2
PROD08043,Product_08043,Fashion,T-Shirt,Vertex,1133.98,163,2.8
PROD08044,Product_08044,Sports,Running Gear,Orion,506.79,264,4.3
PROD08045,Product_08045,Electronics,Headphones,Vertex,2830.46,80,5.0
PROD08046,Product_08046,Sports,Sportswear,Apex,688.14,47,3.7
PROD08047,Product_08047,Home,Lamp,Apex,291.9,378,4.9
PROD08048,Product_08048,Electronics,Smartwatch,PrimeTech,333.99,328,3.1
PROD08049,Product_08049,Electronics,Laptop,Apex,550.89,396,2.5
PROD08050,Product_08050,Books,Comics,Nova,1188.95,376,4.6
PROD08051,Product_08051,Electronics,Laptop,Vertex,1329.67,268,4.9
PROD08052,Product_08052,Fashion,Jacket,UrbanX,472.55,178,3.2
PROD08053,Product_08053,Fashion,T-Shirt,Orion,2795.74,131,4.4
PROD08054,Product_08054,Home,Lamp,UrbanX,499.19,39,3.7
PROD08055,Product_08055,Electronics,Headphones,PrimeTech,531.6,85,3.1
PROD08056,Product_08056,Books,Fiction,Apex,863.12,282,2.9
PROD08057,Product_08057,Beauty,Haircare,UrbanX,238.81,323,2.6
PROD08058,Product_08058,Sports,Outdoor Gear,Zenith,873.78,188,4.3
PROD08059,Product_08059,Home,Lamp,UrbanX,619.79,494,3.2
PROD08060,Product_08060,Electronics,Laptop,PrimeTech,530.34,89,2.5
PROD08061,Product_08061,Home,Kitchen Appliance,UrbanX,322.28,144,3.0
PROD08062,Product_08062,Books,Non-Fiction,Zenith,282.67,57,2.9
PROD08063,Product_08063,Beauty,Skincare,Vertex,1250.49,485,2.6
PROD08064,Product_08064,Fashion,Shoes,Zenith,968.62,465,3.3
PROD08065,Product_08065,Fashion,Jeans,UrbanX,1049.84,466,3.1
PROD08066,Product_08066,Sports,Sportswear,Orion,719.77,147,2.8
PROD08067,Product_08067,Beauty,Haircare,Vertex,331.14,73,4.0
PROD08068,Product_08068,Books,Academic,UrbanX,396.08,144,4.8
PROD08069,Product_08069,Electronics,Smartwatch,Apex,2607.91,299,4.4
PROD08070,Product_08070,Home,Lamp,UrbanX,385.0,479,3.0
PROD08071,Product_08071,Home,Lamp,Orion,322.81,44,3.7
PROD08072,Product_08072,Sports,Outdoor Gear,Orion,628.06,172,2.8
PROD08073,Product_08073,Home,Table,Nova,519.32,197,4.4
PROD08074,Product_08074,Home,Table,Zenith,493.59,395,3.2
PROD08075,Product_08075,Sports,Outdoor Gear,PrimeTech,648.85,51,4.5
PROD08076,Product_08076,Electronics,Laptop,Nova,741.65,141,3.2
PROD08077,Product_08077,Books,Academic,Orion,895.87,305,4.7
PROD08078,Product_08078,Beauty,Skincare,Zenith,998.3,277,4.1
PROD08079,Product_08079,Electronics,Smartwatch,Apex,204.38,434,4.4
PROD08080,Product_08080,Home,Table,Orion,234.11,379,4.4
PROD08081,Product_08081,Beauty,Fragrance,Nova,1052.18,45,3.5
PROD08082,Product_08082,Home,Kitchen Appliance,Orion,1295.68,126,2.7
PROD08083,Product_08083,Beauty,Makeup,Vertex,132.17,39,2.6
PROD08084,Product_08084,Sports,Running Gear,Vertex,293.16,370,2.6
PROD08085,Product_08085,Sports,Fitness Equipment,Nova,666.79,479,3.0
PROD08086,Product_08086,Sports,Sportswear,Nova,1429.96,43,4.6
PROD08087,Product_08087,Beauty,Fragrance,Zenith,1093.8,146,4.9
PROD08088,Product_08088,Fashion,Jeans,PrimeTech,617.34,207,4.6
PROD08089,Product_08089,Home,Chair,Orion,1263.32,167,2.9
PROD08090,Product_08090,Home,Chair,PrimeTech,295.2,280,2.8
PROD08091,Product_08091,Home,Chair,Zenith,907.8,119,4.3
PROD08092,Product_08092,Sports,Fitness Equipment,Orion,514.36,491,2.7
PROD08093,Product_08093,Books,Academic,Vertex,291.51,475,3.9
PROD08094,Product_08094,Books,Academic,PrimeTech,1159.94,192,2.8
PROD08095,Product_08095,Books,Non-Fiction,UrbanX,368.31,59,4.7
PROD08096,Product_08096,Beauty,Haircare,Apex,332.99,499,5.0
PROD08097,Product_08097,Beauty,Haircare,UrbanX,226.66,381,4.8
PROD08098,Product_08098,Electronics,Headphones,Orion,1009.19,76,2.7
PROD08099,Product_08099,Books,Comics,Nova,1739.62,97,3.8
PROD08100,Product_08100,Beauty,Skincare,Nova,550.6,237,3.2
PROD08101,Product_08101,Sports,Running Gear,Orion,414.63,459,3.4
PROD08102,Product_08102,Fashion,Shoes,UrbanX,364.01,395,3.0
PROD08103,Product_08103,Home,Kitchen Appliance,PrimeTech,1266.06,76,3.1
PROD08104,Product_08104,Sports,Fitness Equipment,Nova,910.92,114,2.8
PROD08105,Product_08105,Beauty,Fragrance,Nova,121.43,135,3.6
PROD08106,Product_08106,Electronics,Laptop,Vertex,243.83,366,4.0
PROD08107,Product_08107,Fashion,Shoes,Orion,149.97,483,3.7
PROD08108,Product_08108,Electronics,Smartphone,Nova,1458.74,41,3.4
PROD08109,Product_08109,Books,Academic,Zenith,317.25,439,4.4
PROD08110,Product_08110,Electronics,Smartphone,PrimeTech,379.76,466,4.8
PROD08111,Product_08111,Sports,Outdoor Gear,Orion,649.92,10,4.1
PROD08112,Product_08112,Books,Fiction,PrimeTech,419.75,89,3.0
PROD08113,Product_08113,Fashion,Jeans,Nova,1877.34,410,3.1
PROD08114,Product_08114,Electronics,Laptop,UrbanX,320.38,200,3.4
PROD08115,Product_08115,Fashion,Jeans,Nova,508.56,386,2.9
PROD08116,Product_08116,Fashion,Shoes,Vertex,1189.5,498,4.9
PROD08117,Product_08117,Books,Fiction,UrbanX,213.78,274,3.2
PROD08118,Product_08118,Home,Chair,Nova,967.3,64,3.1
PROD08119,Product_08119,Electronics,Smartphone,Apex,856.33,445,4.3
PROD08120,Product_08120,Fashion,Jacket,Apex,346.91,477,4.9
PROD08121,Product_08121,Home,Table,UrbanX,523.13,136,4.2
PROD08122,Product_08122,Fashion,Jeans,PrimeTech,563.0,205,3.1
PROD08123,Product_08123,Fashion,T-Shirt,Apex,464.83,210,2.8
PROD08124,Product_08124,Sports,Outdoor Gear,Vertex,556.74,267,4.4
PROD08125,Product_08125,Home,Lamp,PrimeTech,703.55,460,3.6
PROD08126,Product_08126,Sports,Running Gear,UrbanX,1089.19,413,3.8
PROD08127,Product_08127,Home,Kitchen Appliance,Apex,206.34,467,2.6
PROD08128,Product_08128,Books,Academic,Apex,322.18,462,3.7
PROD08129,Product_08129,Beauty,Fragrance,PrimeTech,644.45,368,4.4
PROD08130,Product_08130,Beauty,Makeup,Nova,1945.21,431,3.1
PROD08131,Product_08131,Books,Fiction,Orion,402.29,3,3.4
PROD08132,Product_08132,Electronics,Headphones,Nova,1372.68,14,2.6
PROD08133,Product_08133,Home,Chair,Zenith,929.95,131,2.9
PROD08134,Product_08134,Beauty,Fragrance,Vertex,815.64,267,4.2
PROD08135,Product_08135,Books,Comics,Nova,916.51,100,2.6
PROD08136,Product_08136,Home,Chair,Zenith,416.64,243,3.2
PROD08137,Product_08137,Home,Lamp,UrbanX,505.74,266,4.5
PROD08138,Product_08138,Fashion,T-Shirt,Zenith,518.24,143,5.0
PROD08139,Product_08139,Beauty,Fragrance,Nova,494.82,345,4.7
PROD08140,Product_08140,Sports,Sportswear,Apex,491.33,75,3.2
PROD08141,Product_08141,Beauty,Makeup,PrimeTech,1142.79,422,3.8
PROD08142,Product_08142,Books,Academic,Orion,1007.25,58,3.8
PROD08143,Product_08143,Beauty,Fragrance,PrimeTech,845.39,438,3.4
PROD08144,Product_08144,Home,Table,Apex,302.74,114,4.9
PROD08145,Product_08145,Home,Lamp,Apex,122.83,266,2.9
PROD08146,Product_08146,Home,Lamp,UrbanX,517.21,289,3.9
PROD08147,Product_08147,Sports,Sportswear,UrbanX,174.02,470,4.5
PROD08148,Product_08148,Home,Table,UrbanX,672.94,384,2.8
PROD08149,Product_08149,Electronics,Headphones,Orion,1501.88,363,3.4
PROD08150,Product_08150,Fashion,Jacket,Orion,453.78,169,4.3
PROD08151,Product_08151,Electronics,Headphones,Nova,372.91,100,4.3
PROD08152,Product_08152,Sports,Fitness Equipment,Vertex,1968.58,7,2.6
PROD08153,Product_08153,Fashion,Jacket,PrimeTech,612.38,382,4.9
PROD08154,Product_08154,Beauty,Skincare,UrbanX,946.18,405,5.0
PROD08155,Product_08155,Electronics,Headphones,PrimeTech,895.28,482,3.0
PROD08156,Product_08156,Electronics,Headphones,Zenith,696.18,78,3.5
PROD08157,Product_08157,Electronics,Smartwatch,PrimeTech,434.97,431,4.9
PROD08158,Product_08158,Electronics,Laptop,Vertex,1045.77,132,3.8
PROD08159,Product_08159,Fashion,Jeans,Zenith,764.17,495,2.9
PROD08160,Product_08160,Home,Lamp,Zenith,599.34,307,4.5
PROD08161,Product_08161,Books,Non-Fiction,Apex,407.54,398,3.2
PROD08162,Product_08162,Books,Fiction,Nova,550.71,409,4.8
PROD08163,Product_08163,Sports,Outdoor Gear,Vertex,1943.44,353,4.7
PROD08164,Product_08164,Sports,Outdoor Gear,Vertex,433.51,13,4.3
PROD08165,Product_08165,Electronics,Smartphone,Vertex,215.04,52,4.2
PROD08166,Product_08166,Sports,Outdoor Gear,Vertex,605.07,255,3.3
PROD08167,Product_08167,Fashion,Jeans,Orion,730.52,8,4.7
PROD08168,Product_08168,Beauty,Makeup,Vertex,979.44,47,4.9
PROD08169,Product_08169,Fashion,Shoes,Nova,617.8,316,4.7
PROD08170,Product_08170,Sports,Fitness Equipment,Zenith,562.77,4,3.1
PROD08171,Product_08171,Electronics,Laptop,Orion,120.6,442,3.8
PROD08172,Product_08172,Sports,Running Gear,Apex,521.63,427,4.7
PROD08173,Product_08173,Sports,Sportswear,Zenith,866.45,449,4.1
PROD08174,Product_08174,Books,Academic,Orion,491.58,333,3.6
PROD08175,Product_08175,Books,Academic,Orion,179.34,327,3.4
PROD08176,Product_08176,Books,Fiction,Vertex,1081.73,228,3.0
PROD08177,Product_08177,Fashion,T-Shirt,Zenith,1312.48,302,4.0
PROD08178,Product_08178,Electronics,Headphones,Nova,338.68,2,3.3
PROD08179,Product_08179,Fashion,Jeans,PrimeTech,482.3,213,2.7
PROD08180,Product_08180,Fashion,Jacket,UrbanX,480.63,448,3.7
PROD08181,Product_08181,Home,Table,Orion,875.65,204,4.6
PROD08182,Product_08182,Sports,Outdoor Gear,Vertex,267.8,120,2.5
PROD08183,Product_08183,Beauty,Haircare,UrbanX,1390.35,389,4.8
PROD08184,Product_08184,Books,Academic,PrimeTech,238.66,281,2.7
PROD08185,Product_08185,Sports,Fitness Equipment,Nova,856.73,23,3.1
PROD08186,Product_08186,Beauty,Makeup,UrbanX,580.62,21,4.7
PROD08187,Product_08187,Beauty,Skincare,Nova,347.48,163,3.8
PROD08188,Product_08188,Beauty,Fragrance,Nova,961.19,409,3.5
PROD08189,Product_08189,Beauty,Skincare,Vertex,2046.83,342,3.7
PROD08190,Product_08190,Fashion,Jeans,UrbanX,1481.32,106,4.7
PROD08191,Product_08191,Beauty,Fragrance,Orion,405.46,436,3.5
PROD08192,Product_08192,Beauty,Makeup,PrimeTech,377.26,163,3.3
PROD08193,Product_08193,Electronics,Laptop,Apex,134.61,284,3.0
PROD08194,Product_08194,Beauty,Fragrance,Apex,3491.92,62,4.4
PROD08195,Product_08195,Sports,Outdoor Gear,UrbanX,1093.62,200,4.8
PROD08196,Product_08196,Home,Table,Zenith,797.04,204,4.1
PROD08197,Product_08197,Beauty,Skincare,Apex,712.69,498,4.3
PROD08198,Product_08198,Home,Lamp,PrimeTech,309.81,378,4.7
PROD08199,Product_08199,Sports,Running Gear,Orion,638.28,214,3.1
PROD08200,Product_08200,Beauty,Haircare,Nova,349.01,223,4.8
PROD08201,Product_08201,Electronics,Laptop,Zenith,281.17,263,3.9
PROD08202,Product_08202,Electronics,Headphones,Nova,282.29,389,3.5
PROD08203,Product_08203,Home,Chair,Zenith,950.69,137,3.0
PROD08204,Product_08204,Beauty,Fragrance,UrbanX,617.37,188,2.5
PROD08205,Product_08205,Books,Comics,Orion,2746.02,500,4.7
PROD08206,Product_08206,Electronics,Smartwatch,Nova,1345.65,467,2.9
PROD08207,Product_08207,Beauty,Fragrance,Nova,587.2,197,4.5
PROD08208,Product_08208,Home,Table,Nova,966.55,200,2.5
PROD08209,Product_08209,Electronics,Smartphone,Zenith,416.87,355,4.4
PROD08210,Product_08210,Beauty,Skincare,UrbanX,1266.51,337,2.7
PROD08211,Product_08211,Electronics,Headphones,Apex,756.03,246,3.8
PROD08212,Product_08212,Sports,Sportswear,PrimeTech,355.39,363,2.7
PROD08213,Product_08213,Fashion,Jeans,Orion,1197.44,118,4.5
PROD08214,Product_08214,Sports,Running Gear,Zenith,1441.88,86,2.8
PROD08215,Product_08215,Fashion,Jeans,Apex,434.52,135,4.7
PROD08216,Product_08216,Fashion,Jeans,Nova,240.31,153,4.1
PROD08217,Product_08217,Home,Lamp,Zenith,894.88,147,2.5
PROD08218,Product_08218,Sports,Running Gear,Orion,765.2,321,3.0
PROD08219,Product_08219,Home,Chair,UrbanX,350.58,234,4.5
PROD08220,Product_08220,Beauty,Fragrance,Vertex,1613.52,419,4.7
PROD08221,Product_08221,Home,Table,Vertex,2410.35,33,3.6
PROD08222,Product_08222,Fashion,Jeans,PrimeTech,275.61,151,4.2
PROD08223,Product_08223,Home,Kitchen Appliance,UrbanX,1093.98,63,4.3
PROD08224,Product_08224,Beauty,Fragrance,UrbanX,661.27,280,5.0
PROD08225,Product_08225,Home,Lamp,Apex,880.98,489,4.7
PROD08226,Product_08226,Sports,Running Gear,UrbanX,1692.73,425,4.6
PROD08227,Product_08227,Home,Chair,Vertex,567.27,89,4.0
PROD08228,Product_08228,Electronics,Smartphone,Zenith,1357.01,60,4.8
PROD08229,Product_08229,Books,Academic,PrimeTech,229.13,83,3.6
PROD08230,Product_08230,Beauty,Skincare,Vertex,713.56,256,4.9
PROD08231,Product_08231,Beauty,Fragrance,PrimeTech,377.46,287,4.6
PROD08232,Product_08232,Books,Non-Fiction,Zenith,483.57,455,3.3
PROD08233,Product_08233,Home,Kitchen Appliance,Nova,415.19,436,3.6
PROD08234,Product_08234,Books,Academic,UrbanX,591.7,384,4.5
PROD08235,Product_08235,Fashion,Jacket,Zenith,365.97,18,3.7
PROD08236,Product_08236,Home,Lamp,Nova,249.7,392,4.7
PROD08237,Product_08237,Home,Kitchen Appliance,Vertex,730.23,65,4.6
PROD08238,Product_08238,Electronics,Laptop,Nova,256.52,267,4.5
PROD08239,Product_08239,Books,Non-Fiction,Vertex,827.9,269,3.1
PROD08240,Product_08240,Books,Academic,Vertex,356.56,484,4.7
PROD08241,Product_08241,Home,Chair,Zenith,1148.95,381,4.0
PROD08242,Product_08242,Books,Comics,Nova,506.0,57,4.8
PROD08243,Product_08243,Electronics,Smartphone,Apex,1629.47,66,4.2
PROD08244,Product_08244,Electronics,Headphones,Vertex,211.64,284,4.5
PROD08245,Product_08245,Home,Table,Orion,430.05,198,4.2
PROD08246,Product_08246,Home,Chair,UrbanX,261.34,206,3.2
PROD08247,Product_08247,Fashion,Shoes,UrbanX,334.09,26,4.4
PROD08248,Product_08248,Home,Chair,Apex,846.4,483,2.8
PROD08249,Product_08249,Fashion,Jacket,Orion,408.53,218,3.3
PROD08250,Product_08250,Sports,Sportswear,UrbanX,731.87,219,2.6
PROD08251,Product_08251,Sports,Sportswear,PrimeTech,268.61,235,4.6
PROD08252,Product_08252,Books,Fiction,Vertex,429.32,235,3.9
PROD08253,Product_08253,Sports,Outdoor Gear,Apex,177.16,256,4.1
PROD08254,Product_08254,Home,Lamp,Zenith,995.65,354,4.2
PROD08255,Product_08255,Beauty,Makeup,Zenith,455.09,428,4.9
PROD08256,Product_08256,Sports,Fitness Equipment,Apex,1471.09,3,2.6
PROD08257,Product_08257,Books,Academic,Zenith,379.09,223,3.1
PROD08258,Product_08258,Books,Non-Fiction,Apex,880.89,58,3.5
PROD08259,Product_08259,Beauty,Makeup,Orion,379.65,193,4.5
PROD08260,Product_08260,Sports,Outdoor Gear,Vertex,470.74,474,3.0
PROD08261,Product_08261,Fashion,Shoes,UrbanX,2132.37,356,3.9
PROD08262,Product_08262,Sports,Outdoor Gear,Apex,919.15,339,3.4
PROD08263,Product_08263,Electronics,Laptop,UrbanX,124.09,358,4.6
PROD08264,Product_08264,Electronics,Laptop,UrbanX,156.12,91,3.2
PROD08265,Product_08265,Beauty,Skincare,UrbanX,588.31,476,3.5
PROD08266,Product_08266,Books,Comics,Orion,148.37,266,2.8
PROD08267,Product_08267,Sports,Sportswear,Orion,874.97,93,3.2
PROD08268,Product_08268,Fashion,Shoes,UrbanX,505.33,230,2.9
PROD08269,Product_08269,Books,Academic,Zenith,1117.91,388,3.6
PROD08270,Product_08270,Home,Chair,UrbanX,692.89,349,3.0
PROD08271,Product_08271,Beauty,Fragrance,UrbanX,500.64,499,4.0
PROD08272,Product_08272,Home,Table,Nova,230.79,467,4.9
PROD08273,Product_08273,Home,Kitchen Appliance,Orion,1651.82,76,3.8
PROD08274,Product_08274,Electronics,Headphones,UrbanX,710.31,323,3.0
PROD08275,Product_08275,Fashion,Jeans,Apex,809.07,29,4.0
PROD08276,Product_08276,Books,Academic,Orion,346.33,475,4.4
PROD08277,Product_08277,Books,Fiction,Orion,335.14,500,3.2
PROD08278,Product_08278,Home,Kitchen Appliance,Nova,540.78,239,2.8
PROD08279,Product_08279,Beauty,Fragrance,Vertex,324.86,451,3.6
PROD08280,Product_08280,Electronics,Laptop,PrimeTech,1076.64,431,2.7
PROD08281,Product_08281,Fashion,Shoes,UrbanX,547.22,261,5.0
PROD08282,Product_08282,Electronics,Laptop,UrbanX,456.66,338,3.2
PROD08283,Product_08283,Fashion,Shoes,Nova,191.01,390,3.4
PROD08284,Product_08284,Home,Lamp,Orion,202.09,49,4.4
PROD08285,Product_08285,Fashion,Jeans,UrbanX,1168.99,179,3.7
PROD08286,Product_08286,Beauty,Skincare,PrimeTech,294.11,123,3.7
PROD08287,Product_08287,Fashion,Jeans,Apex,1607.04,383,3.4
PROD08288,Product_08288,Electronics,Headphones,Apex,623.56,294,4.2
PROD08289,Product_08289,Books,Fiction,Nova,558.01,158,4.5
PROD08290,Product_08290,Beauty,Skincare,PrimeTech,1291.54,310,3.4
PROD08291,Product_08291,Beauty,Makeup,UrbanX,495.57,303,4.3
PROD08292,Product_08292,Fashion,Jacket,Nova,436.83,275,2.8
PROD08293,Product_08293,Electronics,Headphones,Nova,235.86,141,2.9
PROD08294,Product_08294,Electronics,Laptop,Nova,462.23,288,3.8
PROD08295,Product_08295,Books,Comics,Vertex,290.2,119,4.9
PROD08296,Product_08296,Beauty,Makeup,Nova,220.53,254,3.9
PROD08297,Product_08297,Beauty,Skincare,Vertex,661.95,33,3.2
PROD08298,Product_08298,Beauty,Skincare,Vertex,269.29,227,3.5
PROD08299,Product_08299,Books,Academic,Zenith,1041.61,469,3.8
PROD08300,Product_08300,Beauty,Fragrance,Zenith,538.19,344,3.4
PROD08301,Product_08301,Electronics,Laptop,Apex,607.82,427,4.5
PROD08302,Product_08302,Electronics,Smartwatch,UrbanX,668.76,434,2.6
PROD08303,Product_08303,Books,Comics,Orion,260.79,379,4.3
PROD08304,Product_08304,Sports,Sportswear,UrbanX,472.9,45,4.8
PROD08305,Product_08305,Beauty,Haircare,Vertex,706.97,463,4.4
PROD08306,Product_08306,Books,Fiction,Nova,480.3,94,2.9
PROD08307,Product_08307,Fashion,T-Shirt,Apex,1491.49,14,3.1
PROD08308,Product_08308,Sports,Outdoor Gear,Apex,1012.78,237,2.7
PROD08309,Product_08309,Beauty,Haircare,PrimeTech,573.72,97,3.5
PROD08310,Product_08310,Fashion,Jacket,Apex,403.46,174,2.7
PROD08311,Product_08311,Beauty,Fragrance,Nova,597.79,263,3.5
PROD08312,Product_08312,Beauty,Haircare,Apex,628.79,385,4.2
PROD08313,Product_08313,Books,Comics,Apex,139.78,133,2.7
PROD08314,Product_08314,Fashion,T-Shirt,Zenith,522.88,387,3.9
PROD08315,Product_08315,Sports,Running Gear,UrbanX,1287.39,71,5.0
PROD08316,Product_08316,Fashion,Jeans,PrimeTech,1349.24,278,2.8
PROD08317,Product_08317,Books,Academic,UrbanX,926.67,142,2.6
PROD08318,Product_08318,Sports,Fitness Equipment,UrbanX,387.55,264,3.0
PROD08319,Product_08319,Fashion,Shoes,Vertex,800.86,359,3.3
PROD08320,Product_08320,Fashion,Jacket,UrbanX,174.08,202,2.8
PROD08321,Product_08321,Sports,Running Gear,Nova,281.15,242,4.1
PROD08322,Product_08322,Sports,Sportswear,Vertex,424.29,208,4.2
PROD08323,Product_08323,Sports,Running Gear,Zenith,543.42,414,4.7
PROD08324,Product_08324,Fashion,Jacket,Zenith,762.36,472,2.6
PROD08325,Product_08325,Home,Lamp,UrbanX,198.95,210,3.6
PROD08326,Product_08326,Home,Kitchen Appliance,Vertex,193.3,406,4.0
PROD08327,Product_08327,Fashion,T-Shirt,PrimeTech,428.88,200,4.2
PROD08328,Product_08328,Home,Lamp,Vertex,759.66,197,3.7
PROD08329,Product_08329,Home,Lamp,Orion,579.92,272,3.5
PROD08330,Product_08330,Books,Comics,Zenith,316.01,408,2.9
PROD08331,Product_08331,Sports,Sportswear,UrbanX,266.78,365,3.6
PROD08332,Product_08332,Beauty,Haircare,UrbanX,471.11,298,4.6
PROD08333,Product_08333,Books,Comics,Orion,552.55,155,4.6
PROD08334,Product_08334,Fashion,Jeans,PrimeTech,2086.93,328,3.8
PROD08335,Product_08335,Fashion,T-Shirt,Apex,236.02,187,3.5
PROD08336,Product_08336,Beauty,Haircare,Apex,389.46,223,3.0
PROD08337,Product_08337,Electronics,Laptop,Orion,375.32,408,3.7
PROD08338,Product_08338,Books,Comics,Zenith,4508.67,269,4.2
PROD08339,Product_08339,Beauty,Skincare,Nova,633.86,79,3.1
PROD08340,Product_08340,Electronics,Smartphone,UrbanX,185.54,476,2.9
PROD08341,Product_08341,Beauty,Haircare,Nova,1048.97,254,2.6
PROD08342,Product_08342,Electronics,Laptop,Nova,672.47,195,3.2
PROD08343,Product_08343,Sports,Outdoor Gear,PrimeTech,240.8,84,3.0
PROD08344,Product_08344,Fashion,Jacket,Nova,672.77,193,2.7
PROD08345,Product_08345,Beauty,Makeup,Orion,373.1,272,3.5
PROD08346,Product_08346,Books,Fiction,Zenith,821.41,492,4.9
PROD08347,Product_08347,Electronics,Smartphone,Nova,636.41,8,3.2
PROD08348,Product_08348,Beauty,Makeup,Vertex,700.82,437,4.4
PROD08349,Product_08349,Home,Table,Vertex,729.22,300,3.5
PROD08350,Product_08350,Books,Academic,Nova,303.88,276,4.8
PROD08351,Product_08351,Fashion,Shoes,PrimeTech,672.39,78,4.3
PROD08352,Product_08352,Home,Table,PrimeTech,126.54,232,4.2
PROD08353,Product_08353,Electronics,Smartwatch,Vertex,1515.62,432,4.7
PROD08354,Product_08354,Beauty,Haircare,PrimeTech,222.79,337,4.4
PROD08355,Product_08355,Electronics,Smartphone,Zenith,328.43,131,3.3
PROD08356,Product_08356,Beauty,Fragrance,PrimeTech,183.14,345,4.6
PROD08357,Product_08357,Books,Non-Fiction,UrbanX,618.67,440,2.8
PROD08358,Product_08358,Electronics,Smartwatch,Vertex,789.28,401,2.5
PROD08359,Product_08359,Home,Chair,Apex,525.17,63,2.7
PROD08360,Product_08360,Fashion,Jacket,Zenith,175.66,444,4.1
PROD08361,Product_08361,Books,Non-Fiction,Orion,505.27,305,4.9
PROD08362,Product_08362,Sports,Fitness Equipment,Nova,343.2,326,3.9
PROD08363,Product_08363,Home,Lamp,Zenith,376.29,359,4.3
PROD08364,Product_08364,Sports,Outdoor Gear,Zenith,398.3,466,4.2
PROD08365,Product_08365,Home,Kitchen Appliance,Nova,1109.64,455,4.1
PROD08366,Product_08366,Electronics,Laptop,Orion,1117.03,225,3.8
PROD08367,Product_08367,Books,Comics,Vertex,993.58,201,2.9
PROD08368,Product_08368,Home,Chair,PrimeTech,406.42,360,4.5
PROD08369,Product_08369,Home,Chair,Apex,494.43,138,2.9
PROD08370,Product_08370,Beauty,Haircare,Nova,1397.22,361,3.5
PROD08371,Product_08371,Beauty,Skincare,UrbanX,423.06,472,2.8
PROD08372,Product_08372,Home,Kitchen Appliance,UrbanX,633.36,130,3.9
PROD08373,Product_08373,Books,Comics,Zenith,209.11,435,4.3
PROD08374,Product_08374,Fashion,Shoes,UrbanX,1758.57,499,3.1
PROD08375,Product_08375,Electronics,Smartphone,Vertex,399.25,39,3.6
PROD08376,Product_08376,Electronics,Headphones,Vertex,589.83,192,4.1
PROD08377,Product_08377,Books,Academic,Vertex,929.13,19,2.8
PROD08378,Product_08378,Electronics,Laptop,Orion,1579.41,264,3.7
PROD08379,Product_08379,Home,Lamp,PrimeTech,831.08,52,3.1
PROD08380,Product_08380,Home,Chair,UrbanX,1166.7,127,4.5
PROD08381,Product_08381,Books,Non-Fiction,Zenith,331.22,440,3.7
PROD08382,Product_08382,Home,Lamp,UrbanX,1729.65,47,3.5
PROD08383,Product_08383,Sports,Fitness Equipment,PrimeTech,759.08,438,3.8
PROD08384,Product_08384,Sports,Sportswear,Nova,130.22,7,3.0
PROD08385,Product_08385,Sports,Sportswear,UrbanX,959.53,347,4.8
PROD08386,Product_08386,Electronics,Headphones,Nova,1339.43,428,4.2
PROD08387,Product_08387,Sports,Fitness Equipment,UrbanX,596.08,189,4.0
PROD08388,Product_08388,Home,Chair,Orion,265.48,258,4.7
PROD08389,Product_08389,Fashion,Shoes,Vertex,132.49,472,2.9
PROD08390,Product_08390,Electronics,Smartphone,PrimeTech,290.86,189,3.1
PROD08391,Product_08391,Beauty,Skincare,Zenith,536.97,380,4.5
PROD08392,Product_08392,Beauty,Skincare,Nova,99.0,343,5.0
PROD08393,Product_08393,Sports,Outdoor Gear,Orion,913.1,240,3.6
PROD08394,Product_08394,Electronics,Smartphone,Apex,346.47,361,3.2
PROD08395,Product_08395,Home,Kitchen Appliance,Orion,275.54,144,4.5
PROD08396,Product_08396,Beauty,Makeup,Orion,295.54,250,3.7
PROD08397,Product_08397,Books,Fiction,Nova,338.6,211,3.5
PROD08398,Product_08398,Electronics,Smartwatch,Nova,378.09,340,4.7
PROD08399,Product_08399,Fashion,Shoes,UrbanX,420.61,387,3.6
PROD08400,Product_08400,Books,Academic,Apex,998.38,176,4.4
PROD08401,Product_08401,Home,Table,Nova,1760.85,174,5.0
PROD08402,Product_08402,Home,Table,Vertex,485.03,49,3.8
PROD08403,Product_08403,Fashion,Jeans,PrimeTech,418.51,403,4.7
PROD08404,Product_08404,Books,Non-Fiction,Nova,513.94,361,4.4
PROD08405,Product_08405,Books,Academic,PrimeTech,1878.45,87,3.0
PROD08406,Product_08406,Electronics,Headphones,Apex,605.92,405,4.3
PROD08407,Product_08407,Electronics,Smartwatch,UrbanX,524.78,441,4.7
PROD08408,Product_08408,Electronics,Laptop,Vertex,601.09,179,3.0
PROD08409,Product_08409,Books,Academic,Vertex,739.82,498,4.8
PROD08410,Product_08410,Sports,Sportswear,Zenith,1239.15,58,3.2
PROD08411,Product_08411,Fashion,T-Shirt,Nova,724.17,276,3.5
PROD08412,Product_08412,Beauty,Skincare,Orion,498.88,33,4.4
PROD08413,Product_08413,Home,Chair,UrbanX,1829.1,83,3.7
PROD08414,Product_08414,Fashion,Shoes,Orion,147.37,485,4.3
PROD08415,Product_08415,Home,Lamp,Apex,1534.85,493,4.9
PROD08416,Product_08416,Sports,Fitness Equipment,UrbanX,223.28,61,4.3
PROD08417,Product_08417,Electronics,Headphones,Zenith,992.65,121,3.2
PROD08418,Product_08418,Books,Academic,Orion,331.11,472,4.7
PROD08419,Product_08419,Books,Non-Fiction,Vertex,381.52,224,3.2
PROD08420,Product_08420,Fashion,Jacket,PrimeTech,263.44,423,3.0
PROD08421,Product_08421,Electronics,Smartphone,Apex,2021.58,63,4.5
PROD08422,Product_08422,Books,Fiction,Zenith,466.87,140,2.6
PROD08423,Product_08423,Beauty,Fragrance,Zenith,739.31,65,4.4
PROD08424,Product_08424,Sports,Running Gear,PrimeTech,1581.94,105,4.6
PROD08425,Product_08425,Fashion,Jacket,Apex,303.6,302,3.5
PROD08426,Product_08426,Fashion,Jeans,Zenith,574.04,428,4.8
PROD08427,Product_08427,Sports,Sportswear,Orion,305.13,1,3.9
PROD08428,Product_08428,Electronics,Smartwatch,Zenith,378.49,109,4.2
PROD08429,Product_08429,Fashion,Shoes,Zenith,228.13,346,3.1
PROD08430,Product_08430,Sports,Fitness Equipment,Zenith,404.74,236,4.3
PROD08431,Product_08431,Home,Chair,PrimeTech,627.96,441,4.6
PROD08432,Product_08432,Sports,Fitness Equipment,Nova,336.19,339,2.6
PROD08433,Product_08433,Books,Fiction,Apex,507.46,12,3.9
PROD08434,Product_08434,Electronics,Laptop,Vertex,2176.36,161,3.0
PROD08435,Product_08435,Books,Non-Fiction,Nova,263.17,156,2.8
PROD08436,Product_08436,Home,Chair,UrbanX,512.52,471,5.0
PROD08437,Product_08437,Books,Academic,Vertex,1824.98,90,4.7
PROD08438,Product_08438,Books,Comics,Vertex,1291.8,489,3.7
PROD08439,Product_08439,Books,Fiction,PrimeTech,651.6,12,4.7
PROD08440,Product_08440,Home,Lamp,Zenith,536.2,436,4.9
PROD08441,Product_08441,Books,Fiction,PrimeTech,286.81,395,3.8
PROD08442,Product_08442,Electronics,Smartwatch,Zenith,900.96,209,2.8
PROD08443,Product_08443,Sports,Running Gear,Nova,335.47,103,4.7
PROD08444,Product_08444,Beauty,Fragrance,PrimeTech,420.32,338,3.2
PROD08445,Product_08445,Home,Kitchen Appliance,Apex,749.12,210,4.0
PROD08446,Product_08446,Fashion,T-Shirt,Zenith,1419.54,438,3.0
PROD08447,Product_08447,Beauty,Fragrance,PrimeTech,186.75,207,4.9
PROD08448,Product_08448,Home,Table,Vertex,630.12,205,3.7
PROD08449,Product_08449,Sports,Sportswear,Nova,196.81,236,4.8
PROD08450,Product_08450,Books,Comics,Apex,1604.98,201,2.8
PROD08451,Product_08451,Electronics,Smartwatch,Zenith,590.35,151,4.1
PROD08452,Product_08452,Books,Non-Fiction,Zenith,1478.51,361,3.0
PROD08453,Product_08453,Home,Chair,PrimeTech,289.53,235,4.6
PROD08454,Product_08454,Beauty,Fragrance,Vertex,739.26,453,3.3
PROD08455,Product_08455,Beauty,Fragrance,Zenith,179.36,98,3.8
PROD08456,Product_08456,Fashion,Shoes,PrimeTech,182.22,413,3.9
PROD08457,Product_08457,Sports,Running Gear,Zenith,228.75,213,2.9
PROD08458,Product_08458,Electronics,Headphones,Orion,4576.34,230,3.2
PROD08459,Product_08459,Books,Comics,UrbanX,1100.73,464,3.5
PROD08460,Product_08460,Fashion,T-Shirt,UrbanX,356.05,250,4.6
PROD08461,Product_08461,Beauty,Haircare,Zenith,774.64,42,2.9
PROD08462,Product_08462,Sports,Sportswear,Orion,871.16,27,3.4
PROD08463,Product_08463,Fashion,T-Shirt,Apex,517.17,358,2.5
PROD08464,Product_08464,Electronics,Smartwatch,Zenith,410.34,462,3.3
PROD08465,Product_08465,Fashion,Shoes,UrbanX,247.65,101,4.1
PROD08466,Product_08466,Home,Table,UrbanX,645.48,254,3.5
PROD08467,Product_08467,Home,Kitchen Appliance,UrbanX,376.52,79,4.3
PROD08468,Product_08468,Fashion,Jeans,PrimeTech,202.41,194,4.9
PROD08469,Product_08469,Books,Comics,Vertex,704.94,132,2.7
PROD08470,Product_08470,Electronics,Headphones,UrbanX,409.81,347,4.0
PROD08471,Product_08471,Beauty,Haircare,Apex,219.6,388,4.3
PROD08472,Product_08472,Sports,Fitness Equipment,PrimeTech,1416.25,291,3.7
PROD08473,Product_08473,Sports,Fitness Equipment,Apex,2674.18,177,3.2
PROD08474,Product_08474,Sports,Sportswear,PrimeTech,465.23,164,3.8
PROD08475,Product_08475,Fashion,T-Shirt,PrimeTech,321.18,468,3.6
PROD08476,Product_08476,Fashion,Jacket,Apex,473.13,32,3.3
PROD08477,Product_08477,Fashion,Jeans,Zenith,117.76,260,4.6
PROD08478,Product_08478,Fashion,Jeans,PrimeTech,694.81,467,4.8
PROD08479,Product_08479,Sports,Sportswear,UrbanX,759.59,248,4.5
PROD08480,Product_08480,Beauty,Skincare,Orion,2329.31,248,4.1
PROD08481,Product_08481,Home,Table,UrbanX,1960.55,371,4.1
PROD08482,Product_08482,Electronics,Headphones,UrbanX,1205.27,316,4.8
PROD08483,Product_08483,Electronics,Smartphone,Orion,861.23,213,4.3
PROD08484,Product_08484,Home,Table,Vertex,814.01,73,4.7
PROD08485,Product_08485,Books,Comics,PrimeTech,115.95,475,4.2
PROD08486,Product_08486,Fashion,Shoes,UrbanX,1009.52,187,3.4
PROD08487,Product_08487,Home,Table,UrbanX,288.81,321,3.4
PROD08488,Product_08488,Home,Table,UrbanX,575.91,460,3.0
PROD08489,Product_08489,Sports,Outdoor Gear,Apex,628.5,218,3.5
PROD08490,Product_08490,Beauty,Haircare,PrimeTech,301.82,109,4.4
PROD08491,Product_08491,Home,Lamp,Vertex,126.36,183,3.6
PROD08492,Product_08492,Books,Comics,Zenith,3582.93,440,3.0
PROD08493,Product_08493,Sports,Outdoor Gear,Apex,889.42,101,3.1
PROD08494,Product_08494,Home,Table,Apex,976.25,75,3.5
PROD08495,Product_08495,Sports,Running Gear,Zenith,327.29,421,3.0
PROD08496,Product_08496,Electronics,Laptop,Zenith,284.38,263,4.0
PROD08497,Product_08497,Electronics,Headphones,Nova,345.97,326,3.1
PROD08498,Product_08498,Sports,Fitness Equipment,PrimeTech,873.32,395,4.2
PROD08499,Product_08499,Electronics,Headphones,PrimeTech,267.47,463,4.4
PROD08500,Product_08500,Beauty,Skincare,Orion,1356.57,416,4.0
PROD08501,Product_08501,Beauty,Skincare,Zenith,1062.92,136,2.6
PROD08502,Product_08502,Home,Kitchen Appliance,PrimeTech,302.73,290,3.8
PROD08503,Product_08503,Home,Table,Apex,277.67,348,3.3
PROD08504,Product_08504,Home,Lamp,PrimeTech,406.63,63,4.4
PROD08505,Product_08505,Fashion,Jeans,PrimeTech,364.21,332,3.9
PROD08506,Product_08506,Sports,Outdoor Gear,Zenith,686.7,56,3.3
PROD08507,Product_08507,Fashion,T-Shirt,Apex,722.21,49,3.3
PROD08508,Product_08508,Books,Academic,UrbanX,621.41,384,5.0
PROD08509,Product_08509,Beauty,Haircare,Nova,685.27,65,3.9
PROD08510,Product_08510,Electronics,Smartphone,Zenith,767.43,388,4.0
PROD08511,Product_08511,Home,Kitchen Appliance,Nova,698.04,360,4.7
PROD08512,Product_08512,Books,Fiction,UrbanX,512.93,268,4.0
PROD08513,Product_08513,Beauty,Skincare,Vertex,791.58,327,2.9
PROD08514,Product_08514,Electronics,Smartphone,Zenith,251.41,304,3.7
PROD08515,Product_08515,Home,Table,PrimeTech,648.25,77,3.9
PROD08516,Product_08516,Electronics,Laptop,Zenith,714.63,60,3.4
PROD08517,Product_08517,Beauty,Haircare,Orion,1726.56,354,4.3
PROD08518,Product_08518,Beauty,Fragrance,UrbanX,817.6,280,4.2
PROD08519,Product_08519,Sports,Running Gear,Apex,301.35,453,2.8
PROD08520,Product_08520,Electronics,Laptop,Nova,500.37,336,2.7
PROD08521,Product_08521,Home,Chair,PrimeTech,560.51,413,3.1
PROD08522,Product_08522,Beauty,Fragrance,Zenith,1241.11,307,3.8
PROD08523,Product_08523,Home,Table,Zenith,346.76,248,3.3
PROD08524,Product_08524,Beauty,Skincare,Nova,584.72,386,2.8
PROD08525,Product_08525,Books,Comics,Zenith,294.59,145,4.0
PROD08526,Product_08526,Beauty,Fragrance,PrimeTech,1447.46,316,3.1
PROD08527,Product_08527,Fashion,Jacket,Orion,425.08,428,3.9
PROD08528,Product_08528,Books,Academic,Vertex,727.49,395,2.6
PROD08529,Product_08529,Home,Table,Zenith,425.97,216,3.3
PROD08530,Product_08530,Beauty,Skincare,Vertex,493.95,135,4.7
PROD08531,Product_08531,Beauty,Fragrance,Apex,437.99,319,2.9
PROD08532,Product_08532,Books,Fiction,Vertex,1125.6,275,4.8
PROD08533,Product_08533,Books,Non-Fiction,PrimeTech,342.81,254,2.6
PROD08534,Product_08534,Electronics,Smartphone,PrimeTech,281.48,187,3.6
PROD08535,Product_08535,Beauty,Haircare,UrbanX,448.17,144,4.6
PROD08536,Product_08536,Books,Comics,Apex,642.15,494,4.3
PROD08537,Product_08537,Home,Kitchen Appliance,Orion,111.8,381,4.1
PROD08538,Product_08538,Books,Non-Fiction,Apex,1209.31,483,4.2
PROD08539,Product_08539,Books,Non-Fiction,UrbanX,599.36,40,2.8
PROD08540,Product_08540,Home,Table,Orion,879.74,415,3.9
PROD08541,Product_08541,Home,Chair,UrbanX,675.41,415,2.5
PROD08542,Product_08542,Electronics,Headphones,Nova,1911.13,204,2.6
PROD08543,Product_08543,Sports,Outdoor Gear,Nova,356.26,484,3.9
PROD08544,Product_08544,Electronics,Laptop,Orion,395.7,331,4.9
PROD08545,Product_08545,Books,Academic,PrimeTech,1037.22,319,4.5
PROD08546,Product_08546,Beauty,Fragrance,PrimeTech,343.64,461,4.1
PROD08547,Product_08547,Beauty,Skincare,UrbanX,341.5,159,4.3
PROD08548,Product_08548,Home,Table,UrbanX,524.31,216,4.6
PROD08549,Product_08549,Sports,Sportswear,Orion,2182.73,37,2.5
PROD08550,Product_08550,Sports,Outdoor Gear,Nova,2054.57,265,3.8
PROD08551,Product_08551,Home,Table,Orion,1302.04,196,4.5
PROD08552,Product_08552,Electronics,Laptop,Nova,161.55,454,3.0
PROD08553,Product_08553,Electronics,Smartwatch,Nova,632.31,229,3.7
PROD08554,Product_08554,Electronics,Smartphone,Zenith,350.02,257,3.8
PROD08555,Product_08555,Home,Lamp,Orion,229.43,210,4.5
PROD08556,Product_08556,Fashion,T-Shirt,Orion,602.15,367,2.7
PROD08557,Product_08557,Books,Fiction,UrbanX,160.33,154,3.0
PROD08558,Product_08558,Books,Academic,Zenith,833.91,21,2.8
PROD08559,Product_08559,Electronics,Headphones,PrimeTech,563.12,241,4.7
PROD08560,Product_08560,Books,Non-Fiction,Orion,973.91,325,3.3
PROD08561,Product_08561,Books,Academic,Apex,277.43,361,4.8
PROD08562,Product_08562,Fashion,Jeans,UrbanX,466.15,276,2.8
PROD08563,Product_08563,Beauty,Makeup,PrimeTech,1336.89,264,4.8
PROD08564,Product_08564,Home,Chair,Nova,266.59,25,4.2
PROD08565,Product_08565,Books,Non-Fiction,Orion,368.71,9,4.2
PROD08566,Product_08566,Sports,Sportswear,PrimeTech,456.51,412,4.4
PROD08567,Product_08567,Books,Fiction,Zenith,112.53,214,4.1
PROD08568,Product_08568,Fashion,Shoes,PrimeTech,621.26,62,4.9
PROD08569,Product_08569,Electronics,Headphones,PrimeTech,1070.26,0,3.8
PROD08570,Product_08570,Electronics,Headphones,Nova,752.79,177,3.4
PROD08571,Product_08571,Beauty,Haircare,Vertex,255.94,492,4.3
PROD08572,Product_08572,Books,Non-Fiction,Zenith,270.22,3,2.9
PROD08573,Product_08573,Electronics,Smartphone,Vertex,1935.71,288,3.4
PROD08574,Product_08574,Sports,Running Gear,Apex,446.63,36,3.0
PROD08575,Product_08575,Home,Lamp,Nova,539.87,71,2.6
PROD08576,Product_08576,Beauty,Fragrance,Nova,2852.31,119,3.5
PROD08577,Product_08577,Electronics,Headphones,Apex,436.07,491,4.6
PROD08578,Product_08578,Electronics,Headphones,UrbanX,558.21,312,4.8
PROD08579,Product_08579,Home,Chair,Zenith,521.07,105,3.8
PROD08580,Product_08580,Fashion,T-Shirt,PrimeTech,485.3,236,3.6
PROD08581,Product_08581,Home,Kitchen Appliance,PrimeTech,135.95,401,4.8
PROD08582,Product_08582,Fashion,Shoes,Zenith,523.48,30,3.8
PROD08583,Product_08583,Electronics,Smartwatch,Apex,349.11,43,3.2
PROD08584,Product_08584,Electronics,Smartwatch,Nova,272.3,497,2.6
PROD08585,Product_08585,Books,Comics,Nova,2283.01,464,4.0
PROD08586,Product_08586,Fashion,Shoes,Apex,594.24,140,2.8
PROD08587,Product_08587,Sports,Outdoor Gear,Zenith,1782.27,202,4.5
PROD08588,Product_08588,Sports,Outdoor Gear,PrimeTech,547.94,474,3.9
PROD08589,Product_08589,Beauty,Fragrance,Zenith,540.23,143,4.3
PROD08590,Product_08590,Books,Comics,Vertex,315.03,223,4.1
PROD08591,Product_08591,Sports,Outdoor Gear,Apex,1246.74,438,3.6
PROD08592,Product_08592,Sports,Running Gear,Apex,170.35,7,4.7
PROD08593,Product_08593,Fashion,T-Shirt,Vertex,462.4,192,3.4
PROD08594,Product_08594,Fashion,Jacket,PrimeTech,764.71,46,3.1
PROD08595,Product_08595,Books,Academic,UrbanX,408.31,97,3.9
PROD08596,Product_08596,Fashion,Jeans,Zenith,436.27,390,4.3
PROD08597,Product_08597,Sports,Sportswear,Zenith,342.28,343,3.8
PROD08598,Product_08598,Sports,Fitness Equipment,Orion,906.19,363,4.4
PROD08599,Product_08599,Home,Kitchen Appliance,Zenith,588.08,88,4.4
PROD08600,Product_08600,Fashion,Shoes,Apex,1014.47,411,4.7
PROD08601,Product_08601,Sports,Running Gear,Vertex,616.09,252,2.7
PROD08602,Product_08602,Home,Kitchen Appliance,PrimeTech,259.55,77,3.0
PROD08603,Product_08603,Home,Chair,Apex,2553.38,474,3.0
PROD08604,Product_08604,Home,Table,Vertex,1261.21,168,3.0
PROD08605,Product_08605,Electronics,Smartwatch,Apex,684.77,33,4.7
PROD08606,Product_08606,Electronics,Smartphone,Nova,722.57,461,3.9
PROD08607,Product_08607,Home,Lamp,Apex,561.76,421,4.5
PROD08608,Product_08608,Fashion,T-Shirt,Apex,1007.37,70,2.7
PROD08609,Product_08609,Beauty,Fragrance,Nova,288.57,108,3.7
PROD08610,Product_08610,Home,Kitchen Appliance,Zenith,172.61,78,4.4
PROD08611,Product_08611,Sports,Fitness Equipment,Vertex,196.19,60,2.5
PROD08612,Product_08612,Books,Fiction,Nova,263.32,360,3.3
PROD08613,Product_08613,Fashion,Jeans,UrbanX,234.67,36,3.9
PROD08614,Product_08614,Books,Non-Fiction,Apex,449.33,98,5.0
PROD08615,Product_08615,Home,Chair,Nova,249.88,494,2.9
PROD08616,Product_08616,Beauty,Haircare,Nova,520.0,399,5.0
PROD08617,Product_08617,Books,Fiction,Orion,196.63,232,3.7
PROD08618,Product_08618,Sports,Outdoor Gear,Apex,416.81,470,3.9
PROD08619,Product_08619,Sports,Sportswear,Nova,1078.68,140,4.1
PROD08620,Product_08620,Electronics,Headphones,PrimeTech,407.09,105,3.0
PROD08621,Product_08621,Home,Table,Apex,615.95,220,2.6
PROD08622,Product_08622,Sports,Fitness Equipment,Zenith,559.83,403,4.4
PROD08623,Product_08623,Fashion,Jacket,Nova,534.13,83,3.0
PROD08624,Product_08624,Sports,Outdoor Gear,Nova,274.02,157,3.5
PROD08625,Product_08625,Sports,Running Gear,Zenith,808.79,436,4.6
PROD08626,Product_08626,Fashion,T-Shirt,PrimeTech,688.33,25,2.8
PROD08627,Product_08627,Fashion,Jacket,PrimeTech,1706.8,181,3.5
PROD08628,Product_08628,Books,Fiction,Zenith,594.91,150,4.2
PROD08629,Product_08629,Fashion,T-Shirt,UrbanX,1288.38,32,2.9
PROD08630,Product_08630,Beauty,Haircare,Orion,710.52,53,3.9
PROD08631,Product_08631,Sports,Running Gear,Apex,428.01,292,4.1
PROD08632,Product_08632,Beauty,Haircare,PrimeTech,1943.83,486,2.6
PROD08633,Product_08633,Sports,Fitness Equipment,Vertex,257.38,453,2.8
PROD08634,Product_08634,Home,Lamp,Vertex,129.52,42,3.0
PROD08635,Product_08635,Home,Chair,Orion,383.1,110,3.3
PROD08636,Product_08636,Books,Fiction,Apex,1507.42,430,4.9
PROD08637,Product_08637,Fashion,Jeans,Apex,283.5,235,4.6
PROD08638,Product_08638,Beauty,Fragrance,Nova,1304.09,392,2.9
PROD08639,Product_08639,Beauty,Makeup,UrbanX,766.52,282,3.2
PROD08640,Product_08640,Home,Kitchen Appliance,Nova,374.45,242,4.4
PROD08641,Product_08641,Beauty,Makeup,Orion,614.67,285,4.9
PROD08642,Product_08642,Home,Table,Apex,383.41,29,3.7
PROD08643,Product_08643,Beauty,Skincare,Vertex,940.5,244,4.6
PROD08644,Product_08644,Beauty,Fragrance,Orion,494.39,15,3.2
PROD08645,Product_08645,Sports,Fitness Equipment,UrbanX,135.73,346,3.2
PROD08646,Product_08646,Books,Academic,Orion,986.95,289,4.4
PROD08647,Product_08647,Home,Kitchen Appliance,Orion,599.34,139,2.7
PROD08648,Product_08648,Electronics,Headphones,Vertex,241.26,225,2.8
PROD08649,Product_08649,Books,Academic,Nova,348.56,291,3.2
PROD08650,Product_08650,Fashion,T-Shirt,Zenith,424.1,381,4.2
PROD08651,Product_08651,Electronics,Smartphone,Zenith,163.19,321,4.6
PROD08652,Product_08652,Beauty,Makeup,UrbanX,1046.79,218,4.3
PROD08653,Product_08653,Books,Academic,Apex,564.86,206,4.7
PROD08654,Product_08654,Fashion,Jeans,UrbanX,596.77,52,3.1
PROD08655,Product_08655,Sports,Sportswear,UrbanX,533.1,103,3.5
PROD08656,Product_08656,Fashion,T-Shirt,PrimeTech,669.32,399,4.9
PROD08657,Product_08657,Sports,Fitness Equipment,PrimeTech,1377.65,51,3.6
PROD08658,Product_08658,Home,Kitchen Appliance,Zenith,779.44,237,2.7
PROD08659,Product_08659,Books,Comics,Apex,936.74,342,2.7
PROD08660,Product_08660,Electronics,Headphones,Apex,624.78,482,4.3
PROD08661,Product_08661,Fashion,Shoes,Orion,119.82,376,3.0
PROD08662,Product_08662,Sports,Running Gear,Orion,547.83,338,3.0
PROD08663,Product_08663,Electronics,Smartphone,Zenith,991.8,198,3.2
PROD08664,Product_08664,Sports,Running Gear,Apex,1173.12,206,3.3
PROD08665,Product_08665,Sports,Sportswear,UrbanX,208.25,263,4.7
PROD08666,Product_08666,Books,Non-Fiction,PrimeTech,3483.73,113,4.8
PROD08667,Product_08667,Home,Kitchen Appliance,Nova,673.66,264,4.3
PROD08668,Product_08668,Beauty,Fragrance,PrimeTech,563.73,230,3.5
PROD08669,Product_08669,Sports,Running Gear,Orion,457.29,438,3.5
PROD08670,Product_08670,Fashion,Shoes,UrbanX,480.93,321,4.3
PROD08671,Product_08671,Beauty,Skincare,PrimeTech,3186.62,75,2.8
PROD08672,Product_08672,Beauty,Skincare,Zenith,412.96,204,4.8
PROD08673,Product_08673,Beauty,Haircare,Vertex,2190.52,155,4.2
PROD08674,Product_08674,Sports,Outdoor Gear,Orion,492.88,243,3.0
PROD08675,Product_08675,Sports,Fitness Equipment,Apex,298.43,212,3.0
PROD08676,Product_08676,Books,Fiction,Orion,447.71,81,3.7
PROD08677,Product_08677,Electronics,Laptop,Apex,411.53,311,3.7
PROD08678,Product_08678,Home,Table,PrimeTech,1145.63,440,4.6
PROD08679,Product_08679,Books,Comics,Apex,2306.04,487,3.5
PROD08680,Product_08680,Home,Lamp,Orion,2491.26,138,4.5
PROD08681,Product_08681,Home,Table,Orion,99.0,424,3.0
PROD08682,Product_08682,Electronics,Smartwatch,Zenith,697.19,119,5.0
PROD08683,Product_08683,Electronics,Laptop,Apex,739.44,115,4.1
PROD08684,Product_08684,Fashion,Jacket,Nova,704.23,115,2.5
PROD08685,Product_08685,Books,Comics,Apex,763.59,274,4.2
PROD08686,Product_08686,Fashion,Jeans,Nova,1121.18,369,3.4
PROD08687,Product_08687,Electronics,Smartwatch,Apex,538.72,123,4.3
PROD08688,Product_08688,Sports,Sportswear,UrbanX,430.19,379,4.1
PROD08689,Product_08689,Fashion,Shoes,UrbanX,795.27,47,3.2
PROD08690,Product_08690,Home,Table,UrbanX,829.29,75,4.8
PROD08691,Product_08691,Beauty,Fragrance,Vertex,1914.57,48,3.0
PROD08692,Product_08692,Fashion,Jeans,Nova,1901.12,466,3.1
PROD08693,Product_08693,Beauty,Skincare,PrimeTech,133.33,276,3.6
PROD08694,Product_08694,Books,Non-Fiction,Vertex,938.69,20,3.4
PROD08695,Product_08695,Fashion,Shoes,Apex,752.34,333,3.5
PROD08696,Product_08696,Sports,Fitness Equipment,PrimeTech,678.73,387,2.5
PROD08697,Product_08697,Fashion,Shoes,Orion,200.93,69,4.0
PROD08698,Product_08698,Fashion,Jeans,Orion,887.24,361,3.7
PROD08699,Product_08699,Home,Chair,Apex,898.06,318,4.6
PROD08700,Product_08700,Books,Non-Fiction,Vertex,309.3,95,3.2
PROD08701,Product_08701,Fashion,T-Shirt,UrbanX,245.95,68,3.3
PROD08702,Product_08702,Home,Lamp,UrbanX,311.69,265,4.8
PROD08703,Product_08703,Books,Comics,Vertex,754.42,80,4.1
PROD08704,Product_08704,Beauty,Haircare,PrimeTech,147.86,30,4.4
PROD08705,Product_08705,Beauty,Makeup,Nova,873.08,31,4.9
PROD08706,Product_08706,Fashion,Jeans,PrimeTech,431.43,337,3.5
PROD08707,Product_08707,Home,Table,Nova,551.1,416,3.9
PROD08708,Product_08708,Fashion,T-Shirt,Zenith,144.83,14,4.9
PROD08709,Product_08709,Books,Academic,Nova,346.63,157,4.3
PROD08710,Product_08710,Beauty,Haircare,Vertex,748.04,414,4.2
PROD08711,Product_08711,Fashion,T-Shirt,PrimeTech,559.68,327,3.3
PROD08712,Product_08712,Sports,Running Gear,Orion,684.08,445,4.8
PROD08713,Product_08713,Fashion,Jacket,PrimeTech,619.57,338,4.1
PROD08714,Product_08714,Home,Lamp,UrbanX,1528.37,453,3.8
PROD08715,Product_08715,Electronics,Headphones,Orion,874.31,117,4.5
PROD08716,Product_08716,Beauty,Skincare,Vertex,446.9,398,4.1
PROD08717,Product_08717,Books,Comics,Apex,652.37,333,3.7
PROD08718,Product_08718,Beauty,Haircare,Vertex,917.52,266,3.4
PROD08719,Product_08719,Home,Chair,UrbanX,310.2,128,3.2
PROD08720,Product_08720,Fashion,Jeans,Orion,266.73,228,4.9
PROD08721,Product_08721,Home,Table,Nova,197.96,489,3.6
PROD08722,Product_08722,Fashion,Jeans,UrbanX,442.56,389,3.7
PROD08723,Product_08723,Home,Chair,UrbanX,2117.23,113,4.9
PROD08724,Product_08724,Electronics,Headphones,UrbanX,244.15,181,4.8
PROD08725,Product_08725,Home,Kitchen Appliance,Apex,859.41,356,3.2
PROD08726,Product_08726,Beauty,Fragrance,UrbanX,365.63,172,3.2
PROD08727,Product_08727,Beauty,Skincare,Nova,1521.72,233,4.5
PROD08728,Product_08728,Beauty,Fragrance,Zenith,713.48,443,3.0
PROD08729,Product_08729,Beauty,Skincare,UrbanX,510.83,92,3.0
PROD08730,Product_08730,Beauty,Fragrance,PrimeTech,396.5,148,2.7
PROD08731,Product_08731,Fashion,Shoes,Nova,281.29,497,3.3
PROD08732,Product_08732,Electronics,Laptop,Zenith,987.85,368,4.9
PROD08733,Product_08733,Books,Academic,Zenith,329.31,196,5.0
PROD08734,Product_08734,Home,Lamp,Vertex,874.94,127,4.7
PROD08735,Product_08735,Books,Academic,Orion,504.19,176,4.5
PROD08736,Product_08736,Beauty,Makeup,Orion,411.16,486,2.6
PROD08737,Product_08737,Sports,Outdoor Gear,Orion,291.34,129,4.5
PROD08738,Product_08738,Home,Lamp,Vertex,587.93,109,4.0
PROD08739,Product_08739,Books,Comics,Zenith,662.13,429,4.1
PROD08740,Product_08740,Electronics,Smartphone,PrimeTech,519.95,476,2.5
PROD08741,Product_08741,Electronics,Laptop,Apex,1138.47,36,2.7
PROD08742,Product_08742,Electronics,Headphones,UrbanX,965.2,22,2.9
PROD08743,Product_08743,Sports,Outdoor Gear,Nova,1063.32,436,3.2
PROD08744,Product_08744,Fashion,Jeans,Nova,193.74,327,3.0
PROD08745,Product_08745,Sports,Outdoor Gear,Nova,3240.25,199,4.0
PROD08746,Product_08746,Sports,Outdoor Gear,Vertex,741.27,217,4.5
PROD08747,Product_08747,Fashion,Jacket,Orion,122.42,375,3.5
PROD08748,Product_08748,Beauty,Skincare,Orion,855.35,354,3.0
PROD08749,Product_08749,Sports,Outdoor Gear,Vertex,99.0,262,4.5
PROD08750,Product_08750,Beauty,Haircare,Nova,826.1,490,3.5
PROD08751,Product_08751,Books,Non-Fiction,Nova,981.15,342,3.8
PROD08752,Product_08752,Electronics,Smartwatch,Apex,2103.01,12,4.0
PROD08753,Product_08753,Home,Lamp,Nova,230.07,300,4.5
PROD08754,Product_08754,Fashion,Jeans,PrimeTech,436.5,290,3.9
PROD08755,Product_08755,Beauty,Makeup,Vertex,767.15,247,3.9
PROD08756,Product_08756,Electronics,Smartwatch,Zenith,209.4,154,3.7
PROD08757,Product_08757,Books,Academic,UrbanX,493.99,50,4.9
PROD08758,Product_08758,Sports,Running Gear,Apex,400.79,462,3.3
PROD08759,Product_08759,Home,Kitchen Appliance,Zenith,525.08,108,4.7
PROD08760,Product_08760,Books,Comics,Vertex,175.52,42,3.1
PROD08761,Product_08761,Home,Kitchen Appliance,Apex,267.16,362,3.7
PROD08762,Product_08762,Beauty,Makeup,Nova,861.0,342,4.5
PROD08763,Product_08763,Electronics,Smartwatch,Apex,309.26,421,3.5
PROD08764,Product_08764,Fashion,Jeans,Vertex,809.02,465,3.3
PROD08765,Product_08765,Books,Non-Fiction,Orion,583.88,192,4.0
PROD08766,Product_08766,Books,Fiction,PrimeTech,457.76,277,3.1
PROD08767,Product_08767,Home,Kitchen Appliance,Nova,393.81,420,3.5
PROD08768,Product_08768,Fashion,T-Shirt,Apex,991.49,453,3.5
PROD08769,Product_08769,Beauty,Makeup,PrimeTech,2779.17,39,4.3
PROD08770,Product_08770,Books,Non-Fiction,PrimeTech,617.28,108,4.7
PROD08771,Product_08771,Fashion,Jeans,Zenith,876.21,390,3.1
PROD08772,Product_08772,Sports,Fitness Equipment,Apex,725.86,128,4.1
PROD08773,Product_08773,Books,Fiction,Vertex,1122.22,94,4.8
PROD08774,Product_08774,Home,Chair,Nova,424.93,241,3.4
PROD08775,Product_08775,Sports,Sportswear,Apex,1979.04,317,3.0
PROD08776,Product_08776,Beauty,Fragrance,UrbanX,424.32,123,2.7
PROD08777,Product_08777,Sports,Outdoor Gear,Vertex,169.87,431,3.7
PROD08778,Product_08778,Fashion,Shoes,Apex,323.88,242,2.6
PROD08779,Product_08779,Fashion,Jeans,Zenith,344.7,164,3.5
PROD08780,Product_08780,Electronics,Smartwatch,Zenith,1024.86,327,4.2
PROD08781,Product_08781,Home,Lamp,Orion,1059.11,425,3.5
PROD08782,Product_08782,Sports,Running Gear,UrbanX,366.97,103,2.8
PROD08783,Product_08783,Electronics,Smartwatch,Nova,146.81,77,4.5
PROD08784,Product_08784,Fashion,Jacket,Apex,893.51,91,2.6
PROD08785,Product_08785,Sports,Outdoor Gear,Vertex,189.15,15,2.9
PROD08786,Product_08786,Books,Academic,Nova,566.72,78,3.2
PROD08787,Product_08787,Beauty,Makeup,UrbanX,570.37,335,3.7
PROD08788,Product_08788,Beauty,Fragrance,Nova,755.03,38,4.5
PROD08789,Product_08789,Books,Comics,Nova,625.39,18,3.6
PROD08790,Product_08790,Beauty,Haircare,Apex,1133.71,350,4.6
PROD08791,Product_08791,Home,Chair,Orion,268.14,311,3.8
PROD08792,Product_08792,Books,Fiction,Zenith,185.0,150,3.5
PROD08793,Product_08793,Sports,Outdoor Gear,Zenith,716.72,242,4.1
PROD08794,Product_08794,Electronics,Smartphone,PrimeTech,806.3,427,3.4
PROD08795,Product_08795,Home,Chair,PrimeTech,1000.25,91,3.1
PROD08796,Product_08796,Books,Academic,Apex,988.41,350,2.9
PROD08797,Product_08797,Sports,Outdoor Gear,Nova,749.86,182,4.1
PROD08798,Product_08798,Sports,Fitness Equipment,Nova,125.23,398,3.6
PROD08799,Product_08799,Beauty,Makeup,UrbanX,270.28,189,4.0
PROD08800,Product_08800,Fashion,Shoes,UrbanX,211.14,461,2.7
PROD08801,Product_08801,Beauty,Haircare,Nova,1216.8,88,4.8
PROD08802,Product_08802,Books,Non-Fiction,Apex,462.46,89,4.4
PROD08803,Product_08803,Sports,Fitness Equipment,Zenith,596.49,168,3.9
PROD08804,Product_08804,Sports,Fitness Equipment,Apex,303.25,375,4.4
PROD08805,Product_08805,Fashion,Jeans,Apex,298.94,373,3.4
PROD08806,Product_08806,Electronics,Laptop,Vertex,485.88,222,4.0
PROD08807,Product_08807,Books,Comics,UrbanX,1712.24,167,4.5
PROD08808,Product_08808,Electronics,Smartwatch,Apex,108.82,441,3.9
PROD08809,Product_08809,Books,Non-Fiction,Zenith,168.94,407,3.8
PROD08810,Product_08810,Home,Chair,Nova,814.24,8,3.2
PROD08811,Product_08811,Sports,Outdoor Gear,Zenith,142.22,79,3.7
PROD08812,Product_08812,Beauty,Fragrance,Orion,346.63,173,3.7
PROD08813,Product_08813,Beauty,Makeup,UrbanX,339.16,120,3.8
PROD08814,Product_08814,Home,Table,Vertex,851.95,230,4.3
PROD08815,Product_08815,Home,Kitchen Appliance,Nova,485.9,452,4.0
PROD08816,Product_08816,Books,Academic,Apex,2186.1,67,5.0
PROD08817,Product_08817,Beauty,Skincare,Zenith,739.84,62,4.2
PROD08818,Product_08818,Electronics,Laptop,UrbanX,641.15,333,4.1
PROD08819,Product_08819,Fashion,Shoes,UrbanX,453.07,101,3.7
PROD08820,Product_08820,Sports,Sportswear,Zenith,328.54,198,2.9
PROD08821,Product_08821,Beauty,Makeup,PrimeTech,461.13,157,3.7
PROD08822,Product_08822,Sports,Outdoor Gear,Orion,1304.42,231,3.3
PROD08823,Product_08823,Fashion,Jeans,Zenith,314.31,491,3.9
PROD08824,Product_08824,Fashion,Jeans,Zenith,421.62,177,4.4
PROD08825,Product_08825,Home,Chair,Orion,255.16,244,4.1
PROD08826,Product_08826,Beauty,Makeup,UrbanX,715.09,319,2.8
PROD08827,Product_08827,Electronics,Smartphone,Zenith,329.54,355,4.9
PROD08828,Product_08828,Fashion,Shoes,Vertex,816.74,393,3.6
PROD08829,Product_08829,Books,Non-Fiction,Apex,286.12,150,2.9
PROD08830,Product_08830,Books,Comics,Zenith,172.82,96,3.1
PROD08831,Product_08831,Home,Kitchen Appliance,Apex,781.11,389,3.8
PROD08832,Product_08832,Fashion,T-Shirt,Nova,2054.44,153,4.0
PROD08833,Product_08833,Fashion,Jacket,Zenith,1061.1,332,4.6
PROD08834,Product_08834,Electronics,Headphones,Vertex,962.27,243,4.0
PROD08835,Product_08835,Books,Academic,Nova,232.06,437,3.4
PROD08836,Product_08836,Electronics,Smartphone,Nova,834.12,481,4.8
PROD08837,Product_08837,Sports,Fitness Equipment,Nova,568.55,125,4.4
PROD08838,Product_08838,Beauty,Haircare,Apex,247.12,85,3.1
PROD08839,Product_08839,Electronics,Headphones,Nova,107.02,133,4.1
PROD08840,Product_08840,Electronics,Smartwatch,Nova,411.53,233,3.9
PROD08841,Product_08841,Beauty,Fragrance,Nova,389.42,454,5.0
PROD08842,Product_08842,Electronics,Laptop,Nova,124.77,157,4.1
PROD08843,Product_08843,Home,Table,Nova,407.66,81,4.0
PROD08844,Product_08844,Electronics,Smartwatch,UrbanX,503.29,421,4.3
PROD08845,Product_08845,Home,Chair,Vertex,970.44,467,4.0
PROD08846,Product_08846,Electronics,Smartphone,Apex,487.24,72,4.1
PROD08847,Product_08847,Electronics,Smartphone,Apex,154.01,135,5.0
PROD08848,Product_08848,Beauty,Haircare,PrimeTech,547.28,148,2.7
PROD08849,Product_08849,Fashion,Jacket,Orion,2163.01,338,2.9
PROD08850,Product_08850,Beauty,Skincare,Nova,1711.17,390,4.6
PROD08851,Product_08851,Home,Chair,PrimeTech,748.71,299,4.5
PROD08852,Product_08852,Sports,Running Gear,UrbanX,433.1,120,4.3
PROD08853,Product_08853,Electronics,Smartphone,UrbanX,506.9,344,2.7
PROD08854,Product_08854,Fashion,T-Shirt,UrbanX,141.11,165,4.3
PROD08855,Product_08855,Home,Table,PrimeTech,144.85,458,3.0
PROD08856,Product_08856,Beauty,Haircare,PrimeTech,173.46,288,3.4
PROD08857,Product_08857,Sports,Outdoor Gear,Orion,187.57,492,5.0
PROD08858,Product_08858,Books,Comics,Zenith,226.04,349,2.7
PROD08859,Product_08859,Home,Lamp,Orion,510.25,290,3.6
PROD08860,Product_08860,Sports,Sportswear,UrbanX,1328.34,214,3.6
PROD08861,Product_08861,Books,Fiction,Vertex,338.47,136,3.1
PROD08862,Product_08862,Books,Academic,Orion,1181.22,15,3.8
PROD08863,Product_08863,Electronics,Smartwatch,Vertex,356.65,22,4.1
PROD08864,Product_08864,Sports,Outdoor Gear,Nova,1201.95,469,4.7
PROD08865,Product_08865,Books,Academic,PrimeTech,1108.36,156,4.7
PROD08866,Product_08866,Sports,Fitness Equipment,Apex,3444.22,201,4.6
PROD08867,Product_08867,Beauty,Haircare,Zenith,588.12,82,4.2
PROD08868,Product_08868,Fashion,Shoes,Apex,1545.84,7,3.4
PROD08869,Product_08869,Electronics,Laptop,Vertex,718.0,244,2.9
PROD08870,Product_08870,Fashion,Jacket,Nova,270.98,482,3.5
PROD08871,Product_08871,Fashion,T-Shirt,PrimeTech,1223.9,298,3.1
PROD08872,Product_08872,Sports,Running Gear,Orion,520.35,347,4.8
PROD08873,Product_08873,Fashion,Jeans,Nova,568.93,473,4.5
PROD08874,Product_08874,Fashion,Shoes,PrimeTech,1253.15,167,3.8
PROD08875,Product_08875,Home,Chair,Orion,111.03,267,3.0
PROD08876,Product_08876,Sports,Running Gear,Orion,1140.2,250,2.8
PROD08877,Product_08877,Sports,Fitness Equipment,Vertex,359.88,12,4.2
PROD08878,Product_08878,Sports,Running Gear,UrbanX,1161.43,490,4.7
PROD08879,Product_08879,Home,Table,Vertex,1133.55,199,4.9
PROD08880,Product_08880,Beauty,Haircare,UrbanX,164.6,251,3.9
PROD08881,Product_08881,Electronics,Smartwatch,Zenith,469.92,366,4.3
PROD08882,Product_08882,Electronics,Smartwatch,Orion,947.36,283,3.5
PROD08883,Product_08883,Books,Comics,Apex,264.16,314,4.3
PROD08884,Product_08884,Books,Fiction,PrimeTech,209.07,92,3.2
PROD08885,Product_08885,Home,Lamp,Orion,206.94,462,4.0
PROD08886,Product_08886,Home,Kitchen Appliance,UrbanX,430.21,211,3.0
PROD08887,Product_08887,Books,Academic,Orion,1625.15,89,4.9
PROD08888,Product_08888,Home,Chair,Zenith,482.46,13,3.0
PROD08889,Product_08889,Sports,Fitness Equipment,Apex,1021.24,23,4.0
PROD08890,Product_08890,Electronics,Smartphone,Zenith,1493.61,304,3.9
PROD08891,Product_08891,Books,Comics,Nova,355.27,334,4.6
PROD08892,Product_08892,Sports,Running Gear,Vertex,472.69,478,4.4
PROD08893,Product_08893,Electronics,Headphones,PrimeTech,198.37,465,2.8
PROD08894,Product_08894,Fashion,Jeans,UrbanX,430.31,460,3.6
PROD08895,Product_08895,Books,Academic,UrbanX,660.1,248,4.5
PROD08896,Product_08896,Home,Kitchen Appliance,Vertex,229.91,345,3.1
PROD08897,Product_08897,Books,Non-Fiction,UrbanX,1019.36,78,3.1
PROD08898,Product_08898,Fashion,Jacket,Zenith,1093.88,126,4.5
PROD08899,Product_08899,Fashion,Jacket,UrbanX,1253.3,158,4.3
PROD08900,Product_08900,Fashion,Jeans,Orion,458.59,281,2.8
PROD08901,Product_08901,Sports,Sportswear,PrimeTech,178.48,381,3.5
PROD08902,Product_08902,Home,Table,Orion,423.66,49,2.6
PROD08903,Product_08903,Home,Kitchen Appliance,Vertex,635.78,353,4.9
PROD08904,Product_08904,Home,Lamp,Vertex,669.74,259,4.8
PROD08905,Product_08905,Books,Academic,Orion,974.71,439,4.8
PROD08906,Product_08906,Books,Fiction,Nova,507.24,166,4.2
PROD08907,Product_08907,Books,Fiction,Zenith,560.95,321,4.6
PROD08908,Product_08908,Home,Table,Orion,510.54,63,3.4
PROD08909,Product_08909,Books,Fiction,Orion,1713.23,380,4.6
PROD08910,Product_08910,Beauty,Makeup,PrimeTech,106.18,441,4.6
PROD08911,Product_08911,Sports,Sportswear,PrimeTech,818.13,367,4.5
PROD08912,Product_08912,Electronics,Laptop,Vertex,697.03,258,4.1
PROD08913,Product_08913,Fashion,T-Shirt,Orion,556.68,15,3.1
PROD08914,Product_08914,Fashion,Jacket,Nova,1877.22,99,4.7
PROD08915,Product_08915,Books,Academic,PrimeTech,213.83,450,2.8
PROD08916,Product_08916,Books,Academic,Apex,230.77,475,3.9
PROD08917,Product_08917,Beauty,Haircare,PrimeTech,1034.38,351,2.6
PROD08918,Product_08918,Sports,Running Gear,Vertex,898.22,362,4.1
PROD08919,Product_08919,Beauty,Makeup,Orion,929.33,265,3.7
PROD08920,Product_08920,Books,Fiction,Vertex,2447.56,60,2.6
PROD08921,Product_08921,Sports,Running Gear,Apex,278.75,250,3.4
PROD08922,Product_08922,Beauty,Fragrance,Vertex,461.82,497,4.4
PROD08923,Product_08923,Beauty,Makeup,Apex,397.25,494,4.1
PROD08924,Product_08924,Sports,Fitness Equipment,UrbanX,953.36,470,3.7
PROD08925,Product_08925,Beauty,Makeup,Nova,987.62,189,2.6
PROD08926,Product_08926,Sports,Outdoor Gear,Zenith,764.27,493,4.0
PROD08927,Product_08927,Sports,Fitness Equipment,UrbanX,1194.74,116,4.0
PROD08928,Product_08928,Electronics,Headphones,UrbanX,1671.49,479,4.4
PROD08929,Product_08929,Books,Non-Fiction,UrbanX,399.16,71,3.9
PROD08930,Product_08930,Home,Table,Zenith,477.37,123,3.7
PROD08931,Product_08931,Fashion,Shoes,PrimeTech,1476.53,254,4.9
PROD08932,Product_08932,Sports,Sportswear,PrimeTech,211.11,28,2.9
PROD08933,Product_08933,Sports,Running Gear,Zenith,314.29,100,3.2
PROD08934,Product_08934,Home,Chair,Apex,324.35,191,3.3
PROD08935,Product_08935,Sports,Outdoor Gear,Apex,3486.67,382,2.9
PROD08936,Product_08936,Fashion,Jeans,Apex,244.94,3,2.9
PROD08937,Product_08937,Sports,Sportswear,Orion,1197.34,459,4.7
PROD08938,Product_08938,Home,Chair,Orion,396.36,305,3.9
PROD08939,Product_08939,Electronics,Smartphone,PrimeTech,889.98,282,3.9
PROD08940,Product_08940,Electronics,Headphones,Vertex,522.72,137,4.8
PROD08941,Product_08941,Books,Comics,Apex,210.19,418,3.3
PROD08942,Product_08942,Beauty,Haircare,Vertex,415.95,241,3.3
PROD08943,Product_08943,Sports,Outdoor Gear,Orion,401.68,95,4.8
PROD08944,Product_08944,Sports,Sportswear,Nova,200.76,353,4.4
PROD08945,Product_08945,Books,Non-Fiction,Zenith,849.35,442,3.0
PROD08946,Product_08946,Home,Kitchen Appliance,Orion,2705.75,332,4.6
PROD08947,Product_08947,Electronics,Laptop,Zenith,755.93,51,4.5
PROD08948,Product_08948,Books,Academic,Nova,944.87,307,4.5
PROD08949,Product_08949,Fashion,Jeans,Orion,1197.38,335,2.5
PROD08950,Product_08950,Books,Comics,Zenith,152.47,60,2.6
PROD08951,Product_08951,Books,Fiction,Vertex,479.57,139,3.0
PROD08952,Product_08952,Fashion,Jacket,UrbanX,261.4,176,4.9
PROD08953,Product_08953,Sports,Sportswear,Nova,368.65,50,3.8
PROD08954,Product_08954,Beauty,Fragrance,Vertex,469.42,124,3.5
PROD08955,Product_08955,Electronics,Smartwatch,PrimeTech,510.99,398,3.3
PROD08956,Product_08956,Sports,Fitness Equipment,UrbanX,335.28,29,4.9
PROD08957,Product_08957,Electronics,Laptop,Nova,126.24,26,3.4
PROD08958,Product_08958,Books,Comics,Zenith,507.6,28,3.6
PROD08959,Product_08959,Beauty,Fragrance,Vertex,729.37,257,2.6
PROD08960,Product_08960,Beauty,Makeup,Nova,232.07,44,3.6
PROD08961,Product_08961,Books,Comics,PrimeTech,209.16,26,3.2
PROD08962,Product_08962,Beauty,Makeup,PrimeTech,410.53,56,3.2
PROD08963,Product_08963,Books,Fiction,Zenith,439.16,217,4.5
PROD08964,Product_08964,Books,Non-Fiction,Nova,488.45,302,3.3
PROD08965,Product_08965,Home,Chair,Vertex,318.28,105,4.0
PROD08966,Product_08966,Electronics,Headphones,Orion,714.27,230,2.9
PROD08967,Product_08967,Fashion,Jacket,PrimeTech,910.89,239,4.9
PROD08968,Product_08968,Electronics,Laptop,Nova,1872.43,183,3.5
PROD08969,Product_08969,Home,Kitchen Appliance,Zenith,336.3,250,4.9
PROD08970,Product_08970,Fashion,Jeans,Zenith,159.27,44,4.6
PROD08971,Product_08971,Home,Chair,Nova,392.83,72,3.2
PROD08972,Product_08972,Home,Chair,Orion,267.23,281,3.6
PROD08973,Product_08973,Electronics,Headphones,PrimeTech,536.31,165,4.4
PROD08974,Product_08974,Fashion,T-Shirt,Vertex,319.02,274,3.3
PROD08975,Product_08975,Home,Chair,Orion,785.15,181,5.0
PROD08976,Product_08976,Home,Lamp,Zenith,360.17,60,5.0
PROD08977,Product_08977,Electronics,Smartwatch,Orion,421.56,61,2.9
PROD08978,Product_08978,Sports,Running Gear,PrimeTech,934.45,51,3.3
PROD08979,Product_08979,Electronics,Headphones,UrbanX,408.34,239,3.6
PROD08980,Product_08980,Beauty,Makeup,Apex,291.51,39,4.2
PROD08981,Product_08981,Beauty,Skincare,Nova,466.07,176,3.2
PROD08982,Product_08982,Fashion,Jacket,PrimeTech,1989.07,220,4.4
PROD08983,Product_08983,Fashion,T-Shirt,Orion,1033.27,256,4.2
PROD08984,Product_08984,Sports,Fitness Equipment,Orion,606.48,72,4.2
PROD08985,Product_08985,Beauty,Haircare,Vertex,502.05,182,2.9
PROD08986,Product_08986,Sports,Fitness Equipment,Vertex,390.68,125,2.8
PROD08987,Product_08987,Electronics,Smartphone,PrimeTech,674.67,414,3.2
PROD08988,Product_08988,Home,Chair,Nova,428.66,204,3.8
PROD08989,Product_08989,Home,Kitchen Appliance,Apex,519.82,458,2.8
PROD08990,Product_08990,Sports,Fitness Equipment,Nova,2160.07,211,3.1
PROD08991,Product_08991,Electronics,Headphones,Apex,232.75,200,5.0
PROD08992,Product_08992,Beauty,Haircare,Vertex,1883.71,181,4.3
PROD08993,Product_08993,Fashion,T-Shirt,Zenith,1406.01,92,4.6
PROD08994,Product_08994,Electronics,Smartwatch,UrbanX,1743.15,184,4.2
PROD08995,Product_08995,Electronics,Smartwatch,Nova,249.0,368,3.0
PROD08996,Product_08996,Beauty,Makeup,Nova,624.66,398,4.8
PROD08997,Product_08997,Home,Chair,Apex,631.36,322,5.0
PROD08998,Product_08998,Electronics,Smartphone,Nova,393.2,309,2.8
PROD08999,Product_08999,Home,Table,Apex,1371.08,426,2.6
PROD09000,Product_09000,Beauty,Fragrance,Orion,315.32,16,2.6
PROD09001,Product_09001,Beauty,Skincare,UrbanX,653.34,399,4.5
PROD09002,Product_09002,Sports,Sportswear,PrimeTech,649.57,88,4.5
PROD09003,Product_09003,Fashion,Shoes,Nova,1369.37,324,4.9
PROD09004,Product_09004,Home,Lamp,Nova,296.22,274,3.2
PROD09005,Product_09005,Electronics,Smartwatch,Zenith,621.57,80,3.4
PROD09006,Product_09006,Electronics,Laptop,Nova,796.27,288,3.1
PROD09007,Product_09007,Sports,Running Gear,Zenith,782.82,40,2.9
PROD09008,Product_09008,Electronics,Headphones,PrimeTech,419.47,60,3.2
PROD09009,Product_09009,Electronics,Headphones,UrbanX,515.86,183,2.5
PROD09010,Product_09010,Electronics,Laptop,UrbanX,426.42,382,2.6
PROD09011,Product_09011,Fashion,Jeans,Apex,1849.85,136,4.7
PROD09012,Product_09012,Home,Lamp,Orion,296.98,421,4.9
PROD09013,Product_09013,Electronics,Laptop,Orion,386.81,40,4.6
PROD09014,Product_09014,Sports,Fitness Equipment,Zenith,283.87,365,4.5
PROD09015,Product_09015,Electronics,Smartphone,Vertex,2452.72,372,5.0
PROD09016,Product_09016,Sports,Fitness Equipment,Vertex,682.17,232,3.5
PROD09017,Product_09017,Books,Comics,Vertex,734.13,181,5.0
PROD09018,Product_09018,Electronics,Laptop,UrbanX,217.04,264,3.4
PROD09019,Product_09019,Home,Lamp,Orion,122.39,256,4.0
PROD09020,Product_09020,Home,Table,Nova,390.41,190,4.6
PROD09021,Product_09021,Fashion,Jacket,Vertex,484.54,125,3.2
PROD09022,Product_09022,Fashion,Jacket,Orion,797.11,458,4.3
PROD09023,Product_09023,Home,Lamp,Apex,760.64,283,3.4
PROD09024,Product_09024,Electronics,Laptop,Apex,1409.92,192,4.9
PROD09025,Product_09025,Books,Fiction,Zenith,598.3,378,3.1
PROD09026,Product_09026,Books,Fiction,Vertex,1086.7,389,2.6
PROD09027,Product_09027,Beauty,Fragrance,Vertex,1460.66,37,3.8
PROD09028,Product_09028,Beauty,Haircare,Nova,657.71,471,2.9
PROD09029,Product_09029,Beauty,Skincare,PrimeTech,1642.7,296,3.3
PROD09030,Product_09030,Fashion,T-Shirt,Apex,659.48,474,4.8
PROD09031,Product_09031,Sports,Sportswear,Nova,2051.66,355,5.0
PROD09032,Product_09032,Beauty,Makeup,Zenith,170.04,437,2.7
PROD09033,Product_09033,Electronics,Headphones,PrimeTech,166.74,32,4.9
PROD09034,Product_09034,Sports,Running Gear,Zenith,541.23,378,3.6
PROD09035,Product_09035,Beauty,Haircare,PrimeTech,605.4,449,3.1
PROD09036,Product_09036,Beauty,Haircare,Apex,759.2,9,2.8
PROD09037,Product_09037,Fashion,T-Shirt,Zenith,99.0,371,2.7
PROD09038,Product_09038,Electronics,Headphones,Vertex,530.75,71,4.1
PROD09039,Product_09039,Sports,Running Gear,Nova,437.93,368,3.8
PROD09040,Product_09040,Sports,Running Gear,Nova,594.52,369,3.5
PROD09041,Product_09041,Sports,Running Gear,Nova,246.73,430,4.1
PROD09042,Product_09042,Home,Chair,Nova,984.67,356,2.8
PROD09043,Product_09043,Electronics,Smartwatch,UrbanX,575.94,445,3.4
PROD09044,Product_09044,Electronics,Laptop,UrbanX,143.3,268,4.2
PROD09045,Product_09045,Home,Lamp,Orion,501.77,260,4.6
PROD09046,Product_09046,Beauty,Fragrance,Vertex,517.46,72,3.7
PROD09047,Product_09047,Sports,Fitness Equipment,Vertex,1447.87,482,4.4
PROD09048,Product_09048,Sports,Outdoor Gear,Zenith,750.99,140,3.1
PROD09049,Product_09049,Sports,Outdoor Gear,Vertex,383.09,107,2.7
PROD09050,Product_09050,Sports,Outdoor Gear,Vertex,386.47,27,3.2
PROD09051,Product_09051,Books,Academic,UrbanX,224.17,64,4.7
PROD09052,Product_09052,Sports,Sportswear,PrimeTech,635.87,157,4.2
PROD09053,Product_09053,Sports,Outdoor Gear,PrimeTech,399.67,156,4.1
PROD09054,Product_09054,Electronics,Laptop,UrbanX,1044.92,447,3.9
PROD09055,Product_09055,Beauty,Fragrance,UrbanX,377.17,33,4.9
PROD09056,Product_09056,Books,Non-Fiction,Vertex,339.74,171,3.7
PROD09057,Product_09057,Home,Chair,Nova,152.43,252,2.8
PROD09058,Product_09058,Beauty,Haircare,Apex,655.71,427,3.3
PROD09059,Product_09059,Books,Non-Fiction,Nova,499.31,63,4.2
PROD09060,Product_09060,Beauty,Makeup,Vertex,653.21,423,3.4
PROD09061,Product_09061,Beauty,Makeup,Zenith,1297.25,34,4.2
PROD09062,Product_09062,Beauty,Haircare,Nova,1557.27,109,2.5
PROD09063,Product_09063,Books,Fiction,Apex,304.68,229,4.3
PROD09064,Product_09064,Fashion,Jeans,Zenith,374.75,490,4.8
PROD09065,Product_09065,Electronics,Headphones,PrimeTech,499.11,36,2.6
PROD09066,Product_09066,Beauty,Haircare,Zenith,263.56,273,2.8
PROD09067,Product_09067,Sports,Fitness Equipment,Nova,345.21,98,3.0
PROD09068,Product_09068,Sports,Running Gear,PrimeTech,989.87,200,4.3
PROD09069,Product_09069,Beauty,Makeup,Vertex,2750.05,421,4.8
PROD09070,Product_09070,Beauty,Makeup,UrbanX,392.57,333,3.0
PROD09071,Product_09071,Fashion,Jeans,Vertex,276.01,102,3.7
PROD09072,Product_09072,Fashion,T-Shirt,Vertex,1057.26,273,2.8
PROD09073,Product_09073,Home,Lamp,Zenith,476.22,499,4.4
PROD09074,Product_09074,Home,Chair,PrimeTech,640.79,442,4.7
PROD09075,Product_09075,Books,Academic,Vertex,202.69,235,2.9
PROD09076,Product_09076,Fashion,Jeans,Nova,397.53,356,5.0
PROD09077,Product_09077,Fashion,Shoes,PrimeTech,996.22,162,3.9
PROD09078,Product_09078,Sports,Fitness Equipment,Vertex,200.89,67,2.6
PROD09079,Product_09079,Sports,Sportswear,Apex,659.93,331,4.9
PROD09080,Product_09080,Electronics,Headphones,Orion,532.0,159,3.9
PROD09081,Product_09081,Sports,Fitness Equipment,Orion,168.54,303,4.3
PROD09082,Product_09082,Home,Table,Apex,624.94,273,4.5
PROD09083,Product_09083,Electronics,Smartphone,Zenith,1089.24,190,4.8
PROD09084,Product_09084,Books,Academic,Orion,398.53,149,4.7
PROD09085,Product_09085,Books,Comics,Orion,291.43,377,3.8
PROD09086,Product_09086,Sports,Fitness Equipment,Nova,331.72,339,3.0
PROD09087,Product_09087,Fashion,Shoes,Nova,99.0,9,3.8
PROD09088,Product_09088,Fashion,Jacket,Apex,468.5,189,3.5
PROD09089,Product_09089,Beauty,Fragrance,Zenith,378.04,169,3.8
PROD09090,Product_09090,Home,Lamp,Apex,471.37,180,4.5
PROD09091,Product_09091,Books,Fiction,PrimeTech,546.24,266,4.2
PROD09092,Product_09092,Fashion,T-Shirt,PrimeTech,2259.16,427,3.6
PROD09093,Product_09093,Home,Kitchen Appliance,Zenith,219.39,373,4.9
PROD09094,Product_09094,Home,Lamp,Vertex,487.05,121,3.7
PROD09095,Product_09095,Electronics,Laptop,Zenith,894.36,137,2.9
PROD09096,Product_09096,Home,Kitchen Appliance,PrimeTech,1081.08,169,3.3
PROD09097,Product_09097,Sports,Outdoor Gear,Nova,345.33,236,3.3
PROD09098,Product_09098,Home,Chair,UrbanX,2289.71,58,2.9
PROD09099,Product_09099,Electronics,Smartphone,Nova,346.77,285,3.1
PROD09100,Product_09100,Electronics,Laptop,Vertex,273.98,425,3.7
PROD09101,Product_09101,Home,Lamp,Apex,324.55,112,3.4
PROD09102,Product_09102,Beauty,Haircare,PrimeTech,435.68,87,4.1
PROD09103,Product_09103,Fashion,T-Shirt,PrimeTech,1136.98,261,4.1
PROD09104,Product_09104,Beauty,Makeup,Orion,1314.0,426,3.2
PROD09105,Product_09105,Home,Lamp,Zenith,432.42,91,2.8
PROD09106,Product_09106,Electronics,Smartwatch,Vertex,923.79,111,3.7
PROD09107,Product_09107,Electronics,Smartphone,Nova,193.74,19,4.3
PROD09108,Product_09108,Fashion,Jacket,PrimeTech,398.55,208,3.5
PROD09109,Product_09109,Fashion,Jeans,Nova,755.75,400,3.5
PROD09110,Product_09110,Home,Lamp,Apex,1000.6,249,4.6
PROD09111,Product_09111,Beauty,Fragrance,Apex,1558.2,336,4.1
PROD09112,Product_09112,Books,Comics,Vertex,1018.78,355,3.5
PROD09113,Product_09113,Sports,Outdoor Gear,Zenith,785.63,489,3.1
PROD09114,Product_09114,Books,Non-Fiction,Zenith,1396.31,289,4.8
PROD09115,Product_09115,Beauty,Haircare,PrimeTech,379.5,39,4.3
PROD09116,Product_09116,Sports,Outdoor Gear,PrimeTech,477.5,108,4.0
PROD09117,Product_09117,Home,Kitchen Appliance,UrbanX,409.08,355,4.3
PROD09118,Product_09118,Beauty,Makeup,PrimeTech,540.69,424,4.6
PROD09119,Product_09119,Fashion,Jacket,Apex,175.66,238,4.3
PROD09120,Product_09120,Fashion,T-Shirt,Orion,576.95,457,4.6
PROD09121,Product_09121,Books,Comics,Vertex,1498.12,371,3.5
PROD09122,Product_09122,Sports,Running Gear,Orion,511.13,293,3.8
PROD09123,Product_09123,Beauty,Fragrance,UrbanX,744.92,208,3.5
PROD09124,Product_09124,Sports,Outdoor Gear,Orion,1828.74,412,3.0
PROD09125,Product_09125,Home,Table,Orion,1070.43,9,4.5
PROD09126,Product_09126,Electronics,Smartphone,PrimeTech,1728.07,352,3.2
PROD09127,Product_09127,Fashion,Jacket,Orion,572.09,452,3.9
PROD09128,Product_09128,Electronics,Laptop,Apex,155.41,54,3.4
PROD09129,Product_09129,Sports,Fitness Equipment,PrimeTech,1449.91,243,2.9
PROD09130,Product_09130,Home,Lamp,Vertex,299.61,62,5.0
PROD09131,Product_09131,Books,Fiction,Nova,99.0,398,5.0
PROD09132,Product_09132,Fashion,T-Shirt,UrbanX,2622.76,242,3.8
PROD09133,Product_09133,Books,Fiction,Zenith,99.0,365,2.9
PROD09134,Product_09134,Sports,Outdoor Gear,Apex,523.95,258,4.9
PROD09135,Product_09135,Beauty,Makeup,Apex,332.78,401,4.4
PROD09136,Product_09136,Electronics,Laptop,Orion,337.31,40,3.2
PROD09137,Product_09137,Sports,Fitness Equipment,Orion,900.61,463,2.9
PROD09138,Product_09138,Home,Table,UrbanX,317.72,47,2.5
PROD09139,Product_09139,Electronics,Laptop,Vertex,539.92,76,4.6
PROD09140,Product_09140,Home,Lamp,Vertex,310.02,192,2.7
PROD09141,Product_09141,Books,Academic,Apex,448.42,470,4.1
PROD09142,Product_09142,Books,Comics,Orion,661.79,352,4.2
PROD09143,Product_09143,Sports,Running Gear,Orion,309.5,174,2.6
PROD09144,Product_09144,Electronics,Laptop,Zenith,404.4,462,3.9
PROD09145,Product_09145,Fashion,Jeans,UrbanX,974.9,274,4.0
PROD09146,Product_09146,Sports,Outdoor Gear,PrimeTech,642.65,177,3.2
PROD09147,Product_09147,Fashion,Jacket,Zenith,867.39,73,3.1
PROD09148,Product_09148,Sports,Sportswear,Orion,1634.33,345,4.2
PROD09149,Product_09149,Beauty,Haircare,PrimeTech,134.6,247,4.7
PROD09150,Product_09150,Books,Fiction,Nova,136.6,43,5.0
PROD09151,Product_09151,Fashion,Jeans,Nova,280.27,213,4.8
PROD09152,Product_09152,Fashion,Jeans,Vertex,1822.63,55,3.6
PROD09153,Product_09153,Sports,Running Gear,Zenith,99.0,174,4.8
PROD09154,Product_09154,Beauty,Skincare,Vertex,498.83,263,4.2
PROD09155,Product_09155,Sports,Sportswear,UrbanX,1959.42,460,3.6
PROD09156,Product_09156,Beauty,Makeup,Zenith,197.93,301,3.4
PROD09157,Product_09157,Books,Fiction,Vertex,690.13,426,4.0
PROD09158,Product_09158,Home,Chair,PrimeTech,190.58,53,4.4
PROD09159,Product_09159,Home,Chair,Vertex,960.5,258,4.6
PROD09160,Product_09160,Sports,Sportswear,UrbanX,335.74,468,3.4
PROD09161,Product_09161,Fashion,Jacket,Vertex,537.82,140,2.6
PROD09162,Product_09162,Fashion,Jeans,Zenith,364.91,234,4.3
PROD09163,Product_09163,Fashion,Shoes,Vertex,364.33,252,4.5
PROD09164,Product_09164,Home,Kitchen Appliance,UrbanX,260.88,433,4.7
PROD09165,Product_09165,Fashion,Shoes,UrbanX,1350.07,382,2.6
PROD09166,Product_09166,Electronics,Headphones,PrimeTech,1406.81,411,4.3
PROD09167,Product_09167,Books,Comics,UrbanX,1012.29,41,3.1
PROD09168,Product_09168,Fashion,Jeans,Apex,789.82,383,3.8
PROD09169,Product_09169,Fashion,Jeans,PrimeTech,268.68,19,3.0
PROD09170,Product_09170,Electronics,Smartphone,Vertex,401.96,84,4.0
PROD09171,Product_09171,Fashion,Jacket,Zenith,455.35,420,2.6
PROD09172,Product_09172,Sports,Sportswear,Orion,2846.12,102,5.0
PROD09173,Product_09173,Electronics,Smartphone,Apex,514.12,326,3.1
PROD09174,Product_09174,Home,Lamp,Apex,1435.58,280,5.0
PROD09175,Product_09175,Books,Non-Fiction,Apex,328.62,485,4.4
PROD09176,Product_09176,Sports,Fitness Equipment,UrbanX,821.83,258,3.1
PROD09177,Product_09177,Fashion,Shoes,Zenith,1363.09,140,4.3
PROD09178,Product_09178,Beauty,Fragrance,Vertex,869.85,108,3.6
PROD09179,Product_09179,Books,Fiction,Zenith,261.26,70,4.7
PROD09180,Product_09180,Home,Lamp,Nova,434.84,380,4.9
PROD09181,Product_09181,Books,Academic,Zenith,533.07,93,4.0
PROD09182,Product_09182,Beauty,Skincare,UrbanX,1304.6,188,4.6
PROD09183,Product_09183,Electronics,Laptop,Nova,227.39,154,2.5
PROD09184,Product_09184,Books,Academic,PrimeTech,1064.17,269,2.9
PROD09185,Product_09185,Books,Non-Fiction,PrimeTech,641.95,180,4.2
PROD09186,Product_09186,Sports,Outdoor Gear,UrbanX,555.87,262,3.8
PROD09187,Product_09187,Fashion,T-Shirt,PrimeTech,822.7,500,3.4
PROD09188,Product_09188,Fashion,Shoes,PrimeTech,2251.36,421,4.0
PROD09189,Product_09189,Home,Table,Nova,418.4,38,2.8
PROD09190,Product_09190,Sports,Fitness Equipment,Nova,247.5,392,3.1
PROD09191,Product_09191,Electronics,Smartphone,Apex,211.66,55,4.6
PROD09192,Product_09192,Books,Fiction,Apex,642.52,223,2.9
PROD09193,Product_09193,Books,Non-Fiction,Orion,751.67,96,4.9
PROD09194,Product_09194,Books,Comics,PrimeTech,609.63,435,2.5
PROD09195,Product_09195,Fashion,Jeans,UrbanX,1308.32,410,3.0
PROD09196,Product_09196,Books,Comics,Apex,211.08,420,4.5
PROD09197,Product_09197,Sports,Outdoor Gear,Apex,541.82,169,4.8
PROD09198,Product_09198,Fashion,Jacket,Nova,1139.82,418,4.2
PROD09199,Product_09199,Sports,Outdoor Gear,Zenith,479.95,52,4.9
PROD09200,Product_09200,Sports,Sportswear,Vertex,859.03,192,2.8
PROD09201,Product_09201,Fashion,Jeans,UrbanX,975.24,497,4.8
PROD09202,Product_09202,Fashion,Jeans,UrbanX,236.41,495,3.0
PROD09203,Product_09203,Electronics,Smartwatch,Orion,1665.11,246,3.9
PROD09204,Product_09204,Home,Lamp,Orion,959.61,498,3.6
PROD09205,Product_09205,Books,Academic,Nova,1169.18,450,4.9
PROD09206,Product_09206,Books,Comics,UrbanX,714.05,319,3.8
PROD09207,Product_09207,Books,Fiction,Vertex,309.92,34,3.0
PROD09208,Product_09208,Home,Kitchen Appliance,Zenith,271.84,388,4.8
PROD09209,Product_09209,Beauty,Makeup,Nova,417.69,168,3.4
PROD09210,Product_09210,Beauty,Skincare,Zenith,455.96,165,3.4
PROD09211,Product_09211,Sports,Running Gear,Vertex,532.33,339,3.3
PROD09212,Product_09212,Electronics,Headphones,Orion,168.94,387,3.9
PROD09213,Product_09213,Home,Chair,Nova,446.52,267,2.8
PROD09214,Product_09214,Electronics,Laptop,Orion,1023.78,437,4.4
PROD09215,Product_09215,Beauty,Fragrance,Orion,273.55,398,3.2
PROD09216,Product_09216,Books,Fiction,Nova,470.49,273,4.0
PROD09217,Product_09217,Books,Academic,UrbanX,862.07,166,2.7
PROD09218,Product_09218,Books,Academic,PrimeTech,275.48,160,2.5
PROD09219,Product_09219,Fashion,T-Shirt,Orion,412.69,348,2.9
PROD09220,Product_09220,Books,Fiction,Apex,426.31,63,3.4
PROD09221,Product_09221,Beauty,Haircare,UrbanX,343.89,277,4.1
PROD09222,Product_09222,Electronics,Smartwatch,Apex,319.52,303,2.7
PROD09223,Product_09223,Home,Chair,UrbanX,884.04,416,5.0
PROD09224,Product_09224,Electronics,Smartphone,Nova,286.53,33,3.2
PROD09225,Product_09225,Books,Comics,Apex,2014.78,50,4.6
PROD09226,Product_09226,Sports,Outdoor Gear,Orion,986.42,294,4.9
PROD09227,Product_09227,Books,Non-Fiction,Vertex,504.43,431,2.7
PROD09228,Product_09228,Sports,Sportswear,Orion,662.41,332,4.2
PROD09229,Product_09229,Electronics,Smartwatch,Vertex,172.32,225,2.8
PROD09230,Product_09230,Home,Lamp,UrbanX,195.08,475,2.7
PROD09231,Product_09231,Sports,Running Gear,PrimeTech,997.15,134,2.8
PROD09232,Product_09232,Fashion,T-Shirt,PrimeTech,539.11,439,3.8
PROD09233,Product_09233,Fashion,Jacket,Apex,236.4,179,4.8
PROD09234,Product_09234,Home,Chair,Vertex,1403.78,59,2.9
PROD09235,Product_09235,Electronics,Smartwatch,Vertex,378.26,53,2.6
PROD09236,Product_09236,Electronics,Smartphone,Apex,770.01,415,4.5
PROD09237,Product_09237,Sports,Outdoor Gear,Orion,1246.44,432,2.9
PROD09238,Product_09238,Books,Fiction,Zenith,1172.73,416,3.7
PROD09239,Product_09239,Home,Table,Nova,391.68,264,3.7
PROD09240,Product_09240,Sports,Outdoor Gear,Nova,123.01,72,2.6
PROD09241,Product_09241,Fashion,Shoes,Vertex,323.71,452,3.8
PROD09242,Product_09242,Beauty,Makeup,Orion,287.98,319,3.6
PROD09243,Product_09243,Electronics,Laptop,Zenith,492.84,103,4.3
PROD09244,Product_09244,Beauty,Makeup,PrimeTech,285.95,334,3.8
PROD09245,Product_09245,Beauty,Skincare,Orion,201.87,365,4.0
PROD09246,Product_09246,Sports,Fitness Equipment,Nova,386.44,136,4.0
PROD09247,Product_09247,Sports,Sportswear,Apex,1336.79,469,4.1
PROD09248,Product_09248,Fashion,Jeans,Vertex,1611.39,321,4.3
PROD09249,Product_09249,Home,Table,Nova,1503.02,41,4.4
PROD09250,Product_09250,Fashion,Jeans,Orion,678.94,253,4.5
PROD09251,Product_09251,Sports,Running Gear,PrimeTech,1353.96,198,4.4
PROD09252,Product_09252,Beauty,Fragrance,PrimeTech,476.16,86,2.8
PROD09253,Product_09253,Electronics,Smartwatch,Nova,1135.08,424,2.5
PROD09254,Product_09254,Books,Academic,Zenith,1314.51,285,4.8
PROD09255,Product_09255,Electronics,Headphones,Nova,260.46,146,3.0
PROD09256,Product_09256,Fashion,Jeans,Orion,473.83,469,4.0
PROD09257,Product_09257,Books,Comics,UrbanX,256.64,290,3.1
PROD09258,Product_09258,Books,Fiction,Nova,137.74,54,4.7
PROD09259,Product_09259,Fashion,T-Shirt,PrimeTech,1718.53,411,4.1
PROD09260,Product_09260,Home,Kitchen Appliance,UrbanX,698.09,78,3.0
PROD09261,Product_09261,Sports,Running Gear,Nova,237.89,187,4.8
PROD09262,Product_09262,Home,Table,PrimeTech,483.37,176,4.1
PROD09263,Product_09263,Fashion,Jacket,Vertex,867.68,77,3.8
PROD09264,Product_09264,Books,Comics,UrbanX,238.57,415,2.7
PROD09265,Product_09265,Home,Kitchen Appliance,Orion,959.95,326,3.7
PROD09266,Product_09266,Home,Lamp,Nova,643.1,166,2.9
PROD09267,Product_09267,Sports,Outdoor Gear,Orion,543.45,7,4.5
PROD09268,Product_09268,Home,Chair,Apex,627.62,87,4.3
PROD09269,Product_09269,Fashion,Shoes,Orion,432.33,408,4.8
PROD09270,Product_09270,Books,Academic,Zenith,803.34,444,4.3
PROD09271,Product_09271,Beauty,Makeup,PrimeTech,569.11,482,4.0
PROD09272,Product_09272,Electronics,Smartwatch,PrimeTech,488.49,237,4.3
PROD09273,Product_09273,Home,Lamp,Apex,389.86,108,3.0
PROD09274,Product_09274,Beauty,Fragrance,Nova,1766.15,37,3.7
PROD09275,Product_09275,Home,Table,UrbanX,1752.61,202,4.1
PROD09276,Product_09276,Electronics,Laptop,Orion,322.06,368,2.7
PROD09277,Product_09277,Books,Non-Fiction,Nova,184.56,355,4.3
PROD09278,Product_09278,Home,Kitchen Appliance,Vertex,465.63,336,3.4
PROD09279,Product_09279,Home,Kitchen Appliance,Nova,1431.62,351,3.3
PROD09280,Product_09280,Books,Academic,Nova,283.93,46,4.1
PROD09281,Product_09281,Books,Academic,Apex,677.84,213,4.7
PROD09282,Product_09282,Electronics,Smartphone,Zenith,1002.63,22,3.2
PROD09283,Product_09283,Books,Non-Fiction,Vertex,240.48,110,4.2
PROD09284,Product_09284,Books,Non-Fiction,PrimeTech,347.65,148,4.3
PROD09285,Product_09285,Electronics,Smartphone,Apex,825.62,174,4.2
PROD09286,Product_09286,Home,Lamp,Apex,1904.94,277,4.5
PROD09287,Product_09287,Books,Comics,Vertex,1591.03,142,3.9
PROD09288,Product_09288,Books,Academic,Nova,444.21,351,5.0
PROD09289,Product_09289,Fashion,Jeans,Vertex,180.66,155,3.8
PROD09290,Product_09290,Sports,Outdoor Gear,Zenith,341.04,402,3.8
PROD09291,Product_09291,Fashion,Jacket,Apex,99.0,305,2.6
PROD09292,Product_09292,Books,Non-Fiction,Vertex,1126.82,312,4.5
PROD09293,Product_09293,Electronics,Laptop,PrimeTech,187.2,98,4.9
PROD09294,Product_09294,Home,Chair,Nova,270.09,112,3.8
PROD09295,Product_09295,Books,Non-Fiction,PrimeTech,1269.93,61,3.3
PROD09296,Product_09296,Sports,Running Gear,Vertex,292.92,58,3.4
PROD09297,Product_09297,Fashion,Shoes,Apex,1164.28,7,4.8
PROD09298,Product_09298,Sports,Outdoor Gear,Orion,277.95,240,4.1
PROD09299,Product_09299,Fashion,T-Shirt,Vertex,1327.93,375,4.8
PROD09300,Product_09300,Electronics,Headphones,Vertex,439.99,329,4.1
PROD09301,Product_09301,Home,Lamp,PrimeTech,824.18,305,3.5
PROD09302,Product_09302,Home,Chair,UrbanX,507.98,231,3.6
PROD09303,Product_09303,Home,Kitchen Appliance,Apex,1155.07,197,3.8
PROD09304,Product_09304,Home,Kitchen Appliance,Vertex,1253.94,228,4.0
PROD09305,Product_09305,Sports,Fitness Equipment,Zenith,923.81,312,4.0
PROD09306,Product_09306,Books,Academic,Orion,204.57,349,3.6
PROD09307,Product_09307,Books,Academic,Nova,823.93,65,2.6
PROD09308,Product_09308,Home,Lamp,Orion,1673.88,252,4.0
PROD09309,Product_09309,Fashion,Jacket,PrimeTech,199.06,176,3.8
PROD09310,Product_09310,Electronics,Smartwatch,Orion,915.01,437,4.2
PROD09311,Product_09311,Beauty,Skincare,Apex,568.13,23,4.3
PROD09312,Product_09312,Sports,Sportswear,Nova,1952.74,79,3.3
PROD09313,Product_09313,Beauty,Haircare,Nova,1169.43,431,3.2
PROD09314,Product_09314,Sports,Sportswear,Orion,443.74,283,2.9
PROD09315,Product_09315,Beauty,Fragrance,PrimeTech,401.34,482,3.8
PROD09316,Product_09316,Books,Comics,Zenith,371.67,316,2.7
PROD09317,Product_09317,Sports,Running Gear,Apex,1143.5,462,4.9
PROD09318,Product_09318,Fashion,Shoes,Orion,644.87,242,2.8
PROD09319,Product_09319,Fashion,Jeans,PrimeTech,495.22,423,3.5
PROD09320,Product_09320,Electronics,Smartphone,Nova,555.9,152,2.7
PROD09321,Product_09321,Beauty,Makeup,PrimeTech,801.75,55,4.8
PROD09322,Product_09322,Home,Chair,Orion,806.41,270,3.1
PROD09323,Product_09323,Books,Fiction,Nova,1118.39,469,4.9
PROD09324,Product_09324,Books,Comics,Apex,1095.98,340,4.8
PROD09325,Product_09325,Home,Table,PrimeTech,586.4,495,3.8
PROD09326,Product_09326,Fashion,Jacket,Vertex,168.87,367,4.9
PROD09327,Product_09327,Fashion,T-Shirt,Apex,832.27,330,3.3
PROD09328,Product_09328,Sports,Outdoor Gear,Zenith,498.13,449,4.1
PROD09329,Product_09329,Fashion,T-Shirt,PrimeTech,166.19,499,3.0
PROD09330,Product_09330,Electronics,Smartphone,Apex,135.32,427,4.6
PROD09331,Product_09331,Books,Academic,Vertex,1083.75,19,4.0
PROD09332,Product_09332,Home,Lamp,PrimeTech,327.33,241,4.8
PROD09333,Product_09333,Beauty,Haircare,Vertex,433.69,152,4.0
PROD09334,Product_09334,Home,Kitchen Appliance,PrimeTech,300.06,275,4.0
PROD09335,Product_09335,Electronics,Headphones,Orion,355.55,59,4.3
PROD09336,Product_09336,Fashion,T-Shirt,Orion,322.49,87,2.6
PROD09337,Product_09337,Sports,Sportswear,Orion,227.94,415,3.6
PROD09338,Product_09338,Home,Kitchen Appliance,UrbanX,890.37,145,3.1
PROD09339,Product_09339,Sports,Sportswear,PrimeTech,644.54,1,4.8
PROD09340,Product_09340,Beauty,Skincare,UrbanX,299.24,152,4.8
PROD09341,Product_09341,Home,Lamp,Nova,108.89,72,4.5
PROD09342,Product_09342,Home,Kitchen Appliance,Zenith,551.71,105,4.8
PROD09343,Product_09343,Home,Table,Nova,286.58,358,4.7
PROD09344,Product_09344,Home,Table,Nova,1126.46,370,3.9
PROD09345,Product_09345,Home,Table,UrbanX,291.95,9,4.9
PROD09346,Product_09346,Beauty,Fragrance,Vertex,664.56,203,3.8
PROD09347,Product_09347,Electronics,Headphones,Orion,1113.62,371,5.0
PROD09348,Product_09348,Fashion,Jacket,PrimeTech,317.73,30,4.9
PROD09349,Product_09349,Fashion,Jacket,Apex,1071.96,119,4.8
PROD09350,Product_09350,Electronics,Smartwatch,Apex,505.61,412,3.3
PROD09351,Product_09351,Fashion,Shoes,PrimeTech,549.74,137,3.3
PROD09352,Product_09352,Beauty,Skincare,PrimeTech,426.48,72,3.6
PROD09353,Product_09353,Electronics,Smartwatch,UrbanX,1056.29,447,3.0
PROD09354,Product_09354,Fashion,Jeans,PrimeTech,1899.22,55,2.8
PROD09355,Product_09355,Beauty,Skincare,Vertex,865.94,187,4.2
PROD09356,Product_09356,Electronics,Headphones,Zenith,209.35,33,3.5
PROD09357,Product_09357,Beauty,Haircare,PrimeTech,325.27,188,4.0
PROD09358,Product_09358,Books,Academic,PrimeTech,283.95,350,3.2
PROD09359,Product_09359,Sports,Running Gear,UrbanX,322.79,342,3.3
PROD09360,Product_09360,Electronics,Smartwatch,Nova,889.47,122,4.2
PROD09361,Product_09361,Home,Lamp,Apex,2240.43,78,3.2
PROD09362,Product_09362,Fashion,T-Shirt,Orion,784.33,45,2.9
PROD09363,Product_09363,Electronics,Smartphone,PrimeTech,892.57,440,4.8
PROD09364,Product_09364,Sports,Running Gear,PrimeTech,190.75,328,4.3
PROD09365,Product_09365,Books,Fiction,Zenith,540.07,403,2.9
PROD09366,Product_09366,Sports,Sportswear,UrbanX,741.45,52,3.0
PROD09367,Product_09367,Home,Lamp,Vertex,376.61,354,3.3
PROD09368,Product_09368,Sports,Sportswear,UrbanX,335.38,125,3.7
PROD09369,Product_09369,Home,Chair,UrbanX,268.63,141,2.7
PROD09370,Product_09370,Fashion,T-Shirt,Apex,1154.99,210,3.0
PROD09371,Product_09371,Fashion,Jeans,Zenith,835.71,9,2.5
PROD09372,Product_09372,Home,Chair,Nova,145.1,419,4.0
PROD09373,Product_09373,Fashion,Shoes,Orion,1535.1,144,4.6
PROD09374,Product_09374,Beauty,Makeup,Nova,901.43,25,2.9
PROD09375,Product_09375,Fashion,Jeans,UrbanX,859.39,330,4.7
PROD09376,Product_09376,Home,Lamp,UrbanX,434.45,353,3.5
PROD09377,Product_09377,Beauty,Skincare,Orion,164.65,350,3.3
PROD09378,Product_09378,Sports,Outdoor Gear,UrbanX,587.91,100,3.1
PROD09379,Product_09379,Fashion,Shoes,Zenith,395.11,177,4.9
PROD09380,Product_09380,Fashion,Jeans,Vertex,569.71,71,3.1
PROD09381,Product_09381,Fashion,T-Shirt,Orion,1892.97,54,3.4
PROD09382,Product_09382,Electronics,Headphones,Vertex,546.5,74,2.7
PROD09383,Product_09383,Sports,Outdoor Gear,Zenith,3816.21,7,4.9
PROD09384,Product_09384,Fashion,Jacket,Zenith,527.33,222,2.6
PROD09385,Product_09385,Home,Kitchen Appliance,Orion,438.98,431,3.4
PROD09386,Product_09386,Home,Table,Apex,1228.76,43,3.0
PROD09387,Product_09387,Books,Non-Fiction,Orion,534.31,456,3.3
PROD09388,Product_09388,Electronics,Laptop,Nova,405.13,265,2.9
PROD09389,Product_09389,Home,Chair,PrimeTech,556.86,19,3.2
PROD09390,Product_09390,Fashion,Shoes,Orion,130.95,139,3.3
PROD09391,Product_09391,Sports,Running Gear,Zenith,179.71,429,3.2
PROD09392,Product_09392,Electronics,Headphones,PrimeTech,628.76,327,4.0
PROD09393,Product_09393,Beauty,Fragrance,UrbanX,386.24,374,3.5
PROD09394,Product_09394,Beauty,Makeup,Zenith,649.53,387,3.2
PROD09395,Product_09395,Fashion,Jeans,Apex,128.17,44,3.8
PROD09396,Product_09396,Books,Comics,Orion,469.66,459,3.2
PROD09397,Product_09397,Fashion,Jeans,Zenith,424.11,193,4.1
PROD09398,Product_09398,Home,Lamp,Zenith,646.3,283,4.7
PROD09399,Product_09399,Home,Lamp,Orion,712.22,59,4.7
PROD09400,Product_09400,Home,Kitchen Appliance,UrbanX,544.34,61,2.9
PROD09401,Product_09401,Books,Fiction,UrbanX,226.88,303,2.7
PROD09402,Product_09402,Sports,Outdoor Gear,Apex,966.36,303,4.4
PROD09403,Product_09403,Home,Table,Apex,492.55,197,4.8
PROD09404,Product_09404,Sports,Sportswear,Nova,558.95,220,3.8
PROD09405,Product_09405,Home,Lamp,Apex,556.84,226,2.7
PROD09406,Product_09406,Beauty,Fragrance,Apex,692.47,214,4.2
PROD09407,Product_09407,Home,Kitchen Appliance,UrbanX,467.92,260,2.8
PROD09408,Product_09408,Home,Chair,Vertex,368.09,187,3.6
PROD09409,Product_09409,Fashion,T-Shirt,PrimeTech,821.54,91,4.2
PROD09410,Product_09410,Fashion,T-Shirt,PrimeTech,199.47,236,4.7
PROD09411,Product_09411,Beauty,Makeup,Apex,523.97,221,3.8
PROD09412,Product_09412,Electronics,Headphones,PrimeTech,786.09,59,3.3
PROD09413,Product_09413,Books,Academic,Orion,331.71,459,3.7
PROD09414,Product_09414,Electronics,Smartwatch,Apex,350.69,405,2.9
PROD09415,Product_09415,Fashion,Shoes,Zenith,328.49,316,3.7
PROD09416,Product_09416,Electronics,Laptop,Vertex,395.93,373,4.0
PROD09417,Product_09417,Fashion,Jeans,PrimeTech,233.91,206,3.2
PROD09418,Product_09418,Home,Chair,Zenith,457.59,298,3.5
PROD09419,Product_09419,Electronics,Laptop,Vertex,113.18,460,4.8
PROD09420,Product_09420,Sports,Fitness Equipment,PrimeTech,2187.87,1,2.6
PROD09421,Product_09421,Fashion,Shoes,PrimeTech,836.7,281,4.7
PROD09422,Product_09422,Electronics,Laptop,UrbanX,738.67,84,4.6
PROD09423,Product_09423,Sports,Outdoor Gear,Apex,1451.31,465,3.4
PROD09424,Product_09424,Books,Comics,Zenith,376.63,105,3.2
PROD09425,Product_09425,Beauty,Makeup,PrimeTech,1016.64,117,4.3
PROD09426,Product_09426,Electronics,Headphones,Nova,296.39,172,4.7
PROD09427,Product_09427,Home,Table,Vertex,294.75,48,2.6
PROD09428,Product_09428,Electronics,Headphones,UrbanX,1565.97,124,3.8
PROD09429,Product_09429,Sports,Fitness Equipment,Vertex,129.75,189,3.2
PROD09430,Product_09430,Home,Table,Nova,458.85,256,2.9
PROD09431,Product_09431,Books,Fiction,Apex,220.46,262,3.7
PROD09432,Product_09432,Beauty,Skincare,Zenith,778.8,286,2.8
PROD09433,Product_09433,Sports,Sportswear,Apex,1552.98,499,3.8
PROD09434,Product_09434,Books,Academic,UrbanX,114.05,109,2.6
PROD09435,Product_09435,Electronics,Laptop,Vertex,277.09,251,3.9
PROD09436,Product_09436,Sports,Fitness Equipment,Apex,447.41,400,3.3
PROD09437,Product_09437,Beauty,Makeup,Vertex,1249.57,82,4.6
PROD09438,Product_09438,Sports,Fitness Equipment,Vertex,202.75,199,3.8
PROD09439,Product_09439,Beauty,Skincare,Apex,841.46,354,3.9
PROD09440,Product_09440,Sports,Sportswear,Nova,492.82,89,4.3
PROD09441,Product_09441,Electronics,Smartwatch,PrimeTech,322.1,321,3.0
PROD09442,Product_09442,Sports,Running Gear,Nova,1002.06,125,2.7
PROD09443,Product_09443,Sports,Fitness Equipment,Nova,545.97,224,4.7
PROD09444,Product_09444,Sports,Fitness Equipment,UrbanX,2801.02,332,4.8
PROD09445,Product_09445,Electronics,Laptop,Orion,631.52,213,4.3
PROD09446,Product_09446,Beauty,Skincare,Zenith,234.29,308,4.6
PROD09447,Product_09447,Home,Lamp,PrimeTech,243.77,44,4.1
PROD09448,Product_09448,Home,Table,Zenith,864.06,69,3.9
PROD09449,Product_09449,Fashion,Shoes,Orion,372.62,228,4.2
PROD09450,Product_09450,Home,Lamp,UrbanX,99.0,348,4.3
PROD09451,Product_09451,Books,Academic,PrimeTech,292.09,338,2.9
PROD09452,Product_09452,Books,Non-Fiction,Apex,774.36,190,4.6
PROD09453,Product_09453,Sports,Outdoor Gear,PrimeTech,514.55,47,4.8
PROD09454,Product_09454,Beauty,Skincare,UrbanX,443.05,155,4.0
PROD09455,Product_09455,Books,Non-Fiction,Nova,167.19,436,3.4
PROD09456,Product_09456,Books,Fiction,PrimeTech,236.84,249,3.1
PROD09457,Product_09457,Books,Academic,Orion,253.88,198,4.0
PROD09458,Product_09458,Electronics,Smartphone,Orion,2369.45,43,2.7
PROD09459,Product_09459,Fashion,T-Shirt,Apex,154.33,144,4.8
PROD09460,Product_09460,Books,Fiction,Orion,1074.83,291,3.7
PROD09461,Product_09461,Sports,Sportswear,Orion,1707.05,459,4.5
PROD09462,Product_09462,Beauty,Fragrance,Orion,227.6,384,4.8
PROD09463,Product_09463,Sports,Running Gear,Orion,567.19,134,3.0
PROD09464,Product_09464,Home,Table,Apex,378.48,215,4.3
PROD09465,Product_09465,Sports,Running Gear,Zenith,234.07,253,4.4
PROD09466,Product_09466,Electronics,Headphones,Nova,532.79,103,4.8
PROD09467,Product_09467,Sports,Running Gear,Apex,537.88,458,3.5
PROD09468,Product_09468,Sports,Running Gear,Vertex,716.74,359,2.7
PROD09469,Product_09469,Electronics,Headphones,UrbanX,863.55,129,4.3
PROD09470,Product_09470,Home,Lamp,Apex,633.03,424,2.9
PROD09471,Product_09471,Beauty,Makeup,Orion,805.9,54,3.6
PROD09472,Product_09472,Books,Non-Fiction,PrimeTech,764.51,57,4.8
PROD09473,Product_09473,Electronics,Smartwatch,Nova,826.98,289,2.7
PROD09474,Product_09474,Electronics,Smartwatch,Vertex,770.96,273,3.8
PROD09475,Product_09475,Home,Table,Orion,341.74,112,2.6
PROD09476,Product_09476,Sports,Sportswear,Vertex,1701.3,132,4.6
PROD09477,Product_09477,Sports,Running Gear,Nova,1716.91,364,2.9
PROD09478,Product_09478,Books,Comics,Nova,1146.38,339,2.6
PROD09479,Product_09479,Electronics,Smartphone,Nova,1631.76,388,3.8
PROD09480,Product_09480,Home,Kitchen Appliance,Orion,975.26,445,3.9
PROD09481,Product_09481,Home,Table,Vertex,589.25,265,4.1
PROD09482,Product_09482,Books,Non-Fiction,PrimeTech,239.29,290,4.7
PROD09483,Product_09483,Beauty,Haircare,PrimeTech,1149.88,173,2.6
PROD09484,Product_09484,Books,Comics,Nova,184.39,36,4.1
PROD09485,Product_09485,Home,Chair,Zenith,514.57,499,2.7
PROD09486,Product_09486,Beauty,Haircare,Apex,1796.47,488,4.5
PROD09487,Product_09487,Fashion,T-Shirt,UrbanX,684.56,223,3.4
PROD09488,Product_09488,Sports,Fitness Equipment,Zenith,406.4,291,3.6
PROD09489,Product_09489,Books,Comics,PrimeTech,1402.81,413,3.9
PROD09490,Product_09490,Books,Fiction,Vertex,297.34,182,4.8
PROD09491,Product_09491,Beauty,Fragrance,UrbanX,701.81,323,4.7
PROD09492,Product_09492,Beauty,Makeup,Apex,1166.27,137,4.0
PROD09493,Product_09493,Beauty,Haircare,Nova,405.88,102,3.3
PROD09494,Product_09494,Sports,Running Gear,Orion,223.39,102,4.9
PROD09495,Product_09495,Beauty,Skincare,UrbanX,1289.07,179,4.4
PROD09496,Product_09496,Books,Fiction,Orion,323.14,152,4.6
PROD09497,Product_09497,Fashion,Jeans,Nova,385.37,117,3.3
PROD09498,Product_09498,Electronics,Headphones,Vertex,235.68,434,2.5
PROD09499,Product_09499,Books,Comics,Nova,420.74,329,4.3
PROD09500,Product_09500,Electronics,Headphones,UrbanX,241.14,260,3.3
PROD09501,Product_09501,Beauty,Fragrance,Zenith,519.1,246,4.9
PROD09502,Product_09502,Books,Academic,Vertex,1354.09,341,3.9
PROD09503,Product_09503,Home,Lamp,Orion,848.01,18,5.0
PROD09504,Product_09504,Fashion,Jacket,Apex,242.59,340,2.6
PROD09505,Product_09505,Home,Kitchen Appliance,Nova,115.2,99,3.5
PROD09506,Product_09506,Books,Non-Fiction,UrbanX,391.49,83,4.2
PROD09507,Product_09507,Books,Fiction,Orion,905.27,495,3.1
PROD09508,Product_09508,Electronics,Smartphone,Nova,279.27,478,3.2
PROD09509,Product_09509,Home,Table,UrbanX,1157.52,277,4.3
PROD09510,Product_09510,Sports,Running Gear,Vertex,2151.13,53,4.1
PROD09511,Product_09511,Electronics,Smartwatch,Apex,1661.65,225,2.6
PROD09512,Product_09512,Fashion,Jeans,Vertex,201.39,371,3.1
PROD09513,Product_09513,Books,Fiction,Nova,601.67,63,4.2
PROD09514,Product_09514,Beauty,Makeup,Zenith,131.82,411,3.0
PROD09515,Product_09515,Sports,Running Gear,Nova,624.46,10,4.7
PROD09516,Product_09516,Sports,Running Gear,Orion,2016.9,32,3.3
PROD09517,Product_09517,Fashion,T-Shirt,Zenith,1056.01,274,3.3
PROD09518,Product_09518,Beauty,Haircare,Orion,271.34,310,5.0
PROD09519,Product_09519,Home,Table,Orion,372.9,328,2.8
PROD09520,Product_09520,Books,Academic,Orion,1471.79,425,3.7
PROD09521,Product_09521,Home,Kitchen Appliance,Apex,1064.99,14,2.8
PROD09522,Product_09522,Electronics,Laptop,UrbanX,114.96,457,3.8
PROD09523,Product_09523,Fashion,Jeans,Orion,585.89,30,3.1
PROD09524,Product_09524,Home,Chair,PrimeTech,432.95,174,3.5
PROD09525,Product_09525,Home,Table,Zenith,727.65,415,4.8
PROD09526,Product_09526,Electronics,Smartphone,UrbanX,449.77,338,2.8
PROD09527,Product_09527,Home,Lamp,Orion,265.3,415,3.8
PROD09528,Product_09528,Home,Kitchen Appliance,Vertex,294.8,329,3.9
PROD09529,Product_09529,Electronics,Headphones,Apex,221.28,42,2.9
PROD09530,Product_09530,Electronics,Smartwatch,Zenith,662.41,189,5.0
PROD09531,Product_09531,Fashion,Jeans,Orion,1015.8,5,2.6
PROD09532,Product_09532,Beauty,Makeup,Apex,1747.86,432,4.9
PROD09533,Product_09533,Electronics,Smartphone,Apex,751.2,155,2.9
PROD09534,Product_09534,Fashion,T-Shirt,PrimeTech,150.01,160,4.3
PROD09535,Product_09535,Beauty,Haircare,Orion,1711.03,284,3.3
PROD09536,Product_09536,Fashion,Shoes,Nova,1836.96,456,4.2
PROD09537,Product_09537,Books,Academic,PrimeTech,948.25,416,2.6
PROD09538,Product_09538,Fashion,Jacket,Orion,650.42,243,4.4
PROD09539,Product_09539,Sports,Fitness Equipment,UrbanX,612.27,72,3.2
PROD09540,Product_09540,Home,Lamp,Orion,443.11,267,3.5
PROD09541,Product_09541,Beauty,Haircare,Apex,263.43,220,4.7
PROD09542,Product_09542,Books,Non-Fiction,PrimeTech,621.75,237,4.1
PROD09543,Product_09543,Fashion,Jacket,Zenith,609.17,104,4.8
PROD09544,Product_09544,Fashion,Jacket,PrimeTech,791.06,416,4.9
PROD09545,Product_09545,Beauty,Haircare,Apex,150.78,319,3.6
PROD09546,Product_09546,Sports,Running Gear,PrimeTech,539.11,91,2.7
PROD09547,Product_09547,Beauty,Haircare,Vertex,200.04,70,3.8
PROD09548,Product_09548,Sports,Fitness Equipment,Nova,545.41,206,3.9
PROD09549,Product_09549,Electronics,Headphones,Orion,398.12,205,3.0
PROD09550,Product_09550,Fashion,Shoes,UrbanX,412.78,476,3.7
PROD09551,Product_09551,Books,Comics,Vertex,533.93,125,4.1
PROD09552,Product_09552,Sports,Running Gear,UrbanX,625.4,37,4.0
PROD09553,Product_09553,Sports,Fitness Equipment,PrimeTech,623.88,157,3.2
PROD09554,Product_09554,Fashion,Shoes,Orion,695.07,491,4.1
PROD09555,Product_09555,Electronics,Smartphone,PrimeTech,322.77,432,4.9
PROD09556,Product_09556,Beauty,Skincare,PrimeTech,491.69,218,3.2
PROD09557,Product_09557,Electronics,Laptop,Nova,945.28,155,4.6
PROD09558,Product_09558,Home,Table,UrbanX,373.85,259,4.9
PROD09559,Product_09559,Fashion,Jeans,Nova,982.52,432,4.9
PROD09560,Product_09560,Beauty,Fragrance,UrbanX,1689.42,290,3.2
PROD09561,Product_09561,Home,Lamp,Orion,585.0,402,4.3
PROD09562,Product_09562,Sports,Sportswear,Orion,445.94,428,5.0
PROD09563,Product_09563,Books,Non-Fiction,Orion,208.5,75,4.1
PROD09564,Product_09564,Books,Comics,Vertex,217.71,482,3.3
PROD09565,Product_09565,Fashion,Jacket,PrimeTech,394.63,420,3.6
PROD09566,Product_09566,Electronics,Laptop,Apex,477.37,41,4.5
PROD09567,Product_09567,Sports,Running Gear,Orion,1767.99,114,3.5
PROD09568,Product_09568,Electronics,Headphones,Zenith,679.84,252,3.8
PROD09569,Product_09569,Electronics,Smartwatch,UrbanX,504.09,395,3.1
PROD09570,Product_09570,Electronics,Laptop,Zenith,1583.54,127,2.7
PROD09571,Product_09571,Sports,Sportswear,Apex,569.14,294,2.9
PROD09572,Product_09572,Books,Non-Fiction,Zenith,638.7,329,4.9
PROD09573,Product_09573,Electronics,Laptop,PrimeTech,288.01,232,3.7
PROD09574,Product_09574,Sports,Outdoor Gear,Nova,1241.97,1,4.5
PROD09575,Product_09575,Sports,Fitness Equipment,Orion,686.05,412,4.7
PROD09576,Product_09576,Sports,Running Gear,PrimeTech,869.69,25,3.1
PROD09577,Product_09577,Fashion,Jeans,Vertex,813.28,41,2.8
PROD09578,Product_09578,Beauty,Haircare,Nova,2348.65,2,3.8
PROD09579,Product_09579,Electronics,Smartphone,UrbanX,1003.13,13,4.9
PROD09580,Product_09580,Electronics,Smartphone,Apex,1554.1,213,3.0
PROD09581,Product_09581,Fashion,Jeans,Apex,696.6,485,3.1
PROD09582,Product_09582,Home,Chair,Zenith,1226.13,225,4.5
PROD09583,Product_09583,Electronics,Headphones,Vertex,429.91,107,4.5
PROD09584,Product_09584,Home,Chair,Apex,935.9,35,3.3
PROD09585,Product_09585,Sports,Running Gear,Orion,530.82,183,3.4
PROD09586,Product_09586,Sports,Outdoor Gear,Zenith,220.45,55,4.2
PROD09587,Product_09587,Fashion,T-Shirt,PrimeTech,822.48,131,3.0
PROD09588,Product_09588,Fashion,Shoes,PrimeTech,952.97,434,4.3
PROD09589,Product_09589,Beauty,Haircare,PrimeTech,1171.93,430,3.9
PROD09590,Product_09590,Sports,Running Gear,PrimeTech,299.97,328,3.8
PROD09591,Product_09591,Sports,Fitness Equipment,Orion,285.96,14,4.4
PROD09592,Product_09592,Electronics,Smartphone,Zenith,645.48,249,2.8
PROD09593,Product_09593,Beauty,Makeup,Orion,485.88,276,2.9
PROD09594,Product_09594,Beauty,Skincare,Vertex,909.9,420,4.6
PROD09595,Product_09595,Beauty,Fragrance,PrimeTech,672.4,288,4.3
PROD09596,Product_09596,Books,Non-Fiction,Zenith,632.21,16,5.0
PROD09597,Product_09597,Sports,Outdoor Gear,PrimeTech,901.53,441,4.9
PROD09598,Product_09598,Fashion,Jacket,UrbanX,273.17,429,4.5
PROD09599,Product_09599,Beauty,Fragrance,Nova,531.51,358,3.5
PROD09600,Product_09600,Sports,Fitness Equipment,Zenith,419.07,343,4.6
PROD09601,Product_09601,Home,Chair,Orion,2546.5,31,4.9
PROD09602,Product_09602,Home,Table,Apex,1098.39,239,4.5
PROD09603,Product_09603,Fashion,Jacket,Zenith,768.61,174,3.4
PROD09604,Product_09604,Sports,Fitness Equipment,Apex,177.4,12,4.0
PROD09605,Product_09605,Fashion,Shoes,PrimeTech,582.04,464,3.3
PROD09606,Product_09606,Fashion,T-Shirt,UrbanX,1015.71,274,4.7
PROD09607,Product_09607,Fashion,Shoes,Vertex,106.72,188,2.7
PROD09608,Product_09608,Home,Chair,Zenith,434.26,490,4.9
PROD09609,Product_09609,Electronics,Smartwatch,Orion,521.82,164,3.1
PROD09610,Product_09610,Sports,Fitness Equipment,Orion,1105.61,483,3.4
PROD09611,Product_09611,Electronics,Laptop,Apex,254.15,367,3.5
PROD09612,Product_09612,Books,Comics,PrimeTech,256.79,465,4.8
PROD09613,Product_09613,Beauty,Skincare,Zenith,519.98,287,5.0
PROD09614,Product_09614,Beauty,Haircare,Apex,582.21,9,2.9
PROD09615,Product_09615,Books,Non-Fiction,Vertex,912.43,317,4.8
PROD09616,Product_09616,Fashion,T-Shirt,Orion,703.4,443,4.6
PROD09617,Product_09617,Sports,Sportswear,Zenith,157.15,327,4.3
PROD09618,Product_09618,Electronics,Smartphone,PrimeTech,587.34,454,2.6
PROD09619,Product_09619,Books,Comics,Vertex,459.18,24,3.8
PROD09620,Product_09620,Fashion,Jacket,Orion,99.0,409,4.3
PROD09621,Product_09621,Electronics,Smartphone,Nova,783.55,339,4.0
PROD09622,Product_09622,Sports,Running Gear,Apex,414.81,372,4.9
PROD09623,Product_09623,Home,Lamp,UrbanX,305.23,349,3.6
PROD09624,Product_09624,Electronics,Smartphone,Apex,337.74,156,2.7
PROD09625,Product_09625,Sports,Sportswear,Orion,968.01,208,3.0
PROD09626,Product_09626,Beauty,Haircare,Nova,261.24,297,4.9
PROD09627,Product_09627,Electronics,Laptop,Nova,963.08,165,2.7
PROD09628,Product_09628,Fashion,T-Shirt,Zenith,1074.99,85,4.1
PROD09629,Product_09629,Electronics,Headphones,Vertex,713.15,126,4.1
PROD09630,Product_09630,Sports,Sportswear,PrimeTech,676.3,14,3.7
PROD09631,Product_09631,Books,Academic,PrimeTech,917.65,426,5.0
PROD09632,Product_09632,Home,Table,Zenith,353.46,282,2.6
PROD09633,Product_09633,Electronics,Smartwatch,Zenith,663.94,288,4.6
PROD09634,Product_09634,Home,Kitchen Appliance,UrbanX,209.25,99,2.7
PROD09635,Product_09635,Beauty,Skincare,UrbanX,485.6,361,4.3
PROD09636,Product_09636,Books,Fiction,Vertex,1823.37,471,3.2
PROD09637,Product_09637,Home,Kitchen Appliance,Apex,267.23,124,4.8
PROD09638,Product_09638,Beauty,Fragrance,Zenith,821.55,234,3.6
PROD09639,Product_09639,Sports,Running Gear,Apex,230.53,405,4.9
PROD09640,Product_09640,Electronics,Headphones,PrimeTech,815.11,98,2.9
PROD09641,Product_09641,Fashion,Jeans,UrbanX,2519.16,352,4.4
PROD09642,Product_09642,Beauty,Fragrance,Vertex,656.23,311,3.2
PROD09643,Product_09643,Home,Lamp,Orion,901.24,202,4.0
PROD09644,Product_09644,Home,Table,PrimeTech,513.84,463,4.3
PROD09645,Product_09645,Sports,Outdoor Gear,Orion,1020.83,277,4.5
PROD09646,Product_09646,Beauty,Fragrance,Zenith,268.14,138,3.9
PROD09647,Product_09647,Beauty,Makeup,Apex,367.95,17,2.5
PROD09648,Product_09648,Sports,Running Gear,Zenith,3208.67,413,2.7
PROD09649,Product_09649,Home,Table,Orion,478.32,117,3.2
PROD09650,Product_09650,Fashion,Shoes,Zenith,305.43,229,3.2
PROD09651,Product_09651,Home,Lamp,UrbanX,709.81,426,4.2
PROD09652,Product_09652,Beauty,Makeup,Nova,314.05,31,2.7
PROD09653,Product_09653,Beauty,Makeup,Orion,497.48,8,3.6
PROD09654,Product_09654,Fashion,Jacket,UrbanX,414.97,42,3.3
PROD09655,Product_09655,Home,Chair,Vertex,1040.8,71,4.5
PROD09656,Product_09656,Fashion,Jeans,Nova,381.3,418,4.4
PROD09657,Product_09657,Home,Chair,Orion,303.57,367,4.6
PROD09658,Product_09658,Electronics,Smartwatch,Vertex,954.24,99,3.3
PROD09659,Product_09659,Books,Non-Fiction,UrbanX,541.7,79,5.0
PROD09660,Product_09660,Beauty,Skincare,Nova,452.95,435,4.2
PROD09661,Product_09661,Books,Comics,Nova,1060.27,401,3.4
PROD09662,Product_09662,Electronics,Smartwatch,UrbanX,134.53,398,3.6
PROD09663,Product_09663,Sports,Running Gear,Orion,313.2,78,4.1
PROD09664,Product_09664,Electronics,Headphones,Nova,99.0,245,2.9
PROD09665,Product_09665,Home,Chair,Zenith,676.24,56,4.2
PROD09666,Product_09666,Sports,Outdoor Gear,Apex,302.59,483,3.0
PROD09667,Product_09667,Beauty,Skincare,Apex,207.53,267,4.5
PROD09668,Product_09668,Fashion,Shoes,Orion,454.23,260,3.4
PROD09669,Product_09669,Home,Table,PrimeTech,701.35,314,4.7
PROD09670,Product_09670,Sports,Sportswear,Orion,423.87,225,4.0
PROD09671,Product_09671,Books,Comics,UrbanX,263.53,355,2.9
PROD09672,Product_09672,Electronics,Smartwatch,Orion,2139.11,111,2.6
PROD09673,Product_09673,Beauty,Makeup,Nova,1452.7,331,4.2
PROD09674,Product_09674,Fashion,T-Shirt,Orion,242.2,134,3.5
PROD09675,Product_09675,Beauty,Skincare,Apex,223.68,338,3.1
PROD09676,Product_09676,Books,Fiction,UrbanX,1990.6,3,4.5
PROD09677,Product_09677,Fashion,T-Shirt,UrbanX,2757.94,41,4.3
PROD09678,Product_09678,Beauty,Skincare,Vertex,755.89,400,3.0
PROD09679,Product_09679,Beauty,Makeup,Nova,154.62,497,3.5
PROD09680,Product_09680,Home,Kitchen Appliance,Zenith,290.78,131,3.8
PROD09681,Product_09681,Sports,Sportswear,Zenith,99.0,2,2.8
PROD09682,Product_09682,Books,Fiction,Apex,775.71,162,3.4
PROD09683,Product_09683,Beauty,Haircare,Vertex,449.49,38,3.6
PROD09684,Product_09684,Electronics,Headphones,Vertex,242.72,35,4.9
PROD09685,Product_09685,Beauty,Haircare,Apex,198.25,319,3.9
PROD09686,Product_09686,Fashion,Shoes,UrbanX,4434.39,324,2.6
PROD09687,Product_09687,Beauty,Skincare,Apex,553.74,229,4.9
PROD09688,Product_09688,Electronics,Smartphone,Vertex,716.88,292,4.1
PROD09689,Product_09689,Books,Academic,Zenith,1141.13,146,2.9
PROD09690,Product_09690,Sports,Fitness Equipment,PrimeTech,156.63,166,4.6
PROD09691,Product_09691,Fashion,Jeans,UrbanX,366.92,215,4.9
PROD09692,Product_09692,Books,Fiction,Orion,205.77,270,4.1
PROD09693,Product_09693,Electronics,Headphones,Vertex,597.94,308,4.9
PROD09694,Product_09694,Home,Lamp,Zenith,430.57,442,3.8
PROD09695,Product_09695,Fashion,T-Shirt,Zenith,912.76,148,2.6
PROD09696,Product_09696,Books,Fiction,PrimeTech,1813.98,383,3.4
PROD09697,Product_09697,Beauty,Fragrance,Orion,243.06,170,4.4
PROD09698,Product_09698,Electronics,Smartphone,UrbanX,1957.69,139,4.5
PROD09699,Product_09699,Fashion,Jacket,Vertex,286.14,139,4.1
PROD09700,Product_09700,Sports,Running Gear,Apex,421.04,65,2.9
PROD09701,Product_09701,Sports,Fitness Equipment,UrbanX,573.7,62,3.0
PROD09702,Product_09702,Fashion,Jeans,UrbanX,2668.12,381,3.1
PROD09703,Product_09703,Sports,Outdoor Gear,UrbanX,419.11,6,2.7
PROD09704,Product_09704,Books,Academic,UrbanX,147.3,291,4.8
PROD09705,Product_09705,Electronics,Headphones,Apex,779.38,334,3.4
PROD09706,Product_09706,Books,Academic,Vertex,448.97,188,2.9
PROD09707,Product_09707,Beauty,Fragrance,Zenith,553.35,434,4.4
PROD09708,Product_09708,Home,Kitchen Appliance,Apex,689.52,485,4.7
PROD09709,Product_09709,Home,Chair,Nova,471.51,70,3.5
PROD09710,Product_09710,Electronics,Smartwatch,PrimeTech,717.23,414,2.7
PROD09711,Product_09711,Electronics,Smartwatch,Nova,516.85,296,4.1
PROD09712,Product_09712,Beauty,Makeup,Apex,196.0,433,3.1
PROD09713,Product_09713,Home,Kitchen Appliance,PrimeTech,233.05,390,3.7
PROD09714,Product_09714,Beauty,Makeup,Apex,951.09,291,3.4
PROD09715,Product_09715,Sports,Fitness Equipment,Apex,2370.45,82,2.8
PROD09716,Product_09716,Fashion,Jacket,Zenith,257.73,379,2.9
PROD09717,Product_09717,Electronics,Laptop,Apex,517.69,372,4.9
PROD09718,Product_09718,Home,Lamp,Vertex,1088.5,441,3.7
PROD09719,Product_09719,Electronics,Headphones,Zenith,1143.12,338,4.9
PROD09720,Product_09720,Sports,Running Gear,Apex,220.04,379,3.3
PROD09721,Product_09721,Electronics,Smartwatch,Zenith,571.05,7,4.0
PROD09722,Product_09722,Electronics,Smartphone,Zenith,788.46,362,4.6
PROD09723,Product_09723,Home,Lamp,PrimeTech,105.15,413,2.6
PROD09724,Product_09724,Sports,Sportswear,Apex,500.96,447,3.3
PROD09725,Product_09725,Books,Non-Fiction,Apex,1296.5,416,4.3
PROD09726,Product_09726,Books,Academic,PrimeTech,1121.81,334,3.1
PROD09727,Product_09727,Sports,Fitness Equipment,Vertex,1100.65,302,4.7
PROD09728,Product_09728,Fashion,Jeans,Nova,661.71,219,3.7
PROD09729,Product_09729,Fashion,T-Shirt,Zenith,1169.31,402,4.2
PROD09730,Product_09730,Sports,Outdoor Gear,PrimeTech,1436.75,466,4.5
PROD09731,Product_09731,Home,Kitchen Appliance,Apex,188.58,162,3.6
PROD09732,Product_09732,Electronics,Smartwatch,Orion,2228.04,407,4.8
PROD09733,Product_09733,Home,Lamp,UrbanX,316.97,208,3.2
PROD09734,Product_09734,Books,Comics,Nova,3735.8,329,3.7
PROD09735,Product_09735,Electronics,Smartwatch,PrimeTech,651.47,323,3.0
PROD09736,Product_09736,Beauty,Skincare,Apex,358.88,431,3.0
PROD09737,Product_09737,Fashion,Shoes,Nova,1874.36,84,3.7
PROD09738,Product_09738,Electronics,Smartphone,Apex,137.48,447,4.5
PROD09739,Product_09739,Home,Chair,Apex,1218.06,173,4.7
PROD09740,Product_09740,Beauty,Fragrance,Orion,1999.0,128,2.9
PROD09741,Product_09741,Beauty,Makeup,UrbanX,1089.57,495,3.4
PROD09742,Product_09742,Books,Non-Fiction,PrimeTech,525.3,498,4.9
PROD09743,Product_09743,Beauty,Makeup,Apex,649.39,70,2.8
PROD09744,Product_09744,Books,Academic,Apex,571.2,116,4.5
PROD09745,Product_09745,Home,Chair,UrbanX,528.71,306,3.4
PROD09746,Product_09746,Beauty,Fragrance,Apex,745.91,285,3.1
PROD09747,Product_09747,Sports,Fitness Equipment,PrimeTech,168.69,114,3.3
PROD09748,Product_09748,Fashion,Jeans,Vertex,258.75,355,4.2
PROD09749,Product_09749,Fashion,T-Shirt,Nova,394.83,14,4.3
PROD09750,Product_09750,Home,Lamp,Vertex,477.0,222,3.1
PROD09751,Product_09751,Home,Chair,Nova,829.23,341,4.0
PROD09752,Product_09752,Beauty,Skincare,PrimeTech,750.33,496,2.7
PROD09753,Product_09753,Books,Comics,PrimeTech,800.6,241,4.8
PROD09754,Product_09754,Beauty,Fragrance,Orion,545.05,285,3.9
PROD09755,Product_09755,Home,Lamp,Vertex,685.73,122,5.0
PROD09756,Product_09756,Books,Academic,Apex,354.79,372,2.8
PROD09757,Product_09757,Electronics,Smartphone,Apex,703.98,377,3.6
PROD09758,Product_09758,Beauty,Makeup,Apex,183.98,59,3.8
PROD09759,Product_09759,Fashion,Shoes,Vertex,1806.71,220,3.5
PROD09760,Product_09760,Sports,Sportswear,Orion,707.57,282,4.1
PROD09761,Product_09761,Electronics,Laptop,PrimeTech,1849.82,297,3.7
PROD09762,Product_09762,Sports,Sportswear,UrbanX,254.08,454,4.0
PROD09763,Product_09763,Books,Fiction,UrbanX,486.48,149,4.9
PROD09764,Product_09764,Books,Fiction,Vertex,228.45,247,3.7
PROD09765,Product_09765,Home,Lamp,PrimeTech,928.21,392,4.6
PROD09766,Product_09766,Beauty,Fragrance,UrbanX,374.38,89,3.4
PROD09767,Product_09767,Books,Academic,Zenith,905.28,77,3.1
PROD09768,Product_09768,Home,Kitchen Appliance,Nova,633.89,492,2.9
PROD09769,Product_09769,Electronics,Headphones,UrbanX,853.89,239,4.1
PROD09770,Product_09770,Beauty,Haircare,PrimeTech,696.51,38,2.6
PROD09771,Product_09771,Home,Kitchen Appliance,Vertex,439.13,331,2.8
PROD09772,Product_09772,Home,Lamp,Apex,417.99,79,4.5
PROD09773,Product_09773,Books,Academic,Apex,899.92,211,4.5
PROD09774,Product_09774,Home,Lamp,Vertex,975.53,416,2.5
PROD09775,Product_09775,Books,Non-Fiction,PrimeTech,322.84,404,4.9
PROD09776,Product_09776,Electronics,Smartwatch,UrbanX,237.99,125,3.7
PROD09777,Product_09777,Fashion,Jacket,Nova,219.4,440,3.3
PROD09778,Product_09778,Beauty,Makeup,Vertex,425.0,57,4.0
PROD09779,Product_09779,Beauty,Fragrance,UrbanX,526.76,332,3.1
PROD09780,Product_09780,Beauty,Haircare,PrimeTech,764.52,335,2.8
PROD09781,Product_09781,Home,Table,UrbanX,223.22,283,4.7
PROD09782,Product_09782,Beauty,Fragrance,Apex,282.57,478,2.8
PROD09783,Product_09783,Books,Fiction,PrimeTech,858.92,319,3.3
PROD09784,Product_09784,Books,Comics,PrimeTech,408.12,488,4.3
PROD09785,Product_09785,Electronics,Headphones,Vertex,529.25,128,4.8
PROD09786,Product_09786,Home,Chair,Apex,778.28,365,2.7
PROD09787,Product_09787,Beauty,Makeup,Apex,221.54,222,4.2
PROD09788,Product_09788,Beauty,Haircare,Nova,945.88,144,4.2
PROD09789,Product_09789,Beauty,Makeup,Zenith,151.75,180,3.2
PROD09790,Product_09790,Books,Comics,Vertex,514.66,155,4.7
PROD09791,Product_09791,Fashion,Shoes,Nova,510.08,130,3.6
PROD09792,Product_09792,Books,Non-Fiction,PrimeTech,220.91,319,3.1
PROD09793,Product_09793,Electronics,Headphones,Apex,206.83,88,3.8
PROD09794,Product_09794,Electronics,Smartphone,Nova,1015.65,317,3.1
PROD09795,Product_09795,Home,Table,Orion,611.35,271,4.2
PROD09796,Product_09796,Sports,Sportswear,Nova,783.98,201,3.0
PROD09797,Product_09797,Home,Lamp,Orion,1557.39,280,4.6
PROD09798,Product_09798,Fashion,Jeans,Vertex,514.86,239,4.3
PROD09799,Product_09799,Sports,Fitness Equipment,PrimeTech,926.25,315,5.0
PROD09800,Product_09800,Beauty,Skincare,Nova,484.21,412,2.8
PROD09801,Product_09801,Electronics,Headphones,Nova,316.89,57,2.9
PROD09802,Product_09802,Electronics,Laptop,PrimeTech,420.38,450,3.2
PROD09803,Product_09803,Home,Chair,Vertex,784.1,152,3.2
PROD09804,Product_09804,Fashion,T-Shirt,Apex,252.87,26,3.9
PROD09805,Product_09805,Beauty,Haircare,Vertex,351.12,233,4.8
PROD09806,Product_09806,Fashion,Jeans,PrimeTech,277.64,94,2.7
PROD09807,Product_09807,Electronics,Smartphone,UrbanX,221.4,166,4.9
PROD09808,Product_09808,Sports,Sportswear,UrbanX,655.29,10,2.8
PROD09809,Product_09809,Beauty,Fragrance,Nova,1492.2,477,3.2
PROD09810,Product_09810,Books,Academic,Nova,248.06,167,3.4
PROD09811,Product_09811,Beauty,Skincare,UrbanX,474.56,313,3.8
PROD09812,Product_09812,Beauty,Fragrance,Vertex,164.64,225,4.8
PROD09813,Product_09813,Fashion,Jacket,Vertex,1381.27,379,3.9
PROD09814,Product_09814,Home,Chair,Nova,390.11,350,5.0
PROD09815,Product_09815,Home,Table,Vertex,1615.39,457,4.9
PROD09816,Product_09816,Beauty,Fragrance,UrbanX,579.97,63,4.4
PROD09817,Product_09817,Electronics,Smartwatch,Vertex,412.81,405,3.1
PROD09818,Product_09818,Books,Academic,Zenith,401.12,486,2.7
PROD09819,Product_09819,Home,Chair,PrimeTech,885.97,461,3.9
PROD09820,Product_09820,Sports,Running Gear,Nova,237.76,456,2.7
PROD09821,Product_09821,Electronics,Laptop,Nova,99.0,149,3.0
PROD09822,Product_09822,Sports,Sportswear,UrbanX,542.94,215,3.9
PROD09823,Product_09823,Beauty,Haircare,Apex,379.61,33,4.5
PROD09824,Product_09824,Electronics,Smartphone,Orion,1464.67,5,4.1
PROD09825,Product_09825,Home,Chair,Apex,1035.87,498,4.9
PROD09826,Product_09826,Electronics,Smartphone,Zenith,184.75,136,4.0
PROD09827,Product_09827,Sports,Fitness Equipment,Vertex,364.72,33,2.7
PROD09828,Product_09828,Books,Comics,Apex,660.22,202,2.7
PROD09829,Product_09829,Electronics,Smartphone,UrbanX,615.51,7,4.0
PROD09830,Product_09830,Books,Fiction,Vertex,2123.95,69,3.4
PROD09831,Product_09831,Sports,Outdoor Gear,Zenith,806.13,266,3.7
PROD09832,Product_09832,Fashion,Shoes,Apex,441.83,328,3.1
PROD09833,Product_09833,Electronics,Laptop,Apex,1968.51,21,3.8
PROD09834,Product_09834,Beauty,Haircare,Nova,738.82,77,4.8
PROD09835,Product_09835,Fashion,Shoes,Apex,838.85,473,4.4
PROD09836,Product_09836,Sports,Running Gear,Apex,697.67,222,2.6
PROD09837,Product_09837,Beauty,Haircare,Nova,764.53,410,3.6
PROD09838,Product_09838,Books,Fiction,Vertex,264.31,50,3.6
PROD09839,Product_09839,Books,Non-Fiction,Orion,783.62,277,4.2
PROD09840,Product_09840,Home,Lamp,UrbanX,485.76,480,4.4
PROD09841,Product_09841,Beauty,Haircare,Orion,294.3,404,2.7
PROD09842,Product_09842,Electronics,Headphones,Zenith,446.48,90,2.7
PROD09843,Product_09843,Electronics,Laptop,Vertex,685.94,130,3.4
PROD09844,Product_09844,Books,Academic,PrimeTech,361.54,470,4.3
PROD09845,Product_09845,Books,Non-Fiction,UrbanX,648.92,366,3.0
PROD09846,Product_09846,Beauty,Haircare,Nova,1425.88,304,4.1
PROD09847,Product_09847,Fashion,Jacket,Zenith,204.73,292,2.8
PROD09848,Product_09848,Fashion,T-Shirt,Zenith,175.21,249,3.2
PROD09849,Product_09849,Books,Academic,Nova,1615.98,43,4.9
PROD09850,Product_09850,Fashion,Jacket,Nova,658.91,329,2.6
PROD09851,Product_09851,Beauty,Fragrance,UrbanX,756.62,305,3.8
PROD09852,Product_09852,Fashion,Jacket,PrimeTech,182.09,333,2.7
PROD09853,Product_09853,Books,Fiction,Nova,352.94,213,4.6
PROD09854,Product_09854,Home,Kitchen Appliance,Orion,216.05,370,3.4
PROD09855,Product_09855,Electronics,Smartwatch,PrimeTech,564.4,96,5.0
PROD09856,Product_09856,Home,Kitchen Appliance,UrbanX,99.0,20,4.9
PROD09857,Product_09857,Electronics,Headphones,Orion,1751.62,338,4.7
PROD09858,Product_09858,Home,Kitchen Appliance,Orion,349.05,500,3.6
PROD09859,Product_09859,Home,Lamp,Zenith,707.12,349,2.8
PROD09860,Product_09860,Home,Chair,Vertex,376.26,81,4.2
PROD09861,Product_09861,Home,Chair,Nova,185.67,365,3.4
PROD09862,Product_09862,Home,Chair,Apex,745.08,52,2.7
PROD09863,Product_09863,Home,Chair,UrbanX,228.73,111,3.1
PROD09864,Product_09864,Fashion,Jacket,PrimeTech,393.55,498,2.7
PROD09865,Product_09865,Home,Kitchen Appliance,Vertex,141.58,448,4.2
PROD09866,Product_09866,Books,Academic,Orion,163.38,215,4.7
PROD09867,Product_09867,Electronics,Headphones,Apex,355.02,272,3.0
PROD09868,Product_09868,Fashion,Jacket,Zenith,1113.73,64,4.4
PROD09869,Product_09869,Beauty,Haircare,UrbanX,986.36,279,4.1
PROD09870,Product_09870,Electronics,Laptop,Orion,733.84,85,4.7
PROD09871,Product_09871,Sports,Running Gear,Nova,531.93,392,4.3
PROD09872,Product_09872,Fashion,Shoes,Zenith,794.28,238,2.8
PROD09873,Product_09873,Home,Kitchen Appliance,PrimeTech,1259.87,195,4.8
PROD09874,Product_09874,Beauty,Makeup,Vertex,978.98,281,4.2
PROD09875,Product_09875,Fashion,Shoes,Nova,425.68,169,3.9
PROD09876,Product_09876,Home,Chair,PrimeTech,233.02,31,4.1
PROD09877,Product_09877,Books,Fiction,Apex,1211.29,384,2.6
PROD09878,Product_09878,Books,Comics,Nova,791.66,236,4.7
PROD09879,Product_09879,Home,Table,UrbanX,556.54,494,4.8
PROD09880,Product_09880,Sports,Running Gear,Nova,530.07,473,4.0
PROD09881,Product_09881,Home,Lamp,Nova,1059.76,301,2.6
PROD09882,Product_09882,Books,Comics,Nova,766.28,305,3.2
PROD09883,Product_09883,Books,Academic,Apex,554.48,114,4.2
PROD09884,Product_09884,Home,Lamp,Nova,459.68,188,4.1
PROD09885,Product_09885,Electronics,Smartphone,PrimeTech,732.15,44,4.6
PROD09886,Product_09886,Electronics,Headphones,Zenith,1516.69,298,3.4
PROD09887,Product_09887,Electronics,Smartwatch,Apex,411.96,100,5.0
PROD09888,Product_09888,Beauty,Skincare,Apex,775.54,315,4.8
PROD09889,Product_09889,Home,Kitchen Appliance,Apex,307.34,150,3.3
PROD09890,Product_09890,Electronics,Laptop,Zenith,1105.76,250,3.9
PROD09891,Product_09891,Fashion,Jacket,UrbanX,948.49,145,3.3
PROD09892,Product_09892,Beauty,Fragrance,Vertex,286.33,162,2.6
PROD09893,Product_09893,Electronics,Smartwatch,Apex,257.27,35,4.4
PROD09894,Product_09894,Fashion,Shoes,Nova,1526.31,101,3.3
PROD09895,Product_09895,Beauty,Makeup,Nova,587.13,408,2.9
PROD09896,Product_09896,Electronics,Headphones,Orion,613.04,357,3.0
PROD09897,Product_09897,Beauty,Fragrance,PrimeTech,547.81,273,4.0
PROD09898,Product_09898,Electronics,Smartwatch,Zenith,554.54,488,2.9
PROD09899,Product_09899,Sports,Sportswear,Apex,992.8,410,2.8
PROD09900,Product_09900,Electronics,Smartwatch,Apex,282.89,308,4.9
PROD09901,Product_09901,Home,Lamp,Apex,1471.05,109,2.7
PROD09902,Product_09902,Sports,Fitness Equipment,Apex,584.21,34,2.6
PROD09903,Product_09903,Beauty,Skincare,Orion,657.33,32,4.2
PROD09904,Product_09904,Electronics,Laptop,UrbanX,2609.3,212,5.0
PROD09905,Product_09905,Electronics,Headphones,Vertex,220.6,367,4.1
PROD09906,Product_09906,Home,Chair,Orion,464.89,410,4.8
PROD09907,Product_09907,Books,Academic,Vertex,161.58,38,3.4
PROD09908,Product_09908,Books,Academic,Zenith,164.93,215,4.4
PROD09909,Product_09909,Books,Non-Fiction,PrimeTech,2862.93,26,4.2
PROD09910,Product_09910,Sports,Outdoor Gear,Vertex,257.52,65,4.7
PROD09911,Product_09911,Beauty,Makeup,Zenith,377.28,357,3.2
PROD09912,Product_09912,Fashion,Shoes,Vertex,1222.22,166,2.5
PROD09913,Product_09913,Home,Table,Zenith,633.31,393,4.6
PROD09914,Product_09914,Home,Table,UrbanX,392.82,399,3.5
PROD09915,Product_09915,Home,Kitchen Appliance,PrimeTech,345.46,411,2.9
PROD09916,Product_09916,Beauty,Skincare,UrbanX,612.38,228,3.2
PROD09917,Product_09917,Books,Comics,Nova,447.52,315,3.0
PROD09918,Product_09918,Electronics,Smartwatch,PrimeTech,455.17,299,2.7
PROD09919,Product_09919,Electronics,Smartwatch,PrimeTech,552.2,419,5.0
PROD09920,Product_09920,Beauty,Haircare,Orion,255.61,0,3.7
PROD09921,Product_09921,Electronics,Laptop,Orion,1241.16,373,2.7
PROD09922,Product_09922,Books,Academic,Zenith,330.63,104,2.8
PROD09923,Product_09923,Fashion,Shoes,Apex,900.34,196,5.0
PROD09924,Product_09924,Home,Chair,Vertex,1020.58,135,3.8
PROD09925,Product_09925,Home,Table,UrbanX,239.42,49,4.1
PROD09926,Product_09926,Beauty,Makeup,Vertex,273.78,79,3.7
PROD09927,Product_09927,Fashion,Jacket,Zenith,454.93,225,3.3
PROD09928,Product_09928,Electronics,Smartphone,UrbanX,382.82,142,3.2
PROD09929,Product_09929,Sports,Sportswear,Apex,547.36,103,3.7
PROD09930,Product_09930,Sports,Outdoor Gear,Nova,1105.68,153,3.3
PROD09931,Product_09931,Home,Lamp,UrbanX,721.29,470,2.6
PROD09932,Product_09932,Fashion,Jeans,Vertex,273.41,92,4.3
PROD09933,Product_09933,Home,Chair,Nova,258.85,490,3.3
PROD09934,Product_09934,Beauty,Skincare,Nova,212.64,284,3.4
PROD09935,Product_09935,Fashion,Jeans,Vertex,1385.9,75,4.7
PROD09936,Product_09936,Home,Kitchen Appliance,Nova,354.22,53,2.7
PROD09937,Product_09937,Books,Fiction,Nova,341.65,292,4.8
PROD09938,Product_09938,Home,Kitchen Appliance,Orion,168.5,196,4.5
PROD09939,Product_09939,Home,Lamp,UrbanX,322.75,347,3.9
PROD09940,Product_09940,Sports,Running Gear,Vertex,780.9,109,4.0
PROD09941,Product_09941,Books,Comics,Vertex,380.67,349,4.0
PROD09942,Product_09942,Books,Fiction,PrimeTech,202.96,15,4.1
PROD09943,Product_09943,Fashion,Jeans,Orion,334.12,32,3.6
PROD09944,Product_09944,Electronics,Headphones,PrimeTech,1318.54,270,4.3
PROD09945,Product_09945,Fashion,Jacket,Orion,688.15,112,4.1
PROD09946,Product_09946,Beauty,Fragrance,Nova,1053.3,320,4.0
PROD09947,Product_09947,Beauty,Makeup,UrbanX,209.15,280,4.8
PROD09948,Product_09948,Beauty,Haircare,Vertex,783.73,318,3.6
PROD09949,Product_09949,Sports,Outdoor Gear,Orion,163.18,170,5.0
PROD09950,Product_09950,Fashion,T-Shirt,Nova,1234.45,408,2.7
PROD09951,Product_09951,Books,Fiction,Orion,2590.9,478,5.0
PROD09952,Product_09952,Home,Table,UrbanX,1293.32,439,2.7
PROD09953,Product_09953,Books,Fiction,Orion,443.94,450,3.0
PROD09954,Product_09954,Sports,Sportswear,UrbanX,1594.28,238,3.1
PROD09955,Product_09955,Books,Academic,UrbanX,757.84,340,4.4
PROD09956,Product_09956,Electronics,Smartphone,Apex,421.14,470,3.9
PROD09957,Product_09957,Home,Lamp,Apex,463.56,206,2.7
PROD09958,Product_09958,Electronics,Smartwatch,Vertex,103.75,452,4.9
PROD09959,Product_09959,Home,Table,UrbanX,686.94,276,5.0
PROD09960,Product_09960,Fashion,Shoes,PrimeTech,217.22,265,3.0
PROD09961,Product_09961,Books,Comics,UrbanX,297.51,464,2.8
PROD09962,Product_09962,Sports,Fitness Equipment,PrimeTech,312.52,271,4.1
PROD09963,Product_09963,Sports,Sportswear,Vertex,410.23,279,3.4
PROD09964,Product_09964,Electronics,Smartwatch,Nova,764.1,270,3.4
PROD09965,Product_09965,Beauty,Haircare,UrbanX,301.83,90,3.7
PROD09966,Product_09966,Home,Lamp,Orion,829.31,354,4.6
PROD09967,Product_09967,Electronics,Smartphone,Apex,200.71,239,3.9
PROD09968,Product_09968,Beauty,Haircare,UrbanX,3493.67,270,2.9
PROD09969,Product_09969,Beauty,Makeup,Apex,3912.11,78,2.5
PROD09970,Product_09970,Home,Kitchen Appliance,Vertex,277.49,0,4.1
PROD09971,Product_09971,Books,Fiction,Vertex,267.53,493,3.0
PROD09972,Product_09972,Beauty,Fragrance,UrbanX,355.9,326,4.6
PROD09973,Product_09973,Fashion,Shoes,Nova,245.96,488,3.0
PROD09974,Product_09974,Home,Chair,Vertex,899.35,4,4.7
PROD09975,Product_09975,Home,Lamp,Nova,318.43,184,4.5
PROD09976,Product_09976,Fashion,T-Shirt,Apex,346.74,148,4.6
PROD09977,Product_09977,Beauty,Makeup,Vertex,826.97,361,4.1
PROD09978,Product_09978,Home,Table,Zenith,645.29,393,2.7
PROD09979,Product_09979,Fashion,Shoes,Nova,294.07,4,3.4
PROD09980,Product_09980,Home,Kitchen Appliance,Zenith,428.67,34,2.9
PROD09981,Product_09981,Fashion,Jacket,PrimeTech,226.59,153,3.2
PROD09982,Product_09982,Beauty,Skincare,Apex,1197.57,209,3.4
PROD09983,Product_09983,Beauty,Skincare,PrimeTech,181.32,491,2.7
PROD09984,Product_09984,Beauty,Makeup,Zenith,533.38,244,4.6
PROD09985,Product_09985,Sports,Outdoor Gear,Zenith,140.4,337,3.4
PROD09986,Product_09986,Sports,Fitness Equipment,PrimeTech,537.41,450,3.5
PROD09987,Product_09987,Home,Lamp,Apex,243.39,267,3.9
PROD09988,Product_09988,Electronics,Headphones,Zenith,365.74,458,4.6
PROD09989,Product_09989,Books,Comics,Apex,596.13,405,3.2
PROD09990,Product_09990,Beauty,Skincare,Apex,665.53,330,3.9
PROD09991,Product_09991,Fashion,Jacket,Zenith,292.56,429,4.3
PROD09992,Product_09992,Home,Chair,Vertex,712.3,324,4.3
PROD09993,Product_09993,Home,Lamp,Orion,2807.96,229,4.7
PROD09994,Product_09994,Home,Kitchen Appliance,Orion,531.6,113,4.5
PROD09995,Product_09995,Books,Non-Fiction,Vertex,1149.84,172,2.7
PROD09996,Product_09996,Beauty,Skincare,Orion,2460.83,367,3.5
PROD09997,Product_09997,Fashion,T-Shirt,Orion,933.99,183,2.9
PROD09998,Product_09998,Fashion,Jacket,Nova,1868.62,445,3.2
PROD09999,Product_09999,Beauty,Haircare,Orion,490.11,173,3.4
PROD10000,Product_10000,Beauty,Makeup,PrimeTech,173.92,13,2.6
